{"type":"FeatureCollection","features":[{"type":"Feature","properties":{},"geometry":{"type":"Polygon","coordinates":[[[77.5924191097875,12.979586148461896],[77.59255202819094,12.979723896666671],[77.59255135280125,12.97972450959693],[77.5924191097875,12.979586148461896]]]}},{"type":"Feature","properties":{},"geometry":{"type":"Polygon","coordinates":[[[77.5924191097875,12.979586148461896],[77.59175812961223,12.978894737408089],[77.59175880817048,12.978894127850658],[77.5924191097875,12.979586148461896]]]}},{"type":"Feature","properties":{},"geometry":{"type":"Polygon","coordinates":[[[77.5915828167773,12.978707451780403],[77.59157619264954,12.978699276610076],[77.59158349857438,12.978706845721783],[77.5915828167773,12.978707451780403]]]}},{"type":"Feature","properties":{},"geometry":{"type":"Polygon","coordinates":[[[77.59157619264954,12.978699276610076],[77.5908323182598,12.977939288414683],[77.59083298664348,12.977938668288482],[77.59157619264954,12.978699276610076]]]}},{"type":"Feature","properties":{},"geometry":{"type":"Polygon","coordinates":[[[77.59241978503633,12.979585535492681],[77.59255202819094,12.979723896666671],[77.5924191097875,12.979586148461896],[77.59241978503633,12.979585535492681]]]}},{"type":"Feature","properties":{},"geometry":{"type":"Polygon","coordinates":[[[77.59157619264954,12.978699276610076],[77.59157552430105,12.978699896803008],[77.5908323182598,12.977939288414683],[77.59157619264954,12.978699276610076]]]}},{"type":"Feature","properties":{},"geometry":{"type":"Polygon","coordinates":[[[77.59175880817048,12.978894127850658],[77.59241978503633,12.979585535492681],[77.5924191097875,12.979586148461896],[77.59175880817048,12.978894127850658]]]}},{"type":"Feature","properties":{},"geometry":{"type":"Polygon","coordinates":[[[77.59157619264954,12.978699276610076],[77.5915828167773,12.978707451780403],[77.59157552430105,12.978699896803008],[77.59157619264954,12.978699276610076]]]}},{"type":"Feature","properties":{},"geometry":{"type":"Polygon","coordinates":[[[77.5915828167773,12.978707451780403],[77.59175880817048,12.978894127850658],[77.59175812961223,12.978894737408089],[77.5915828167773,12.978707451780403]]]}},{"type":"Feature","properties":{},"geometry":{"type":"Polygon","coordinates":[[[77.59158349857438,12.978706845721783],[77.59175880817048,12.978894127850658],[77.5915828167773,12.978707451780403],[77.59158349857438,12.978706845721783]]]}},{"type":"Feature","properties":{},"geometry":{"type":"Polygon","coordinates":[[[77.59239547354332,12.979607602228953],[77.59252771543055,12.979745962112736],[77.59252704004086,12.979746575042958],[77.59239547354332,12.979607602228953]]]}},{"type":"Feature","properties":{},"geometry":{"type":"Polygon","coordinates":[[[77.59239479815363,12.979608215198114],[77.59173370081328,12.97891668092538],[77.59173437937142,12.978916071368003],[77.59239479815363,12.979608215198114]]]}},{"type":"Feature","properties":{},"geometry":{"type":"Polygon","coordinates":[[[77.59155827017935,12.97872927016414],[77.59155213090708,12.978721601975954],[77.59155895204691,12.978728664105574],[77.59155827017935,12.97872927016414]]]}},{"type":"Feature","properties":{},"geometry":{"type":"Polygon","coordinates":[[[77.59155146255858,12.978722222100208],[77.59080825653496,12.977961613780188],[77.59080892490988,12.977960993654042],[77.59155146255858,12.978722222100208]]]}},{"type":"Feature","properties":{},"geometry":{"type":"Polygon","coordinates":[[[77.59252704004086,12.979746575042958],[77.59239479815363,12.979608215198114],[77.59239547354332,12.979607602228953],[77.59252704004086,12.979746575042958]]]}},{"type":"Feature","properties":{},"geometry":{"type":"Polygon","coordinates":[[[77.59080892490988,12.977960993654042],[77.59155213090708,12.978721601975954],[77.59155146255858,12.978722222100208],[77.59080892490988,12.977960993654042]]]}},{"type":"Feature","properties":{},"geometry":{"type":"Polygon","coordinates":[[[77.59173437937142,12.978916071368003],[77.59239547354332,12.979607602228953],[77.59239479815363,12.979608215198114],[77.59173437937142,12.978916071368003]]]}},{"type":"Feature","properties":{},"geometry":{"type":"Polygon","coordinates":[[[77.59155213090708,12.978721601975954],[77.59155827017935,12.97872927016414],[77.59155146255858,12.978722222100208],[77.59155213090708,12.978721601975954]]]}},{"type":"Feature","properties":{},"geometry":{"type":"Polygon","coordinates":[[[77.59155827017935,12.97872927016414],[77.59173437937142,12.978916071368003],[77.59173370081328,12.97891668092538],[77.59155827017935,12.97872927016414]]]}},{"type":"Feature","properties":{},"geometry":{"type":"Polygon","coordinates":[[[77.59155895204691,12.978728664105574],[77.59173437937142,12.978916071368003],[77.59155827017935,12.97872927016414],[77.59155895204691,12.978728664105574]]]}},{"type":"Feature","properties":{},"geometry":{"type":"Polygon","coordinates":[[[77.5922110897717,12.979166501547097],[77.59265966510884,12.979629101776018],[77.59265899422553,12.979629719427935],[77.5922110897717,12.979166501547097]]]}},{"type":"Feature","properties":{},"geometry":{"type":"Polygon","coordinates":[[[77.5922110897717,12.979166501547097],[77.59096494421675,12.977874195464834],[77.5909656171068,12.977873580004175],[77.5922110897717,12.979166501547097]]]}},{"type":"Feature","properties":{},"geometry":{"type":"Polygon","coordinates":[[[77.59265899422553,12.979629719427935],[77.59221041790266,12.97916711817099],[77.5922110897717,12.979166501547097],[77.59265899422553,12.979629719427935]]]}},{"type":"Feature","properties":{},"geometry":{"type":"Polygon","coordinates":[[[77.5922110897717,12.979166501547097],[77.59221041790266,12.97916711817099],[77.59096494421675,12.977874195464834],[77.5922110897717,12.979166501547097]]]}},{"type":"Feature","properties":{},"geometry":{"type":"Polygon","coordinates":[[[77.59263484524297,12.979651955007675],[77.5921869031892,12.979188698427734],[77.59263551598542,12.979651337347224],[77.59263484524297,12.979651955007675]]]}},{"type":"Feature","properties":{},"geometry":{"type":"Polygon","coordinates":[[[77.5921869031892,12.979188698427734],[77.59094072017518,12.977896353557147],[77.59094139306524,12.977895738096546],[77.5921869031892,12.979188698427734]]]}},{"type":"Feature","properties":{},"geometry":{"type":"Polygon","coordinates":[[[77.59218623146091,12.979189314982934],[77.5921869031892,12.979188698427734],[77.59263484524297,12.979651955007675],[77.59218623146091,12.979189314982934]]]}},{"type":"Feature","properties":{},"geometry":{"type":"Polygon","coordinates":[[[77.5921869031892,12.979188698427734],[77.59218623146091,12.979189314982934],[77.59094072017518,12.977896353557147],[77.5921869031892,12.979188698427734]]]}},{"type":"Feature","properties":{},"geometry":{"type":"Polygon","coordinates":[[[77.59239547354332,12.979607602228953],[77.59239547354332,12.979607602194639],[77.5924191097875,12.979586148461896],[77.59239547354332,12.979607602228953]]]}},{"type":"Feature","properties":{},"geometry":{"type":"Polygon","coordinates":[[[77.59252771543055,12.979745962082726],[77.5925395340455,12.979735235857213],[77.59252771543055,12.979745962112736],[77.59252771543055,12.979745962082726]]]}},{"type":"Feature","properties":{},"geometry":{"type":"Polygon","coordinates":[[[77.59160736330472,12.978685633326142],[77.59178255841124,12.978872793888847],[77.59158349857438,12.978706845721783],[77.59160736330472,12.978685633326142]]]}},{"type":"Feature","properties":{},"geometry":{"type":"Polygon","coordinates":[[[77.59158349857438,12.978706845721783],[77.59159958604351,12.978677571435174],[77.59160736330472,12.978685633326142],[77.59158349857438,12.978706845721783]]]}},{"type":"Feature","properties":{},"geometry":{"type":"Polygon","coordinates":[[[77.59085637999345,12.977916963047175],[77.59083298664348,12.977938668288482],[77.59083257718146,12.97793904813123],[77.59085637999345,12.977916963047175]]]}},{"type":"Feature","properties":{},"geometry":{"type":"Polygon","coordinates":[[[77.59178255841124,12.978872793888847],[77.59244342128045,12.979564081723701],[77.59241978503633,12.979585535492681],[77.59178255841124,12.978872793888847]]]}},{"type":"Feature","properties":{},"geometry":{"type":"Polygon","coordinates":[[[77.59157552430105,12.978699896803008],[77.5915828167773,12.978707451780403],[77.59155895204691,12.978728664105574],[77.59157552430105,12.978699896803008]]]}},{"type":"Feature","properties":{},"geometry":{"type":"Polygon","coordinates":[[[77.59155895204691,12.978728664105574],[77.59155213090708,12.978721601975954],[77.59157552430105,12.978699896803008],[77.59155895204691,12.978728664105574]]]}},{"type":"Feature","properties":{},"geometry":{"type":"Polygon","coordinates":[[[77.59083231826861,12.977939288414683],[77.59081752595353,12.977953013252074],[77.5908323182598,12.977939288414683],[77.59083231826861,12.977939288414683]]]}},{"type":"Feature","properties":{},"geometry":{"type":"Polygon","coordinates":[[[77.59081752595353,12.977953013252074],[77.59080892490988,12.977960993654042],[77.59080870211824,12.977961200317027],[77.59081752595353,12.977953013252074]]]}},{"type":"Feature","properties":{},"geometry":{"type":"Polygon","coordinates":[[[77.5924191097875,12.979586148461896],[77.5925395340455,12.979735235857213],[77.59239547354332,12.979607602228953],[77.5924191097875,12.979586148461896]]]}},{"type":"Feature","properties":{},"geometry":{"type":"Polygon","coordinates":[[[77.59239547354332,12.979607602228953],[77.5925395340455,12.979735235857213],[77.59252771543055,12.979745962082726],[77.59239547354332,12.979607602228953]]]}},{"type":"Feature","properties":{},"geometry":{"type":"Polygon","coordinates":[[[77.59157619264954,12.978699276610076],[77.59085637999345,12.977916963047175],[77.59159958604351,12.978677571435174],[77.59157619264954,12.978699276610076]]]}},{"type":"Feature","properties":{},"geometry":{"type":"Polygon","coordinates":[[[77.59085637999345,12.977916963047175],[77.59157619264954,12.978699276610076],[77.59083298664348,12.977938668288482],[77.59085637999345,12.977916963047175]]]}},{"type":"Feature","properties":{},"geometry":{"type":"Polygon","coordinates":[[[77.5925756657025,12.979702444148957],[77.59255202819094,12.979723896666671],[77.59241978503633,12.979585535492681],[77.5925756657025,12.979702444148957]]]}},{"type":"Feature","properties":{},"geometry":{"type":"Polygon","coordinates":[[[77.59081752595353,12.977953013252074],[77.59083231826861,12.977939288414683],[77.59157552430105,12.978699896803008],[77.59081752595353,12.977953013252074]]]}},{"type":"Feature","properties":{},"geometry":{"type":"Polygon","coordinates":[[[77.59155213090708,12.978721601975954],[77.59080892490988,12.977960993654042],[77.59081752595353,12.977953013252074],[77.59155213090708,12.978721601975954]]]}},{"type":"Feature","properties":{},"geometry":{"type":"Polygon","coordinates":[[[77.59175812961223,12.978894737408089],[77.5924191097875,12.979586148461896],[77.59239547354332,12.979607602194639],[77.59175812961223,12.978894737408089]]]}},{"type":"Feature","properties":{},"geometry":{"type":"Polygon","coordinates":[[[77.59175880817048,12.978894127850658],[77.59158349857438,12.978706845721783],[77.59178255841124,12.978872793888847],[77.59175880817048,12.978894127850658]]]}},{"type":"Feature","properties":{},"geometry":{"type":"Polygon","coordinates":[[[77.59159958604351,12.978677571435174],[77.59158349857438,12.978706845721783],[77.59157619264954,12.978699276610076],[77.59159958604351,12.978677571435174]]]}},{"type":"Feature","properties":{},"geometry":{"type":"Polygon","coordinates":[[[77.5915828167773,12.978707451780403],[77.59175812961223,12.978894737408089],[77.59155895204691,12.978728664105574],[77.5915828167773,12.978707451780403]]]}},{"type":"Feature","properties":{},"geometry":{"type":"Polygon","coordinates":[[[77.59157552430105,12.978699896803008],[77.59155213090708,12.978721601975954],[77.59081752595353,12.977953013252074],[77.59157552430105,12.978699896803008]]]}},{"type":"Feature","properties":{},"geometry":{"type":"Polygon","coordinates":[[[77.5924191097875,12.979586148461896],[77.59255135280125,12.97972450959693],[77.5925395340455,12.979735235857213],[77.5924191097875,12.979586148461896]]]}},{"type":"Feature","properties":{},"geometry":{"type":"Polygon","coordinates":[[[77.59241978503633,12.979585535492681],[77.59175880817048,12.978894127850658],[77.59178255841124,12.978872793888847],[77.59241978503633,12.979585535492681]]]}},{"type":"Feature","properties":{},"geometry":{"type":"Polygon","coordinates":[[[77.59173437937142,12.978916071368003],[77.59155895204691,12.978728664105574],[77.59175812961223,12.978894737408089],[77.59173437937142,12.978916071368003]]]}},{"type":"Feature","properties":{},"geometry":{"type":"Polygon","coordinates":[[[77.59244342128045,12.979564081723701],[77.5925756657025,12.979702444148957],[77.59241978503633,12.979585535492681],[77.59244342128045,12.979564081723701]]]}},{"type":"Feature","properties":{},"geometry":{"type":"Polygon","coordinates":[[[77.59239547354332,12.979607602194639],[77.59173437937142,12.978916071368003],[77.59175812961223,12.978894737408089],[77.59239547354332,12.979607602194639]]]}},{"type":"Feature","properties":{},"geometry":{"type":"Polygon","coordinates":[[[77.5925395340455,12.979735235857213],[77.59255202819094,12.979723896666671],[77.5925756657025,12.979702444148957],[77.5925395340455,12.979735235857213]]]}},{"type":"Feature","properties":{},"geometry":{"type":"Polygon","coordinates":[[[77.59255202819094,12.979723896666671],[77.5925395340455,12.979735235857213],[77.59255135280125,12.97972450959693],[77.59255202819094,12.979723896666671]]]}},{"type":"Feature","properties":{},"geometry":{"type":"Polygon","coordinates":[[[77.59080825654377,12.977961613780188],[77.59152806916461,12.978743927271205],[77.5907848631806,12.977983319017596],[77.59080825654377,12.977961613780188]]]}},{"type":"Feature","properties":{},"geometry":{"type":"Polygon","coordinates":[[[77.59152806916461,12.978743927271205],[77.59153440544907,12.978750482487431],[77.59153404247638,12.978750782806483],[77.59152806916461,12.978743927271205]]]}},{"type":"Feature","properties":{},"geometry":{"type":"Polygon","coordinates":[[[77.59250340252925,12.97976802755686],[77.59237116190951,12.979629668963263],[77.59252704004086,12.979746575030104],[77.59250340252925,12.97976802755686]]]}},{"type":"Feature","properties":{},"geometry":{"type":"Polygon","coordinates":[[[77.59252704004086,12.979746575030104],[77.59252704004086,12.979746575042958],[77.59250340252925,12.97976802755686],[77.59252704004086,12.979746575030104]]]}},{"type":"Feature","properties":{},"geometry":{"type":"Polygon","coordinates":[[[77.59173370081328,12.97891668092538],[77.59239479815363,12.979608215198114],[77.59237116190951,12.979629668963263],[77.59173370081328,12.97891668092538]]]}},{"type":"Feature","properties":{},"geometry":{"type":"Polygon","coordinates":[[[77.59153440544907,12.978750482487431],[77.59155146255858,12.978722222100208],[77.59155827017935,12.97872927016414],[77.59153440544907,12.978750482487431]]]}},{"type":"Feature","properties":{},"geometry":{"type":"Polygon","coordinates":[[[77.5907848631806,12.977983319017596],[77.59080825653496,12.977961613780188],[77.59080825654377,12.977961613780188],[77.5907848631806,12.977983319017596]]]}},{"type":"Feature","properties":{},"geometry":{"type":"Polygon","coordinates":[[[77.59239479815363,12.979608215198114],[77.59252704004086,12.979746575030104],[77.59237116190951,12.979629668963263],[77.59239479815363,12.979608215198114]]]}},{"type":"Feature","properties":{},"geometry":{"type":"Polygon","coordinates":[[[77.59152806916461,12.978743927271205],[77.59080825654377,12.977961613780188],[77.59155146255858,12.978722222100208],[77.59152806916461,12.978743927271205]]]}},{"type":"Feature","properties":{},"geometry":{"type":"Polygon","coordinates":[[[77.59155146255858,12.978722222100208],[77.59153440544907,12.978750482487431],[77.59152806916461,12.978743927271205],[77.59155146255858,12.978722222100208]]]}},{"type":"Feature","properties":{},"geometry":{"type":"Polygon","coordinates":[[[77.59237116190951,12.979629668963263],[77.59170995057247,12.978938014883429],[77.59173370081328,12.97891668092538],[77.59237116190951,12.979629668963263]]]}},{"type":"Feature","properties":{},"geometry":{"type":"Polygon","coordinates":[[[77.59155827017935,12.97872927016414],[77.59173370081328,12.97891668092538],[77.59153440544907,12.978750482487431],[77.59155827017935,12.97872927016414]]]}},{"type":"Feature","properties":{},"geometry":{"type":"Polygon","coordinates":[[[77.59170995057247,12.978938014883429],[77.59153440544907,12.978750482487431],[77.59173370081328,12.97891668092538],[77.59170995057247,12.978938014883429]]]}},{"type":"Feature","properties":{},"geometry":{"type":"Polygon","coordinates":[[[77.59218623146091,12.979189314982934],[77.59216271674751,12.979210895237747],[77.59091716902367,12.977917896186923],[77.59218623146091,12.979189314982934]]]}},{"type":"Feature","properties":{},"geometry":{"type":"Polygon","coordinates":[[[77.59263484524297,12.979651954981932],[77.59263484524297,12.979651955007675],[77.5926113670028,12.979673572925009],[77.59263484524297,12.979651954981932]]]}},{"type":"Feature","properties":{},"geometry":{"type":"Polygon","coordinates":[[[77.5926113670028,12.979673572925009],[77.59218623146091,12.979189314982934],[77.59263484524297,12.979651954981932],[77.5926113670028,12.979673572925009]]]}},{"type":"Feature","properties":{},"geometry":{"type":"Polygon","coordinates":[[[77.59091716902367,12.977917896186923],[77.59094072017518,12.977896353557147],[77.5909407201928,12.977896353557147],[77.59091716902367,12.977917896186923]]]}},{"type":"Feature","properties":{},"geometry":{"type":"Polygon","coordinates":[[[77.5926113670028,12.979673572925009],[77.59216271674751,12.979210895237747],[77.59218623146091,12.979189314982934],[77.5926113670028,12.979673572925009]]]}},{"type":"Feature","properties":{},"geometry":{"type":"Polygon","coordinates":[[[77.5909407201928,12.977896353557147],[77.59218623146091,12.979189314982934],[77.59091716902367,12.977917896186923],[77.5909407201928,12.977896353557147]]]}},{"type":"Feature","properties":{},"geometry":{"type":"Polygon","coordinates":[[[77.59264503114986,12.979642576152223],[77.59265899422553,12.979629719410783],[77.59265899422553,12.979629719427935],[77.59264503114986,12.979642576152223]]]}},{"type":"Feature","properties":{},"geometry":{"type":"Polygon","coordinates":[[[77.59095316864102,12.977884966780913],[77.59094139306524,12.977895738096546],[77.59094116876855,12.977895943250072],[77.59095316864102,12.977884966780913]]]}},{"type":"Feature","properties":{},"geometry":{"type":"Polygon","coordinates":[[[77.59264503114986,12.979642576152223],[77.59263551598542,12.979651337347224],[77.5921869031892,12.979188698427734],[77.59264503114986,12.979642576152223]]]}},{"type":"Feature","properties":{},"geometry":{"type":"Polygon","coordinates":[[[77.59263551598542,12.979651337347224],[77.59264503114986,12.979642576152223],[77.59263532249383,12.97965151547448],[77.59263551598542,12.979651337347224]]]}},{"type":"Feature","properties":{},"geometry":{"type":"Polygon","coordinates":[[[77.59264503114986,12.979642576152223],[77.59221041790266,12.97916711817099],[77.59265899422553,12.979629719410783],[77.59264503114986,12.979642576152223]]]}},{"type":"Feature","properties":{},"geometry":{"type":"Polygon","coordinates":[[[77.59096494421675,12.977874195464834],[77.59221041790266,12.97916711817099],[77.59095316864102,12.977884966780913],[77.59096494421675,12.977874195464834]]]}},{"type":"Feature","properties":{},"geometry":{"type":"Polygon","coordinates":[[[77.5921869031892,12.979188698427734],[77.59094139306524,12.977895738096546],[77.59095316864102,12.977884966780913],[77.5921869031892,12.979188698427734]]]}},{"type":"Feature","properties":{},"geometry":{"type":"Polygon","coordinates":[[[77.5921869031892,12.979188698427734],[77.59221041790266,12.97916711817099],[77.59264503114986,12.979642576152223],[77.5921869031892,12.979188698427734]]]}},{"type":"Feature","properties":{},"geometry":{"type":"Polygon","coordinates":[[[77.5921869031892,12.979188698427734],[77.59095316864102,12.977884966780913],[77.59221041790266,12.97916711817099],[77.5921869031892,12.979188698427734]]]}},{"type":"Feature","properties":{},"geometry":{"type":"Polygon","coordinates":[[[77.59265966510884,12.979629101724568],[77.59223460448516,12.979144921288444],[77.5926831432082,12.979607483837663],[77.59265966510884,12.979629101724568]]]}},{"type":"Feature","properties":{},"geometry":{"type":"Polygon","coordinates":[[[77.59098916825832,12.977852037370539],[77.5909656171068,12.977873580004175],[77.59096516851349,12.977873990311284],[77.59098916825832,12.977852037370539]]]}},{"type":"Feature","properties":{},"geometry":{"type":"Polygon","coordinates":[[[77.59223460448516,12.979144921288444],[77.59265966510884,12.979629101724568],[77.5922110897717,12.979166501547097],[77.59223460448516,12.979144921288444]]]}},{"type":"Feature","properties":{},"geometry":{"type":"Polygon","coordinates":[[[77.5926831432082,12.979607483837663],[77.59265966510884,12.979629101776018],[77.59265966510884,12.979629101724568],[77.5926831432082,12.979607483837663]]]}},{"type":"Feature","properties":{},"geometry":{"type":"Polygon","coordinates":[[[77.59223460448516,12.979144921288444],[77.5909656171068,12.977873580004175],[77.59098916825832,12.977852037370539],[77.59223460448516,12.979144921288444]]]}},{"type":"Feature","properties":{},"geometry":{"type":"Polygon","coordinates":[[[77.5922110897717,12.979166501547097],[77.5909656171068,12.977873580004175],[77.59223460448516,12.979144921288444],[77.5922110897717,12.979166501547097]]]}},{"type":"Feature","properties":{},"geometry":{"type":"Polygon","coordinates":[[[77.59129425256612,12.979127296903679],[77.5912963582652,12.979125545148161],[77.59130235065857,12.97913238482335],[77.59129425256612,12.979127296903679]]]}},{"type":"Feature","properties":{},"geometry":{"type":"Polygon","coordinates":[[[77.59129425256612,12.979127296903679],[77.59130235065857,12.97913238482335],[77.59130024495948,12.979134136578816],[77.59129425256612,12.979127296903679]]]}},{"type":"Feature","properties":{},"geometry":{"type":"Polygon","coordinates":[[[77.59129214686703,12.979129048727808],[77.59129425256612,12.979127296903679],[77.59130024495948,12.979134136578816],[77.59129214686703,12.979129048727808]]]}},{"type":"Feature","properties":{},"geometry":{"type":"Polygon","coordinates":[[[77.59129214686703,12.979129048727808],[77.59130024495948,12.979134136578816],[77.5912981392604,12.97913588840288],[77.59129214686703,12.979129048727808]]]}},{"type":"Feature","properties":{},"geometry":{"type":"Polygon","coordinates":[[[77.5912900412032,12.979130800483299],[77.59129214686703,12.979129048727808],[77.5912981392604,12.97913588840288],[77.5912900412032,12.979130800483299]]]}},{"type":"Feature","properties":{},"geometry":{"type":"Polygon","coordinates":[[[77.5912900412032,12.979130800483299],[77.5912981392604,12.97913588840288],[77.59129603356132,12.979137640158322],[77.5912900412032,12.979130800483299]]]}},{"type":"Feature","properties":{},"geometry":{"type":"Polygon","coordinates":[[[77.59128793550406,12.979132552307385],[77.5912900412032,12.979130800483299],[77.59129603356132,12.979137640158322],[77.59128793550406,12.979132552307385]]]}},{"type":"Feature","properties":{},"geometry":{"type":"Polygon","coordinates":[[[77.59128793550406,12.979132552307385],[77.59129603356132,12.979137640158322],[77.59129392786224,12.979139391913774],[77.59128793550406,12.979132552307385]]]}},{"type":"Feature","properties":{},"geometry":{"type":"Polygon","coordinates":[[[77.59128582980503,12.979134304062853],[77.59128793550406,12.979132552307385],[77.59129392786224,12.979139391913774],[77.59128582980503,12.979134304062853]]]}},{"type":"Feature","properties":{},"geometry":{"type":"Polygon","coordinates":[[[77.59128582980503,12.979134304062853],[77.59129392786224,12.979139391913774],[77.59129182216316,12.979141143737799],[77.59128582980503,12.979134304062853]]]}},{"type":"Feature","properties":{},"geometry":{"type":"Polygon","coordinates":[[[77.59128372410595,12.979136055886935],[77.59128582980503,12.979134304062853],[77.59129182216316,12.979141143737799],[77.59128372410595,12.979136055886935]]]}},{"type":"Feature","properties":{},"geometry":{"type":"Polygon","coordinates":[[[77.59128372410595,12.979136055886935],[77.59129182216316,12.979141143737799],[77.59128971646408,12.97914289549321],[77.59128372410595,12.979136055886935]]]}},{"type":"Feature","properties":{},"geometry":{"type":"Polygon","coordinates":[[[77.59128161840687,12.979137807642378],[77.59128372410595,12.979136055886935],[77.59128971646408,12.97914289549321],[77.59128161840687,12.979137807642378]]]}},{"type":"Feature","properties":{},"geometry":{"type":"Polygon","coordinates":[[[77.59128161840687,12.979137807642378],[77.59128971646408,12.97914289549321],[77.59128761080024,12.979144647317208],[77.59128161840687,12.979137807642378]]]}},{"type":"Feature","properties":{},"geometry":{"type":"Polygon","coordinates":[[[77.59127951270779,12.979139559397808],[77.59128161840687,12.979137807642378],[77.59128761080024,12.979144647317208],[77.59127951270779,12.979139559397808]]]}},{"type":"Feature","properties":{},"geometry":{"type":"Polygon","coordinates":[[[77.59127951270779,12.979139559397808],[77.59128761080024,12.979144647317208],[77.59128550510115,12.97914639907259],[77.59127951270779,12.979139559397808]]]}},{"type":"Feature","properties":{},"geometry":{"type":"Polygon","coordinates":[[[77.5912774070087,12.979141311221833],[77.59127951270779,12.979139559397808],[77.59128550510115,12.97914639907259],[77.5912774070087,12.979141311221833]]]}},{"type":"Feature","properties":{},"geometry":{"type":"Polygon","coordinates":[[[77.5912774070087,12.979141311221833],[77.59128550510115,12.97914639907259],[77.59128339940207,12.979148150896584],[77.5912774070087,12.979141311221833]]]}},{"type":"Feature","properties":{},"geometry":{"type":"Polygon","coordinates":[[[77.59127530134487,12.979143062977238],[77.5912774070087,12.979141311221833],[77.59128339940207,12.979148150896584],[77.59127530134487,12.979143062977238]]]}},{"type":"Feature","properties":{},"geometry":{"type":"Polygon","coordinates":[[[77.59127530134487,12.979143062977238],[77.59128339940207,12.979148150896584],[77.59128129370299,12.979149902651942],[77.59127530134487,12.979143062977238]]]}},{"type":"Feature","properties":{},"geometry":{"type":"Polygon","coordinates":[[[77.59127319564578,12.979144814801256],[77.59127530134487,12.979143062977238],[77.59128129370299,12.979149902651942],[77.59127319564578,12.979144814801256]]]}},{"type":"Feature","properties":{},"geometry":{"type":"Polygon","coordinates":[[[77.59127319564578,12.979144814801256],[77.59128129370299,12.979149902651942],[77.59127918800391,12.979151654407287],[77.59127319564578,12.979144814801256]]]}},{"type":"Feature","properties":{},"geometry":{"type":"Polygon","coordinates":[[[77.5912710899467,12.979146566556638],[77.59127319564578,12.979144814801256],[77.59127918800391,12.979151654407287],[77.5912710899467,12.979146566556638]]]}},{"type":"Feature","properties":{},"geometry":{"type":"Polygon","coordinates":[[[77.5912710899467,12.979146566556638],[77.59127918800391,12.979151654407287],[77.59127708230488,12.979153406231225],[77.5912710899467,12.979146566556638]]]}},{"type":"Feature","properties":{},"geometry":{"type":"Polygon","coordinates":[[[77.59126898424762,12.979148318312006],[77.5912710899467,12.979146566556638],[77.59127708230488,12.979153406231225],[77.59126898424762,12.979148318312006]]]}},{"type":"Feature","properties":{},"geometry":{"type":"Polygon","coordinates":[[[77.59126898424762,12.979148318312006],[77.59127708230488,12.979153406231225],[77.59127497660575,12.979155157986545],[77.59126898424762,12.979148318312006]]]}},{"type":"Feature","properties":{},"geometry":{"type":"Polygon","coordinates":[[[77.59126687854854,12.979150070135967],[77.59126898424762,12.979148318312006],[77.59127497660575,12.979155157986545],[77.59126687854854,12.979150070135967]]]}},{"type":"Feature","properties":{},"geometry":{"type":"Polygon","coordinates":[[[77.59126687854854,12.979150070135967],[77.59127497660575,12.979155157986545],[77.5912728709419,12.979156909810477],[77.59126687854854,12.979150070135967]]]}},{"type":"Feature","properties":{},"geometry":{"type":"Polygon","coordinates":[[[77.59126477284951,12.979151821891312],[77.59126687854854,12.979150070135967],[77.5912728709419,12.979156909810477],[77.59126477284951,12.979151821891312]]]}},{"type":"Feature","properties":{},"geometry":{"type":"Polygon","coordinates":[[[77.59126477284951,12.979151821891312],[77.5912728709419,12.979156909810477],[77.59127076524283,12.979158661565775],[77.59126477284951,12.979151821891312]]]}},{"type":"Feature","properties":{},"geometry":{"type":"Polygon","coordinates":[[[77.59126266715037,12.979153573715271],[77.59126477284951,12.979151821891312],[77.59127076524283,12.979158661565775],[77.59126266715037,12.979153573715271]]]}},{"type":"Feature","properties":{},"geometry":{"type":"Polygon","coordinates":[[[77.59126266715037,12.979153573715271],[77.59127076524283,12.979158661565775],[77.5912686595438,12.979160413389666],[77.59126266715037,12.979153573715271]]]}},{"type":"Feature","properties":{},"geometry":{"type":"Polygon","coordinates":[[[77.59126056145135,12.979155325470586],[77.59126266715037,12.979153573715271],[77.5912686595438,12.979160413389666],[77.59126056145135,12.979155325470586]]]}},{"type":"Feature","properties":{},"geometry":{"type":"Polygon","coordinates":[[[77.59126056145135,12.979155325470586],[77.5912686595438,12.979160413389666],[77.59126655384466,12.979162165144935],[77.59126056145135,12.979155325470586]]]}},{"type":"Feature","properties":{},"geometry":{"type":"Polygon","coordinates":[[[77.59125845578745,12.979157077294499],[77.59126056145135,12.979155325470586],[77.59126655384466,12.979162165144935],[77.59125845578745,12.979157077294499]]]}},{"type":"Feature","properties":{},"geometry":{"type":"Polygon","coordinates":[[[77.59125845578745,12.979157077294499],[77.59126655384466,12.979162165144935],[77.59126444814564,12.979163916900196],[77.59125845578745,12.979157077294499]]]}},{"type":"Feature","properties":{},"geometry":{"type":"Polygon","coordinates":[[[77.59125635008837,12.979158829049794],[77.59125845578745,12.979157077294499],[77.59126444814564,12.979163916900196],[77.59125635008837,12.979158829049794]]]}},{"type":"Feature","properties":{},"geometry":{"type":"Polygon","coordinates":[[[77.59125635008837,12.979158829049794],[77.59126444814564,12.979163916900196],[77.59126234244656,12.979165668724066],[77.59125635008837,12.979158829049794]]]}},{"type":"Feature","properties":{},"geometry":{"type":"Polygon","coordinates":[[[77.59125424438929,12.979160580805077],[77.59125635008837,12.979158829049794],[77.59126234244656,12.979165668724066],[77.59125424438929,12.979160580805077]]]}},{"type":"Feature","properties":{},"geometry":{"type":"Polygon","coordinates":[[[77.59125424438929,12.979160580805077],[77.59126234244656,12.979165668724066],[77.59126023674747,12.979167420479301],[77.59125424438929,12.979160580805077]]]}},{"type":"Feature","properties":{},"geometry":{"type":"Polygon","coordinates":[[[77.59125213869027,12.97916233262897],[77.59125424438929,12.979160580805077],[77.59126023674747,12.979167420479301],[77.59125213869027,12.97916233262897]]]}},{"type":"Feature","properties":{},"geometry":{"type":"Polygon","coordinates":[[[77.59125213869027,12.97916233262897],[77.59126023674747,12.979167420479301],[77.59125813104839,12.979169172303127],[77.59125213869027,12.97916233262897]]]}},{"type":"Feature","properties":{},"geometry":{"type":"Polygon","coordinates":[[[77.59125003299113,12.97916408438423],[77.59125213869027,12.97916233262897],[77.59125813104839,12.979169172303127],[77.59125003299113,12.97916408438423]]]}},{"type":"Feature","properties":{},"geometry":{"type":"Polygon","coordinates":[[[77.59125003299113,12.97916408438423],[77.59125813104839,12.979169172303127],[77.59125602538455,12.979170924058337],[77.59125003299113,12.97916408438423]]]}},{"type":"Feature","properties":{},"geometry":{"type":"Polygon","coordinates":[[[77.5912479272921,12.979165836208082],[77.59125003299113,12.97916408438423],[77.59125602538455,12.979170924058337],[77.5912479272921,12.979165836208082]]]}},{"type":"Feature","properties":{},"geometry":{"type":"Polygon","coordinates":[[[77.5912479272921,12.979165836208082],[77.59125602538455,12.979170924058337],[77.59125391968541,12.979172675813537],[77.5912479272921,12.979165836208082]]]}},{"type":"Feature","properties":{},"geometry":{"type":"Polygon","coordinates":[[[77.59124582159302,12.979167587963314],[77.5912479272921,12.979165836208082],[77.59125391968541,12.979172675813537],[77.59124582159302,12.979167587963314]]]}},{"type":"Feature","properties":{},"geometry":{"type":"Polygon","coordinates":[[[77.59124582159302,12.979167587963314],[77.59125391968541,12.979172675813537],[77.59125181398639,12.979174427637346],[77.59124582159302,12.979167587963314]]]}},{"type":"Feature","properties":{},"geometry":{"type":"Polygon","coordinates":[[[77.59124371592918,12.979169339787163],[77.59124582159302,12.979167587963314],[77.59125181398639,12.979174427637346],[77.59124371592918,12.979169339787163]]]}},{"type":"Feature","properties":{},"geometry":{"type":"Polygon","coordinates":[[[77.59124371592918,12.979169339787163],[77.59125181398639,12.979174427637346],[77.59124970828731,12.979176179392518],[77.59124371592918,12.979169339787163]]]}},{"type":"Feature","properties":{},"geometry":{"type":"Polygon","coordinates":[[[77.59124161023004,12.979171091542366],[77.59124371592918,12.979169339787163],[77.59124970828731,12.979176179392518],[77.59124161023004,12.979171091542366]]]}},{"type":"Feature","properties":{},"geometry":{"type":"Polygon","coordinates":[[[77.59124161023004,12.979171091542366],[77.59124970828731,12.979176179392518],[77.59124760258823,12.979177931216286],[77.59124161023004,12.979171091542366]]]}},{"type":"Feature","properties":{},"geometry":{"type":"Polygon","coordinates":[[[77.59123950453102,12.979172843297563],[77.59124161023004,12.979171091542366],[77.59124760258823,12.979177931216286],[77.59123950453102,12.979172843297563]]]}},{"type":"Feature","properties":{},"geometry":{"type":"Polygon","coordinates":[[[77.59123950453102,12.979172843297563],[77.59124760258823,12.979177931216286],[77.59124549688914,12.979179682971429],[77.59123950453102,12.979172843297563]]]}},{"type":"Feature","properties":{},"geometry":{"type":"Polygon","coordinates":[[[77.59123739883194,12.979174595121354],[77.59123950453102,12.979172843297563],[77.59124549688914,12.979179682971429],[77.59123739883194,12.979174595121354]]]}},{"type":"Feature","properties":{},"geometry":{"type":"Polygon","coordinates":[[[77.59123739883194,12.979174595121354],[77.59124549688914,12.979179682971429],[77.59124339119006,12.979181434795194],[77.59123739883194,12.979174595121354]]]}},{"type":"Feature","properties":{},"geometry":{"type":"Polygon","coordinates":[[[77.59123529313285,12.979176346876526],[77.59123739883194,12.979174595121354],[77.59124339119006,12.979181434795194],[77.59123529313285,12.979176346876526]]]}},{"type":"Feature","properties":{},"geometry":{"type":"Polygon","coordinates":[[[77.59123529313285,12.979176346876526],[77.59124339119006,12.979181434795194],[77.59124128552622,12.979183186550316],[77.59123529313285,12.979176346876526]]]}},{"type":"Feature","properties":{},"geometry":{"type":"Polygon","coordinates":[[[77.59123318743377,12.979178098700308],[77.59123529313285,12.979176346876526],[77.59124128552622,12.979183186550316],[77.59123318743377,12.979178098700308]]]}},{"type":"Feature","properties":{},"geometry":{"type":"Polygon","coordinates":[[[77.59123318743377,12.979178098700308],[77.59124128552622,12.979183186550316],[77.59123917982714,12.979184938305426],[77.59123318743377,12.979178098700308]]]}},{"type":"Feature","properties":{},"geometry":{"type":"Polygon","coordinates":[[[77.59123108173469,12.979179850455456],[77.59123318743377,12.979178098700308],[77.59123917982714,12.979184938305426],[77.59123108173469,12.979179850455456]]]}},{"type":"Feature","properties":{},"geometry":{"type":"Polygon","coordinates":[[[77.59123108173469,12.979179850455456],[77.59123917982714,12.979184938305426],[77.59123707412806,12.979186690129133],[77.59123108173469,12.979179850455456]]]}},{"type":"Feature","properties":{},"geometry":{"type":"Polygon","coordinates":[[[77.59122897603561,12.979181602210591],[77.59123108173469,12.979179850455456],[77.59123707412806,12.979186690129133],[77.59122897603561,12.979181602210591]]]}},{"type":"Feature","properties":{},"geometry":{"type":"Polygon","coordinates":[[[77.59122897603561,12.979181602210591],[77.59123707412806,12.979186690129133],[77.59123496842898,12.979188441884217],[77.59122897603561,12.979181602210591]]]}},{"type":"Feature","properties":{},"geometry":{"type":"Polygon","coordinates":[[[77.59122687037177,12.979183354034317],[77.59122897603561,12.979181602210591],[77.59123496842898,12.979188441884217],[77.59122687037177,12.979183354034317]]]}},{"type":"Feature","properties":{},"geometry":{"type":"Polygon","coordinates":[[[77.59122687037177,12.979183354034317],[77.59123496842898,12.979188441884217],[77.5912328627299,12.979190193707915],[77.59122687037177,12.979183354034317]]]}},{"type":"Feature","properties":{},"geometry":{"type":"Polygon","coordinates":[[[77.59122476467269,12.979185105789428],[77.59122687037177,12.979183354034317],[77.5912328627299,12.979190193707915],[77.59122476467269,12.979185105789428]]]}},{"type":"Feature","properties":{},"geometry":{"type":"Polygon","coordinates":[[[77.59122476467269,12.979185105789428],[77.5912328627299,12.979190193707915],[77.59123075703087,12.97919194546298],[77.59122476467269,12.979185105789428]]]}},{"type":"Feature","properties":{},"geometry":{"type":"Polygon","coordinates":[[[77.5912226589736,12.979186857613149],[77.59122476467269,12.979185105789428],[77.59123075703087,12.97919194546298],[77.5912226589736,12.979186857613149]]]}},{"type":"Feature","properties":{},"geometry":{"type":"Polygon","coordinates":[[[77.5912226589736,12.979186857613149],[77.59123075703087,12.97919194546298],[77.59122865133173,12.979193697286632],[77.5912226589736,12.979186857613149]]]}},{"type":"Feature","properties":{},"geometry":{"type":"Polygon","coordinates":[[[77.59122055327452,12.979188609368235],[77.5912226589736,12.979186857613149],[77.59122865133173,12.979193697286632],[77.59122055327452,12.979188609368235]]]}},{"type":"Feature","properties":{},"geometry":{"type":"Polygon","coordinates":[[[77.59122055327452,12.979188609368235],[77.59122865133173,12.979193697286632],[77.59122654563271,12.979195449041665],[77.59122055327452,12.979188609368235]]]}},{"type":"Feature","properties":{},"geometry":{"type":"Polygon","coordinates":[[[77.59121844757544,12.979190361191913],[77.59122055327452,12.979188609368235],[77.59122654563271,12.979195449041665],[77.59121844757544,12.979190361191913]]]}},{"type":"Feature","properties":{},"geometry":{"type":"Polygon","coordinates":[[[77.59121844757544,12.979190361191913],[77.59122654563271,12.979195449041665],[77.59122443996881,12.979197200796692],[77.59121844757544,12.979190361191913]]]}},{"type":"Feature","properties":{},"geometry":{"type":"Polygon","coordinates":[[[77.59121634187636,12.979192112946972],[77.59121844757544,12.979190361191913],[77.59122443996881,12.979197200796692],[77.59121634187636,12.979192112946972]]]}},{"type":"Feature","properties":{},"geometry":{"type":"Polygon","coordinates":[[[77.59121634187636,12.979192112946972],[77.59122443996881,12.979197200796692],[77.59122233426973,12.97919895262033],[77.59121634187636,12.979192112946972]]]}},{"type":"Feature","properties":{},"geometry":{"type":"Polygon","coordinates":[[[77.59121423617734,12.979193864702022],[77.59121634187636,12.979192112946972],[77.59122233426973,12.97919895262033],[77.59121423617734,12.979193864702022]]]}},{"type":"Feature","properties":{},"geometry":{"type":"Polygon","coordinates":[[[77.59121423617734,12.979193864702022],[77.59122233426973,12.97919895262033],[77.59122022857065,12.97920070437533],[77.59121423617734,12.979193864702022]]]}},{"type":"Feature","properties":{},"geometry":{"type":"Polygon","coordinates":[[[77.59121213051344,12.979195616525681],[77.59121423617734,12.979193864702022],[77.59122022857065,12.97920070437533],[77.59121213051344,12.979195616525681]]]}},{"type":"Feature","properties":{},"geometry":{"type":"Polygon","coordinates":[[[77.59121213051344,12.979195616525681],[77.59122022857065,12.97920070437533],[77.59121812287162,12.97920245619892],[77.59121213051344,12.979195616525681]]]}},{"type":"Feature","properties":{},"geometry":{"type":"Polygon","coordinates":[[[77.59121002481436,12.979197368280705],[77.59121213051344,12.979195616525681],[77.59121812287162,12.97920245619892],[77.59121002481436,12.979197368280705]]]}},{"type":"Feature","properties":{},"geometry":{"type":"Polygon","coordinates":[[[77.59121002481436,12.979197368280705],[77.59121812287162,12.97920245619892],[77.59121601717248,12.979204207953899],[77.59121002481436,12.979197368280705]]]}},{"type":"Feature","properties":{},"geometry":{"type":"Polygon","coordinates":[[[77.59120791911528,12.979199120104322],[77.59121002481436,12.979197368280705],[77.59121601717248,12.979204207953899],[77.59120791911528,12.979199120104322]]]}},{"type":"Feature","properties":{},"geometry":{"type":"Polygon","coordinates":[[[77.59120791911528,12.979199120104322],[77.59121601717248,12.979204207953899],[77.59121391147346,12.97920595970886],[77.59120791911528,12.979199120104322]]]}},{"type":"Feature","properties":{},"geometry":{"type":"Polygon","coordinates":[[[77.59120581341625,12.979200871859318],[77.59120791911528,12.979199120104322],[77.59121391147346,12.97920595970886],[77.59120581341625,12.979200871859318]]]}},{"type":"Feature","properties":{},"geometry":{"type":"Polygon","coordinates":[[[77.59120581341625,12.979200871859318],[77.59121391147346,12.97920595970886],[77.59121180577438,12.979207711532435],[77.59120581341625,12.979200871859318]]]}},{"type":"Feature","properties":{},"geometry":{"type":"Polygon","coordinates":[[[77.59120370771711,12.97920262368291],[77.59120581341625,12.979200871859318],[77.59121180577438,12.979207711532435],[77.59120370771711,12.97920262368291]]]}},{"type":"Feature","properties":{},"geometry":{"type":"Polygon","coordinates":[[[77.59120370771711,12.97920262368291],[77.59121180577438,12.979207711532435],[77.59120970011054,12.979209463287372],[77.59120370771711,12.97920262368291]]]}},{"type":"Feature","properties":{},"geometry":{"type":"Polygon","coordinates":[[[77.59120160201809,12.979204375437885],[77.59120370771711,12.97920262368291],[77.59120970011054,12.979209463287372],[77.59120160201809,12.979204375437885]]]}},{"type":"Feature","properties":{},"geometry":{"type":"Polygon","coordinates":[[[77.59120160201809,12.979204375437885],[77.59120970011054,12.979209463287372],[77.5912075944114,12.979211215110904],[77.59120160201809,12.979204375437885]]]}},{"type":"Feature","properties":{},"geometry":{"type":"Polygon","coordinates":[[[77.591199496319,12.97920612719285],[77.59120160201809,12.979204375437885],[77.5912075944114,12.979211215110904],[77.591199496319,12.97920612719285]]]}},{"type":"Feature","properties":{},"geometry":{"type":"Polygon","coordinates":[[[77.591199496319,12.97920612719285],[77.5912075944114,12.979211215110904],[77.59120548871238,12.979212966865816],[77.591199496319,12.97920612719285]]]}},{"type":"Feature","properties":{},"geometry":{"type":"Polygon","coordinates":[[[77.59119739065511,12.979207879016421],[77.591199496319,12.97920612719285],[77.59120548871238,12.979212966865816],[77.59119739065511,12.979207879016421]]]}},{"type":"Feature","properties":{},"geometry":{"type":"Polygon","coordinates":[[[77.59119739065511,12.979207879016421],[77.59120548871238,12.979212966865816],[77.5912033830133,12.979214718689343],[77.59119739065511,12.979207879016421]]]}},{"type":"Feature","properties":{},"geometry":{"type":"Polygon","coordinates":[[[77.59119528495603,12.97920963077136],[77.59119739065511,12.979207879016421],[77.5912033830133,12.979214718689343],[77.59119528495603,12.97920963077136]]]}},{"type":"Feature","properties":{},"geometry":{"type":"Polygon","coordinates":[[[77.59119528495603,12.97920963077136],[77.5912033830133,12.979214718689343],[77.59120127731421,12.979216470444232],[77.59119528495603,12.97920963077136]]]}},{"type":"Feature","properties":{},"geometry":{"type":"Polygon","coordinates":[[[77.59119317925695,12.979211382594888],[77.59119528495603,12.97920963077136],[77.59120127731421,12.979216470444232],[77.59119317925695,12.979211382594888]]]}},{"type":"Feature","properties":{},"geometry":{"type":"Polygon","coordinates":[[[77.59119317925695,12.979211382594888],[77.59120127731421,12.979216470444232],[77.59119917161513,12.97921822219911],[77.59119317925695,12.979211382594888]]]}},{"type":"Feature","properties":{},"geometry":{"type":"Polygon","coordinates":[[[77.59119107355792,12.979213134349799],[77.59119317925695,12.979211382594888],[77.59119917161513,12.97921822219911],[77.59119107355792,12.979213134349799]]]}},{"type":"Feature","properties":{},"geometry":{"type":"Polygon","coordinates":[[[77.59119107355792,12.979213134349799],[77.59119917161513,12.97921822219911],[77.59119706591605,12.979219974022579],[77.59119107355792,12.979213134349799]]]}},{"type":"Feature","properties":{},"geometry":{"type":"Polygon","coordinates":[[[77.59118896785878,12.9792148861047],[77.59119107355792,12.979213134349799],[77.59119706591605,12.979219974022579],[77.59118896785878,12.9792148861047]]]}},{"type":"Feature","properties":{},"geometry":{"type":"Polygon","coordinates":[[[77.59118896785878,12.9792148861047],[77.59119706591605,12.979219974022579],[77.59119496025221,12.979221725811742],[77.59118896785878,12.9792148861047]]]}},{"type":"Feature","properties":{},"geometry":{"type":"Polygon","coordinates":[[[77.59118686215976,12.97921663792821],[77.59118896785878,12.9792148861047],[77.59119496025221,12.979221725811742],[77.59118686215976,12.97921663792821]]]}},{"type":"Feature","properties":{},"geometry":{"type":"Polygon","coordinates":[[[77.59118686215976,12.97921663792821],[77.59119496025221,12.979221725811742],[77.59119285455313,12.979223477566583],[77.59118686215976,12.97921663792821]]]}},{"type":"Feature","properties":{},"geometry":{"type":"Polygon","coordinates":[[[77.59118475646068,12.979218389683087],[77.59118686215976,12.97921663792821],[77.59119285455313,12.979223477566583],[77.59118475646068,12.979218389683087]]]}},{"type":"Feature","properties":{},"geometry":{"type":"Polygon","coordinates":[[[77.59118475646068,12.979218389683087],[77.59119285455313,12.979223477566583],[77.59119074885405,12.9792252293557],[77.59118475646068,12.979218389683087]]]}},{"type":"Feature","properties":{},"geometry":{"type":"Polygon","coordinates":[[[77.5911826507616,12.979220141472263],[77.59118475646068,12.979218389683087],[77.59119074885405,12.9792252293557],[77.5911826507616,12.979220141472263]]]}},{"type":"Feature","properties":{},"geometry":{"type":"Polygon","coordinates":[[[77.5911826507616,12.979220141472263],[77.59119074885405,12.9792252293557],[77.59118864315496,12.979226981144828],[77.5911826507616,12.979220141472263]]]}},{"type":"Feature","properties":{},"geometry":{"type":"Polygon","coordinates":[[[77.5911805450977,12.979221893261405],[77.5911826507616,12.979220141472263],[77.59118864315496,12.979226981144828],[77.5911805450977,12.979221893261405]]]}},{"type":"Feature","properties":{},"geometry":{"type":"Polygon","coordinates":[[[77.5911805450977,12.979221893261405],[77.59118864315496,12.979226981144828],[77.59118653745588,12.97922873293394],[77.5911805450977,12.979221893261405]]]}},{"type":"Feature","properties":{},"geometry":{"type":"Polygon","coordinates":[[[77.59117843939867,12.979223645050556],[77.5911805450977,12.979221893261405],[77.59118653745588,12.97922873293394],[77.59117843939867,12.979223645050556]]]}},{"type":"Feature","properties":{},"geometry":{"type":"Polygon","coordinates":[[[77.59117843939867,12.979223645050556],[77.59118653745588,12.97922873293394],[77.5911844317568,12.979230484723045],[77.59117843939867,12.979223645050556]]]}},{"type":"Feature","properties":{},"geometry":{"type":"Polygon","coordinates":[[[77.59117633369954,12.979225396839695],[77.59117843939867,12.979223645050556],[77.5911844317568,12.979230484723045],[77.59117633369954,12.979225396839695]]]}},{"type":"Feature","properties":{},"geometry":{"type":"Polygon","coordinates":[[[77.59117633369954,12.979225396839695],[77.5911844317568,12.979230484723045],[77.59118232605772,12.979232236512114],[77.59117633369954,12.979225396839695]]]}},{"type":"Feature","properties":{},"geometry":{"type":"Polygon","coordinates":[[[77.59117422800051,12.979227148628823],[77.59117633369954,12.979225396839695],[77.59118232605772,12.979232236512114],[77.59117422800051,12.979227148628823]]]}},{"type":"Feature","properties":{},"geometry":{"type":"Polygon","coordinates":[[[77.59117422800051,12.979227148628823],[77.59118232605772,12.979232236512114],[77.5911802203587,12.97923398826688],[77.59117422800051,12.979227148628823]]]}},{"type":"Feature","properties":{},"geometry":{"type":"Polygon","coordinates":[[[77.59117212230143,12.979228900417915],[77.59117422800051,12.979227148628823],[77.5911802203587,12.97923398826688],[77.59117212230143,12.979228900417915]]]}},{"type":"Feature","properties":{},"geometry":{"type":"Polygon","coordinates":[[[77.59117212230143,12.979228900417915],[77.5911802203587,12.97923398826688],[77.5911781146948,12.979235740055946],[77.59117212230143,12.979228900417915]]]}},{"type":"Feature","properties":{},"geometry":{"type":"Polygon","coordinates":[[[77.59117001660235,12.979230652207018],[77.59117212230143,12.979228900417915],[77.5911781146948,12.979235740055946],[77.59117001660235,12.979230652207018]]]}},{"type":"Feature","properties":{},"geometry":{"type":"Polygon","coordinates":[[[77.59117001660235,12.979230652207018],[77.5911781146948,12.979235740055946],[77.59117600899572,12.979237491845],[77.59117001660235,12.979230652207018]]]}},{"type":"Feature","properties":{},"geometry":{"type":"Polygon","coordinates":[[[77.59116791090327,12.97923240396179],[77.59117001660235,12.979230652207018],[77.59117600899572,12.979237491845],[77.59116791090327,12.97923240396179]]]}},{"type":"Feature","properties":{},"geometry":{"type":"Polygon","coordinates":[[[77.59116791090327,12.97923240396179],[77.59117600899572,12.979237491845],[77.59117390329664,12.979239243634039],[77.59116791090327,12.97923240396179]]]}},{"type":"Feature","properties":{},"geometry":{"type":"Polygon","coordinates":[[[77.59116580523943,12.97923415575087],[77.59116791090327,12.97923240396179],[77.59117390329664,12.979239243634039],[77.59116580523943,12.97923415575087]]]}},{"type":"Feature","properties":{},"geometry":{"type":"Polygon","coordinates":[[[77.59116580523943,12.97923415575087],[77.59117390329664,12.979239243634039],[77.59117179759761,12.979240995423048],[77.59116580523943,12.97923415575087]]]}},{"type":"Feature","properties":{},"geometry":{"type":"Polygon","coordinates":[[[77.59116369954035,12.979235907539932],[77.59116580523943,12.97923415575087],[77.59117179759761,12.979240995423048],[77.59116369954035,12.979235907539932]]]}},{"type":"Feature","properties":{},"geometry":{"type":"Polygon","coordinates":[[[77.59116369954035,12.979235907539932],[77.59117179759761,12.979240995423048],[77.59116969189847,12.979242747212066],[77.59116369954035,12.979235907539932]]]}},{"type":"Feature","properties":{},"geometry":{"type":"Polygon","coordinates":[[[77.59116159384126,12.979237659328964],[77.59116369954035,12.979235907539932],[77.59116969189847,12.979242747212066],[77.59116159384126,12.979237659328964]]]}},{"type":"Feature","properties":{},"geometry":{"type":"Polygon","coordinates":[[[77.59116159384126,12.979237659328964],[77.59116969189847,12.979242747212066],[77.59116758619945,12.979244498966755],[77.59116159384126,12.979237659328964]]]}},{"type":"Feature","properties":{},"geometry":{"type":"Polygon","coordinates":[[[77.59115948814218,12.979239411118007],[77.59116159384126,12.979237659328964],[77.59116758619945,12.979244498966755],[77.59115948814218,12.979239411118007]]]}},{"type":"Feature","properties":{},"geometry":{"type":"Polygon","coordinates":[[[77.59115948814218,12.979239411118007],[77.59116758619945,12.979244498966755],[77.59116548050036,12.979246250755747],[77.59115948814218,12.979239411118007]]]}},{"type":"Feature","properties":{},"geometry":{"type":"Polygon","coordinates":[[[77.5911573824431,12.979241162907028],[77.59115948814218,12.979239411118007],[77.59116548050036,12.979246250755747],[77.5911573824431,12.979241162907028]]]}},{"type":"Feature","properties":{},"geometry":{"type":"Polygon","coordinates":[[[77.5911573824431,12.979241162907028],[77.59116548050036,12.979246250755747],[77.59116337483647,12.979248002544727],[77.5911573824431,12.979241162907028]]]}},{"type":"Feature","properties":{},"geometry":{"type":"Polygon","coordinates":[[[77.59115527674402,12.979242914661734],[77.5911573824431,12.979241162907028],[77.59116337483647,12.979248002544727],[77.59115527674402,12.979242914661734]]]}},{"type":"Feature","properties":{},"geometry":{"type":"Polygon","coordinates":[[[77.59115527674402,12.979242914661734],[77.59116337483647,12.979248002544727],[77.59116126913739,12.979249754333674],[77.59115527674402,12.979242914661734]]]}},{"type":"Feature","properties":{},"geometry":{"type":"Polygon","coordinates":[[[77.591153171045,12.979244666450736],[77.59115527674402,12.979242914661734],[77.59116126913739,12.979249754333674],[77.591153171045,12.979244666450736]]]}},{"type":"Feature","properties":{},"geometry":{"type":"Polygon","coordinates":[[[77.591153171045,12.979244666450736],[77.59116126913739,12.979249754333674],[77.5911591634383,12.979251506122628],[77.591153171045,12.979244666450736]]]}},{"type":"Feature","properties":{},"geometry":{"type":"Polygon","coordinates":[[[77.5911510653811,12.979246418239708],[77.591153171045,12.979244666450736],[77.5911591634383,12.979251506122628],[77.5911510653811,12.979246418239708]]]}},{"type":"Feature","properties":{},"geometry":{"type":"Polygon","coordinates":[[[77.5911510653811,12.979246418239708],[77.5911591634383,12.979251506122628],[77.59115705773928,12.97925325791157],[77.5911510653811,12.979246418239708]]]}},{"type":"Feature","properties":{},"geometry":{"type":"Polygon","coordinates":[[[77.59114895968202,12.979248170028685],[77.5911510653811,12.979246418239708],[77.59115705773928,12.97925325791157],[77.59114895968202,12.979248170028685]]]}},{"type":"Feature","properties":{},"geometry":{"type":"Polygon","coordinates":[[[77.59114895968202,12.979248170028685],[77.59115705773928,12.97925325791157],[77.59115495204014,12.9792550097005],[77.59114895968202,12.979248170028685]]]}},{"type":"Feature","properties":{},"geometry":{"type":"Polygon","coordinates":[[[77.59114685398293,12.979249921817651],[77.59114895968202,12.979248170028685],[77.59115495204014,12.9792550097005],[77.59114685398293,12.979249921817651]]]}},{"type":"Feature","properties":{},"geometry":{"type":"Polygon","coordinates":[[[77.59114685398293,12.979249921817651],[77.59115495204014,12.9792550097005],[77.59115284634112,12.979256761455103],[77.59114685398293,12.979249921817651]]]}},{"type":"Feature","properties":{},"geometry":{"type":"Polygon","coordinates":[[[77.59114474828385,12.979251673606585],[77.59114685398293,12.979249921817651],[77.59115284634112,12.979256761455103],[77.59114474828385,12.979251673606585]]]}},{"type":"Feature","properties":{},"geometry":{"type":"Polygon","coordinates":[[[77.59114474828385,12.979251673606585],[77.59115284634112,12.979256761455103],[77.59115074064204,12.97925851324399],[77.59114474828385,12.979251673606585]]]}},{"type":"Feature","properties":{},"geometry":{"type":"Polygon","coordinates":[[[77.59114264258477,12.979253425361213],[77.59114474828385,12.979251673606585],[77.59115074064204,12.97925851324399],[77.59114264258477,12.979253425361213]]]}},{"type":"Feature","properties":{},"geometry":{"type":"Polygon","coordinates":[[[77.59114264258477,12.979253425361213],[77.59115074064204,12.97925851324399],[77.59114863497814,12.979260265032883],[77.59114264258477,12.979253425361213]]]}},{"type":"Feature","properties":{},"geometry":{"type":"Polygon","coordinates":[[[77.59114053688575,12.97925517715014],[77.59114264258477,12.979253425361213],[77.59114863497814,12.979260265032883],[77.59114053688575,12.97925517715014]]]}},{"type":"Feature","properties":{},"geometry":{"type":"Polygon","coordinates":[[[77.59114053688575,12.97925517715014],[77.59114863497814,12.979260265032883],[77.59114652927906,12.97926201682176],[77.59114053688575,12.97925517715014]]]}},{"type":"Feature","properties":{},"geometry":{"type":"Polygon","coordinates":[[[77.59113843118661,12.979256928939057],[77.59114053688575,12.97925517715014],[77.59114652927906,12.97926201682176],[77.59113843118661,12.979256928939057]]]}},{"type":"Feature","properties":{},"geometry":{"type":"Polygon","coordinates":[[[77.59113843118661,12.979256928939057],[77.59114652927906,12.97926201682176],[77.59114442358003,12.979263768610629],[77.59113843118661,12.979256928939057]]]}},{"type":"Feature","properties":{},"geometry":{"type":"Polygon","coordinates":[[[77.59113632548758,12.979258680727959],[77.59113843118661,12.979256928939057],[77.59114442358003,12.979263768610629],[77.59113632548758,12.979258680727959]]]}},{"type":"Feature","properties":{},"geometry":{"type":"Polygon","coordinates":[[[77.59113632548758,12.979258680727959],[77.59114442358003,12.979263768610629],[77.5911423178809,12.979265520399466],[77.59113632548758,12.979258680727959]]]}},{"type":"Feature","properties":{},"geometry":{"type":"Polygon","coordinates":[[[77.59113421982369,12.979260432516831],[77.59113632548758,12.979258680727959],[77.5911423178809,12.979265520399466],[77.59113421982369,12.979260432516831]]]}},{"type":"Feature","properties":{},"geometry":{"type":"Polygon","coordinates":[[[77.59113421982369,12.979260432516831],[77.5911423178809,12.979265520399466],[77.59114021218187,12.979267272153994],[77.59113421982369,12.979260432516831]]]}},{"type":"Feature","properties":{},"geometry":{"type":"Polygon","coordinates":[[[77.59113211412466,12.979262184305712],[77.59113421982369,12.979260432516831],[77.59114021218187,12.979267272153994],[77.59113211412466,12.979262184305712]]]}},{"type":"Feature","properties":{},"geometry":{"type":"Polygon","coordinates":[[[77.59113211412466,12.979262184305712],[77.59114021218187,12.979267272153994],[77.59113810648279,12.979269023942827],[77.59113211412466,12.979262184305712]]]}},{"type":"Feature","properties":{},"geometry":{"type":"Polygon","coordinates":[[[77.59113000842552,12.97926393609458],[77.59113211412466,12.979262184305712],[77.59113810648279,12.979269023942827],[77.59113000842552,12.97926393609458]]]}},{"type":"Feature","properties":{},"geometry":{"type":"Polygon","coordinates":[[[77.59113000842552,12.97926393609458],[77.59113810648279,12.979269023942827],[77.5911360007837,12.979270775731644],[77.59113000842552,12.97926393609458]]]}},{"type":"Feature","properties":{},"geometry":{"type":"Polygon","coordinates":[[[77.5911279027265,12.97926568784912],[77.59113000842552,12.97926393609458],[77.5911360007837,12.979270775731644],[77.5911279027265,12.97926568784912]]]}},{"type":"Feature","properties":{},"geometry":{"type":"Polygon","coordinates":[[[77.5911279027265,12.97926568784912],[77.5911360007837,12.979270775731644],[77.59113389508462,12.97927252752043],[77.5911279027265,12.97926568784912]]]}},{"type":"Feature","properties":{},"geometry":{"type":"Polygon","coordinates":[[[77.59112596664937,12.979267298535634],[77.5911279027265,12.97926568784912],[77.59113389508462,12.97927252752043],[77.59112596664937,12.979267298535634]]]}},{"type":"Feature","properties":{},"geometry":{"type":"Polygon","coordinates":[[[77.59112596664937,12.979267298535634],[77.59113389508462,12.97927252752043],[77.59113195904274,12.979274138172611],[77.59112596664937,12.979267298535634]]]}},{"type":"Feature","properties":{},"geometry":{"type":"Polygon","coordinates":[[[77.59232730833492,12.979765072422618],[77.59232558859793,12.979762958021263],[77.59233282129458,12.979757372020556],[77.59232730833492,12.979765072422618]]]}},{"type":"Feature","properties":{},"geometry":{"type":"Polygon","coordinates":[[[77.59232730833492,12.979765072422618],[77.59233282129458,12.979757372020556],[77.59233454103156,12.979759486421939],[77.59232730833492,12.979765072422618]]]}},{"type":"Feature","properties":{},"geometry":{"type":"Polygon","coordinates":[[[77.5923290280719,12.979767186821794],[77.59232730833492,12.979765072422618],[77.59233454103156,12.979759486421939],[77.5923290280719,12.979767186821794]]]}},{"type":"Feature","properties":{},"geometry":{"type":"Polygon","coordinates":[[[77.5923290280719,12.979767186821794],[77.59233454103156,12.979759486421939],[77.59233626090935,12.979761600823325],[77.5923290280719,12.979767186821794]]]}},{"type":"Feature","properties":{},"geometry":{"type":"Polygon","coordinates":[[[77.59233074780889,12.979769301223097],[77.5923290280719,12.979767186821794],[77.59233626090935,12.979761600823325],[77.59233074780889,12.979769301223097]]]}},{"type":"Feature","properties":{},"geometry":{"type":"Polygon","coordinates":[[[77.59233074780889,12.979769301223097],[77.59233626090935,12.979761600823325],[77.59233798064633,12.979763715222532],[77.59233074780889,12.979769301223097]]]}},{"type":"Feature","properties":{},"geometry":{"type":"Polygon","coordinates":[[[77.59233246754587,12.979771415624398],[77.59233074780889,12.979769301223097],[77.59233798064633,12.979763715222532],[77.59233246754587,12.979771415624398]]]}},{"type":"Feature","properties":{},"geometry":{"type":"Polygon","coordinates":[[[77.59233246754587,12.979771415624398],[77.59233798064633,12.979763715222532],[77.59233970038332,12.979765829623862],[77.59233246754587,12.979771415624398]]]}},{"type":"Feature","properties":{},"geometry":{"type":"Polygon","coordinates":[[[77.5923341872828,12.979773530025662],[77.59233246754587,12.979771415624398],[77.59233970038332,12.979765829623862],[77.5923341872828,12.979773530025662]]]}},{"type":"Feature","properties":{},"geometry":{"type":"Polygon","coordinates":[[[77.5923341872828,12.979773530025662],[77.59233970038332,12.979765829623862],[77.59234142012025,12.979767944025193],[77.5923341872828,12.979773530025662]]]}},{"type":"Feature","properties":{},"geometry":{"type":"Polygon","coordinates":[[[77.59233590701979,12.97977564442477],[77.5923341872828,12.979773530025662],[77.59234142012025,12.979767944025193],[77.59233590701979,12.97977564442477]]]}},{"type":"Feature","properties":{},"geometry":{"type":"Polygon","coordinates":[[[77.59233590701979,12.97977564442477],[77.59234142012025,12.979767944025193],[77.59234313985723,12.979770058426489],[77.59233590701979,12.97977564442477]]]}},{"type":"Feature","properties":{},"geometry":{"type":"Polygon","coordinates":[[[77.59233762675677,12.979777758826016],[77.59233590701979,12.97977564442477],[77.59234313985723,12.979770058426489],[77.59233762675677,12.979777758826016]]]}},{"type":"Feature","properties":{},"geometry":{"type":"Polygon","coordinates":[[[77.59233762675677,12.979777758826016],[77.59234313985723,12.979770058426489],[77.59234485959428,12.979772172825623],[77.59233762675677,12.979777758826016]]]}},{"type":"Feature","properties":{},"geometry":{"type":"Polygon","coordinates":[[[77.59233934649376,12.979779873226157],[77.59233762675677,12.979777758826016],[77.59234485959428,12.979772172825623],[77.59233934649376,12.979779873226157]]]}},{"type":"Feature","properties":{},"geometry":{"type":"Polygon","coordinates":[[[77.59233934649376,12.979779873226157],[77.59234485959428,12.979772172825623],[77.5923465793312,12.979774287226899],[77.59233934649376,12.979779873226157]]]}},{"type":"Feature","properties":{},"geometry":{"type":"Polygon","coordinates":[[[77.59234106623074,12.979781987627353],[77.59233934649376,12.979779873226157],[77.5923465793312,12.979774287226899],[77.59234106623074,12.979781987627353]]]}},{"type":"Feature","properties":{},"geometry":{"type":"Polygon","coordinates":[[[77.59234106623074,12.979781987627353],[77.5923465793312,12.979774287226899],[77.59234829906819,12.979776401628142],[77.59234106623074,12.979781987627353]]]}},{"type":"Feature","properties":{},"geometry":{"type":"Polygon","coordinates":[[[77.59234278596773,12.979784102027473],[77.59234106623074,12.979781987627353],[77.59234829906819,12.979776401628142],[77.59234278596773,12.979784102027473]]]}},{"type":"Feature","properties":{},"geometry":{"type":"Polygon","coordinates":[[[77.59234278596773,12.979784102027473],[77.59234829906819,12.979776401628142],[77.59235001880518,12.979778516028293],[77.59234278596773,12.979784102027473]]]}},{"type":"Feature","properties":{},"geometry":{"type":"Polygon","coordinates":[[[77.59234450570472,12.979786216428629],[77.59234278596773,12.979784102027473],[77.59235001880518,12.979778516028293],[77.59234450570472,12.979786216428629]]]}},{"type":"Feature","properties":{},"geometry":{"type":"Polygon","coordinates":[[[77.59234450570472,12.979786216428629],[77.59235001880518,12.979778516028293],[77.59235173854216,12.979780630429518],[77.59234450570472,12.979786216428629]]]}},{"type":"Feature","properties":{},"geometry":{"type":"Polygon","coordinates":[[[77.5923462254417,12.979788330829244],[77.59234450570472,12.979786216428629],[77.59235173854216,12.979780630429518],[77.5923462254417,12.979788330829244]]]}},{"type":"Feature","properties":{},"geometry":{"type":"Polygon","coordinates":[[[77.5923462254417,12.979788330829244],[77.59235173854216,12.979780630429518],[77.59235345827915,12.979782744829633],[77.5923462254417,12.979788330829244]]]}},{"type":"Feature","properties":{},"geometry":{"type":"Polygon","coordinates":[[[77.59234794517869,12.979790445229568],[77.5923462254417,12.979788330829244],[77.59235345827915,12.979782744829633],[77.59234794517869,12.979790445229568]]]}},{"type":"Feature","properties":{},"geometry":{"type":"Polygon","coordinates":[[[77.59234794517869,12.979790445229568],[77.59235345827915,12.979782744829633],[77.59235517801613,12.979784859229728],[77.59234794517869,12.979790445229568]]]}},{"type":"Feature","properties":{},"geometry":{"type":"Polygon","coordinates":[[[77.59234966491562,12.979792559630146],[77.59234794517869,12.979790445229568],[77.59235517801613,12.979784859229728],[77.59234966491562,12.979792559630146]]]}},{"type":"Feature","properties":{},"geometry":{"type":"Polygon","coordinates":[[[77.59234966491562,12.979792559630146],[77.59235517801613,12.979784859229728],[77.59235689775306,12.979786973630901],[77.59234966491562,12.979792559630146]]]}},{"type":"Feature","properties":{},"geometry":{"type":"Polygon","coordinates":[[[77.5923513846526,12.979794674030703],[77.59234966491562,12.979792559630146],[77.59235689775306,12.979786973630901],[77.5923513846526,12.979794674030703]]]}},{"type":"Feature","properties":{},"geometry":{"type":"Polygon","coordinates":[[[77.5923513846526,12.979794674030703],[77.59235689775306,12.979786973630901],[77.59235861749005,12.979789088031488],[77.5923513846526,12.979794674030703]]]}},{"type":"Feature","properties":{},"geometry":{"type":"Polygon","coordinates":[[[77.59235310438959,12.979796788431226],[77.5923513846526,12.979794674030703],[77.59235861749005,12.979789088031488],[77.59235310438959,12.979796788431226]]]}},{"type":"Feature","properties":{},"geometry":{"type":"Polygon","coordinates":[[[77.59235310438959,12.979796788431226],[77.59235861749005,12.979789088031488],[77.59236033722703,12.979791202432079],[77.59235310438959,12.979796788431226]]]}},{"type":"Feature","properties":{},"geometry":{"type":"Polygon","coordinates":[[[77.59235482412657,12.979798902831748],[77.59235310438959,12.979796788431226],[77.59236033722703,12.979791202432079],[77.59235482412657,12.979798902831748]]]}},{"type":"Feature","properties":{},"geometry":{"type":"Polygon","coordinates":[[[77.59235482412657,12.979798902831748],[77.59236033722703,12.979791202432079],[77.59236205696402,12.979793316832513],[77.59235482412657,12.979798902831748]]]}},{"type":"Feature","properties":{},"geometry":{"type":"Polygon","coordinates":[[[77.59235654386356,12.979801017231981],[77.59235482412657,12.979798902831748],[77.59236205696402,12.979793316832513],[77.59235654386356,12.979801017231981]]]}},{"type":"Feature","properties":{},"geometry":{"type":"Polygon","coordinates":[[[77.59235654386356,12.979801017231981],[77.59236205696402,12.979793316832513],[77.592363776701,12.979795431233065],[77.59235654386356,12.979801017231981]]]}},{"type":"Feature","properties":{},"geometry":{"type":"Polygon","coordinates":[[[77.59235826360049,12.97980313163247],[77.59235654386356,12.979801017231981],[77.592363776701,12.979795431233065],[77.59235826360049,12.97980313163247]]]}},{"type":"Feature","properties":{},"geometry":{"type":"Polygon","coordinates":[[[77.59235826360049,12.97980313163247],[77.592363776701,12.979795431233065],[77.59236549643794,12.979797545633463],[77.59235826360049,12.97980313163247]]]}},{"type":"Feature","properties":{},"geometry":{"type":"Polygon","coordinates":[[[77.59235998333753,12.97980524603294],[77.59235826360049,12.97980313163247],[77.59236549643794,12.979797545633463],[77.59235998333753,12.97980524603294]]]}},{"type":"Feature","properties":{},"geometry":{"type":"Polygon","coordinates":[[[77.59235998333753,12.97980524603294],[77.59236549643794,12.979797545633463],[77.59236721617498,12.979799660034253],[77.59235998333753,12.97980524603294]]]}},{"type":"Feature","properties":{},"geometry":{"type":"Polygon","coordinates":[[[77.59236170307452,12.979807360433917],[77.59235998333753,12.97980524603294],[77.59236721617498,12.979799660034253],[77.59236170307452,12.979807360433917]]]}},{"type":"Feature","properties":{},"geometry":{"type":"Polygon","coordinates":[[[77.59236170307452,12.979807360433917],[77.59236721617498,12.979799660034253],[77.59236893591196,12.979801774434733],[77.59236170307452,12.979807360433917]]]}},{"type":"Feature","properties":{},"geometry":{"type":"Polygon","coordinates":[[[77.59236342281145,12.979809474833823],[77.59236170307452,12.979807360433917],[77.59236893591196,12.979801774434733],[77.59236342281145,12.979809474833823]]]}},{"type":"Feature","properties":{},"geometry":{"type":"Polygon","coordinates":[[[77.59236342281145,12.979809474833823],[77.59236893591196,12.979801774434733],[77.59237065564889,12.979803888835212],[77.59236342281145,12.979809474833823]]]}},{"type":"Feature","properties":{},"geometry":{"type":"Polygon","coordinates":[[[77.59236514254843,12.979811589234767],[77.59236342281145,12.979809474833823],[77.59237065564889,12.979803888835212],[77.59236514254843,12.979811589234767]]]}},{"type":"Feature","properties":{},"geometry":{"type":"Polygon","coordinates":[[[77.59236514254843,12.979811589234767],[77.59237065564889,12.979803888835212],[77.59237237538588,12.97980600323515],[77.59236514254843,12.979811589234767]]]}},{"type":"Feature","properties":{},"geometry":{"type":"Polygon","coordinates":[[[77.59236686228542,12.979813703635687],[77.59236514254843,12.979811589234767],[77.59237237538588,12.97980600323515],[77.59236686228542,12.979813703635687]]]}},{"type":"Feature","properties":{},"geometry":{"type":"Polygon","coordinates":[[[77.59236686228542,12.979813703635687],[77.59237237538588,12.97980600323515],[77.59237409512286,12.979808117636122],[77.59236686228542,12.979813703635687]]]}},{"type":"Feature","properties":{},"geometry":{"type":"Polygon","coordinates":[[[77.5923685820224,12.979815818034472],[77.59236686228542,12.979813703635687],[77.59237409512286,12.979808117636122],[77.5923685820224,12.979815818034472]]]}},{"type":"Feature","properties":{},"geometry":{"type":"Polygon","coordinates":[[[77.5923685820224,12.979815818034472],[77.59237409512286,12.979808117636122],[77.59237581485985,12.979810232036002],[77.5923685820224,12.979815818034472]]]}},{"type":"Feature","properties":{},"geometry":{"type":"Polygon","coordinates":[[[77.59237030175939,12.979817932435358],[77.5923685820224,12.979815818034472],[77.59237581485985,12.979810232036002],[77.59237030175939,12.979817932435358]]]}},{"type":"Feature","properties":{},"geometry":{"type":"Polygon","coordinates":[[[77.59237030175939,12.979817932435358],[77.59237581485985,12.979810232036002],[77.59237753459684,12.979812346436956],[77.59237030175939,12.979817932435358]]]}},{"type":"Feature","properties":{},"geometry":{"type":"Polygon","coordinates":[[[77.59237202149632,12.979820046836227],[77.59237030175939,12.979817932435358],[77.59237753459684,12.979812346436956],[77.59237202149632,12.979820046836227]]]}},{"type":"Feature","properties":{},"geometry":{"type":"Polygon","coordinates":[[[77.59237202149632,12.979820046836227],[77.59237753459684,12.979812346436956],[77.59237925433376,12.979814460836803],[77.59237202149632,12.979820046836227]]]}},{"type":"Feature","properties":{},"geometry":{"type":"Polygon","coordinates":[[[77.5923737412333,12.979822161234955],[77.59237202149632,12.979820046836227],[77.59237925433376,12.979814460836803],[77.5923737412333,12.979822161234955]]]}},{"type":"Feature","properties":{},"geometry":{"type":"Polygon","coordinates":[[[77.5923737412333,12.979822161234955],[77.59237925433376,12.979814460836803],[77.5923809740708,12.9798165752377],[77.5923737412333,12.979822161234955]]]}},{"type":"Feature","properties":{},"geometry":{"type":"Polygon","coordinates":[[[77.59237546097035,12.97982427563579],[77.5923737412333,12.979822161234955],[77.5923809740708,12.9798165752377],[77.59237546097035,12.97982427563579]]]}},{"type":"Feature","properties":{},"geometry":{"type":"Polygon","coordinates":[[[77.59237546097035,12.97982427563579],[77.5923809740708,12.9798165752377],[77.59238269380779,12.979818689638604],[77.59237546097035,12.97982427563579]]]}},{"type":"Feature","properties":{},"geometry":{"type":"Polygon","coordinates":[[[77.59237718070727,12.979826390036608],[77.59237546097035,12.97982427563579],[77.59238269380779,12.979818689638604],[77.59237718070727,12.979826390036608]]]}},{"type":"Feature","properties":{},"geometry":{"type":"Polygon","coordinates":[[[77.59237718070727,12.979826390036608],[77.59238269380779,12.979818689638604],[77.59238441354472,12.979820804037324],[77.59237718070727,12.979826390036608]]]}},{"type":"Feature","properties":{},"geometry":{"type":"Polygon","coordinates":[[[77.59237890044426,12.979828504437421],[77.59237718070727,12.979826390036608],[77.59238441354472,12.979820804037324],[77.59237890044426,12.979828504437421]]]}},{"type":"Feature","properties":{},"geometry":{"type":"Polygon","coordinates":[[[77.59237890044426,12.979828504437421],[77.59238441354472,12.979820804037324],[77.5923861332817,12.979822918438167],[77.59237890044426,12.979828504437421]]]}},{"type":"Feature","properties":{},"geometry":{"type":"Polygon","coordinates":[[[77.59238062018125,12.979830618838202],[77.59237890044426,12.979828504437421],[77.5923861332817,12.979822918438167],[77.59238062018125,12.979830618838202]]]}},{"type":"Feature","properties":{},"geometry":{"type":"Polygon","coordinates":[[[77.59238062018125,12.979830618838202],[77.5923861332817,12.979822918438167],[77.59238785301869,12.979825032839013],[77.59238062018125,12.979830618838202]]]}},{"type":"Feature","properties":{},"geometry":{"type":"Polygon","coordinates":[[[77.59238233991823,12.979832733236819],[77.59238062018125,12.979830618838202],[77.59238785301869,12.979825032839013],[77.59238233991823,12.979832733236819]]]}},{"type":"Feature","properties":{},"geometry":{"type":"Polygon","coordinates":[[[77.59238233991823,12.979832733236819],[77.59238785301869,12.979825032839013],[77.59238957275568,12.979827147239826],[77.59238233991823,12.979832733236819]]]}},{"type":"Feature","properties":{},"geometry":{"type":"Polygon","coordinates":[[[77.59238405979602,12.979834847635424],[77.59238233991823,12.979832733236819],[77.59238957275568,12.979827147239826],[77.59238405979602,12.979834847635424]]]}},{"type":"Feature","properties":{},"geometry":{"type":"Polygon","coordinates":[[[77.59238405979602,12.979834847635424],[77.59238957275568,12.979827147239826],[77.59239129249266,12.979829261638473],[77.59238405979602,12.979834847635424]]]}},{"type":"Feature","properties":{},"geometry":{"type":"Polygon","coordinates":[[[77.592385779533,12.979836962038307],[77.59238405979602,12.979834847635424],[77.59239129249266,12.979829261638473],[77.592385779533,12.979836962038307]]]}},{"type":"Feature","properties":{},"geometry":{"type":"Polygon","coordinates":[[[77.592385779533,12.979836962038307],[77.59239129249266,12.979829261638473],[77.59239301222959,12.979831376039247],[77.592385779533,12.979836962038307]]]}},{"type":"Feature","properties":{},"geometry":{"type":"Polygon","coordinates":[[[77.59238749926993,12.979839076436875],[77.592385779533,12.979836962038307],[77.59239301222959,12.979831376039247],[77.59238749926993,12.979839076436875]]]}},{"type":"Feature","properties":{},"geometry":{"type":"Polygon","coordinates":[[[77.59238749926993,12.979839076436875],[77.59239301222959,12.979831376039247],[77.59239473196658,12.979833490437876],[77.59238749926993,12.979839076436875]]]}},{"type":"Feature","properties":{},"geometry":{"type":"Polygon","coordinates":[[[77.59238921900698,12.979841190839727],[77.59238749926993,12.979839076436875],[77.59239473196658,12.979833490437876],[77.59238921900698,12.979841190839727]]]}},{"type":"Feature","properties":{},"geometry":{"type":"Polygon","coordinates":[[[77.59238921900698,12.979841190839727],[77.59239473196658,12.979833490437876],[77.59239645170362,12.979835604840758],[77.59238921900698,12.979841190839727]]]}},{"type":"Feature","properties":{},"geometry":{"type":"Polygon","coordinates":[[[77.59239093874396,12.979843305238257],[77.59238921900698,12.979841190839727],[77.59239645170362,12.979835604840758],[77.59239093874396,12.979843305238257]]]}},{"type":"Feature","properties":{},"geometry":{"type":"Polygon","coordinates":[[[77.59239093874396,12.979843305238257],[77.59239645170362,12.979835604840758],[77.59239817144055,12.979837719239336],[77.59239093874396,12.979843305238257]]]}},{"type":"Feature","properties":{},"geometry":{"type":"Polygon","coordinates":[[[77.59239265848089,12.979845419636769],[77.59239093874396,12.979843305238257],[77.59239817144055,12.979837719239336],[77.59239265848089,12.979845419636769]]]}},{"type":"Feature","properties":{},"geometry":{"type":"Polygon","coordinates":[[[77.59239265848089,12.979845419636769],[77.59239817144055,12.979837719239336],[77.59239989117754,12.979839833637913],[77.59239265848089,12.979845419636769]]]}},{"type":"Feature","properties":{},"geometry":{"type":"Polygon","coordinates":[[[77.59239437821788,12.979847534039566],[77.59239265848089,12.979845419636769],[77.59239989117754,12.979839833637913],[77.59239437821788,12.979847534039566]]]}},{"type":"Feature","properties":{},"geometry":{"type":"Polygon","coordinates":[[[77.59239437821788,12.979847534039566],[77.59239989117754,12.979839833637913],[77.59240161091452,12.979841948040741],[77.59239437821788,12.979847534039566]]]}},{"type":"Feature","properties":{},"geometry":{"type":"Polygon","coordinates":[[[77.59239609795486,12.979849648438039],[77.59239437821788,12.979847534039566],[77.59240161091452,12.979841948040741],[77.59239609795486,12.979849648438039]]]}},{"type":"Feature","properties":{},"geometry":{"type":"Polygon","coordinates":[[[77.59239609795486,12.979849648438039],[77.59240161091452,12.979841948040741],[77.5924033306515,12.97984406243926],[77.59239609795486,12.979849648438039]]]}},{"type":"Feature","properties":{},"geometry":{"type":"Polygon","coordinates":[[[77.59239781769185,12.979851762836494],[77.59239609795486,12.979849648438039],[77.5924033306515,12.97984406243926],[77.59239781769185,12.979851762836494]]]}},{"type":"Feature","properties":{},"geometry":{"type":"Polygon","coordinates":[[[77.59239781769185,12.979851762836494],[77.5924033306515,12.97984406243926],[77.59240505038849,12.97984617684207],[77.59239781769185,12.979851762836494]]]}},{"type":"Feature","properties":{},"geometry":{"type":"Polygon","coordinates":[[[77.59239953742883,12.979853877239238],[77.59239781769185,12.979851762836494],[77.59240505038849,12.97984617684207],[77.59239953742883,12.979853877239238]]]}},{"type":"Feature","properties":{},"geometry":{"type":"Polygon","coordinates":[[[77.59239953742883,12.979853877239238],[77.59240505038849,12.97984617684207],[77.59240677012542,12.979848291240558],[77.59239953742883,12.979853877239238]]]}},{"type":"Feature","properties":{},"geometry":{"type":"Polygon","coordinates":[[[77.59240125716576,12.979855991637663],[77.59239953742883,12.979853877239238],[77.59240677012542,12.979848291240558],[77.59240125716576,12.979855991637663]]]}},{"type":"Feature","properties":{},"geometry":{"type":"Polygon","coordinates":[[[77.59240125716576,12.979855991637663],[77.59240677012542,12.979848291240558],[77.59240849000321,12.979850405639027],[77.59240125716576,12.979855991637663]]]}},{"type":"Feature","properties":{},"geometry":{"type":"Polygon","coordinates":[[[77.59240297690275,12.97985810604035],[77.59240125716576,12.979855991637663],[77.59240849000321,12.979850405639027],[77.59240297690275,12.97985810604035]]]}},{"type":"Feature","properties":{},"geometry":{"type":"Polygon","coordinates":[[[77.59240297690275,12.97985810604035],[77.59240849000321,12.979850405639027],[77.59241020974025,12.979852520041781],[77.59240297690275,12.97985810604035]]]}},{"type":"Feature","properties":{},"geometry":{"type":"Polygon","coordinates":[[[77.59240469663979,12.979860220438754],[77.59240297690275,12.97985810604035],[77.59241020974025,12.979852520041781],[77.59240469663979,12.979860220438754]]]}},{"type":"Feature","properties":{},"geometry":{"type":"Polygon","coordinates":[[[77.59240469663979,12.979860220438754],[77.59241020974025,12.979852520041781],[77.59241192947724,12.979854634440214],[77.59240469663979,12.979860220438754]]]}},{"type":"Feature","properties":{},"geometry":{"type":"Polygon","coordinates":[[[77.59240641637672,12.979862334837122],[77.59240469663979,12.979860220438754],[77.59241192947724,12.979854634440214],[77.59240641637672,12.979862334837122]]]}},{"type":"Feature","properties":{},"geometry":{"type":"Polygon","coordinates":[[[77.59240641637672,12.979862334837122],[77.59241192947724,12.979854634440214],[77.59241364921417,12.97985674883863],[77.59240641637672,12.979862334837122]]]}},{"type":"Feature","properties":{},"geometry":{"type":"Polygon","coordinates":[[[77.5924081361137,12.979864449239757],[77.59240641637672,12.979862334837122],[77.59241364921417,12.97985674883863],[77.5924081361137,12.979864449239757]]]}},{"type":"Feature","properties":{},"geometry":{"type":"Polygon","coordinates":[[[77.5924081361137,12.979864449239757],[77.59241364921417,12.97985674883863],[77.59241536895115,12.979858863241333],[77.5924081361137,12.979864449239757]]]}},{"type":"Feature","properties":{},"geometry":{"type":"Polygon","coordinates":[[[77.59240985585069,12.979866563638089],[77.5924081361137,12.979864449239757],[77.59241536895115,12.979858863241333],[77.59240985585069,12.979866563638089]]]}},{"type":"Feature","properties":{},"geometry":{"type":"Polygon","coordinates":[[[77.59240985585069,12.979866563638089],[77.59241536895115,12.979858863241333],[77.59241708868814,12.97986097763971],[77.59240985585069,12.979866563638089]]]}},{"type":"Feature","properties":{},"geometry":{"type":"Polygon","coordinates":[[[77.59241157558768,12.979868678040702],[77.59240985585069,12.979866563638089],[77.59241708868814,12.97986097763971],[77.59241157558768,12.979868678040702]]]}},{"type":"Feature","properties":{},"geometry":{"type":"Polygon","coordinates":[[[77.59241157558768,12.979868678040702],[77.59241708868814,12.97986097763971],[77.59241880842512,12.979863092042354],[77.59241157558768,12.979868678040702]]]}},{"type":"Feature","properties":{},"geometry":{"type":"Polygon","coordinates":[[[77.59241329532466,12.979870792434717],[77.59241157558768,12.979868678040702],[77.59241880842512,12.979863092042354],[77.59241329532466,12.979870792434717]]]}},{"type":"Feature","properties":{},"geometry":{"type":"Polygon","coordinates":[[[77.59241329532466,12.979870792434717],[77.59241880842512,12.979863092042354],[77.59242052816211,12.979865206440717],[77.59241329532466,12.979870792434717]]]}},{"type":"Feature","properties":{},"geometry":{"type":"Polygon","coordinates":[[[77.59241501506165,12.979872906837278],[77.59241329532466,12.979870792434717],[77.59242052816211,12.979865206440717],[77.59241501506165,12.979872906837278]]]}},{"type":"Feature","properties":{},"geometry":{"type":"Polygon","coordinates":[[[77.59241501506165,12.979872906837278],[77.59242052816211,12.979865206440717],[77.5924222478991,12.979867320839045],[77.59241501506165,12.979872906837278]]]}},{"type":"Feature","properties":{},"geometry":{"type":"Polygon","coordinates":[[[77.59241673479858,12.979875021239842],[77.59241501506165,12.979872906837278],[77.5924222478991,12.979867320839045],[77.59241673479858,12.979875021239842]]]}},{"type":"Feature","properties":{},"geometry":{"type":"Polygon","coordinates":[[[77.59241673479858,12.979875021239842],[77.5924222478991,12.979867320839045],[77.59242396763602,12.979869435241632],[77.59241673479858,12.979875021239842]]]}},{"type":"Feature","properties":{},"geometry":{"type":"Polygon","coordinates":[[[77.59241845453562,12.9798771356338],[77.59241673479858,12.979875021239842],[77.59242396763602,12.979869435241632],[77.59241845453562,12.9798771356338]]]}},{"type":"Feature","properties":{},"geometry":{"type":"Polygon","coordinates":[[[77.59241845453562,12.9798771356338],[77.59242396763602,12.979869435241632],[77.59242568737307,12.979871549635636],[77.59241845453562,12.9798771356338]]]}},{"type":"Feature","properties":{},"geometry":{"type":"Polygon","coordinates":[[[77.59242017427255,12.979879250036307],[77.59241845453562,12.9798771356338],[77.59242568737307,12.979871549635636],[77.59242017427255,12.979879250036307]]]}},{"type":"Feature","properties":{},"geometry":{"type":"Polygon","coordinates":[[[77.59242017427255,12.979879250036307],[77.59242568737307,12.979871549635636],[77.59242740711,12.979873664038214],[77.59242017427255,12.979879250036307]]]}},{"type":"Feature","properties":{},"geometry":{"type":"Polygon","coordinates":[[[77.59242189400953,12.979881364438818],[77.59242017427255,12.979879250036307],[77.59242740711,12.979873664038214],[77.59242189400953,12.979881364438818]]]}},{"type":"Feature","properties":{},"geometry":{"type":"Polygon","coordinates":[[[77.59242189400953,12.979881364438818],[77.59242740711,12.979873664038214],[77.59242912684698,12.97987577844075],[77.59242189400953,12.979881364438818]]]}},{"type":"Feature","properties":{},"geometry":{"type":"Polygon","coordinates":[[[77.59242361374652,12.97988347883272],[77.59242189400953,12.979881364438818],[77.59242912684698,12.97987577844075],[77.59242361374652,12.97988347883272]]]}},{"type":"Feature","properties":{},"geometry":{"type":"Polygon","coordinates":[[[77.59242361374652,12.97988347883272],[77.59242912684698,12.97987577844075],[77.59243084658397,12.97987789284329],[77.59242361374652,12.97988347883272]]]}},{"type":"Feature","properties":{},"geometry":{"type":"Polygon","coordinates":[[[77.5924253334835,12.979885593235174],[77.59242361374652,12.97988347883272],[77.59243084658397,12.97987789284329],[77.5924253334835,12.979885593235174]]]}},{"type":"Feature","properties":{},"geometry":{"type":"Polygon","coordinates":[[[77.5924253334835,12.979885593235174],[77.59243084658397,12.97987789284329],[77.59243256632095,12.979880007237222],[77.5924253334835,12.979885593235174]]]}},{"type":"Feature","properties":{},"geometry":{"type":"Polygon","coordinates":[[[77.59242705322049,12.979887707637628],[77.5924253334835,12.979885593235174],[77.59243256632095,12.979880007237222],[77.59242705322049,12.979887707637628]]]}},{"type":"Feature","properties":{},"geometry":{"type":"Polygon","coordinates":[[[77.59242705322049,12.979887707637628],[77.59243256632095,12.979880007237222],[77.59243428605794,12.979882121639706],[77.59242705322049,12.979887707637628]]]}},{"type":"Feature","properties":{},"geometry":{"type":"Polygon","coordinates":[[[77.59242877295748,12.979889822040048],[77.59242705322049,12.979887707637628],[77.59243428605794,12.979882121639706],[77.59242877295748,12.979889822040048]]]}},{"type":"Feature","properties":{},"geometry":{"type":"Polygon","coordinates":[[[77.59242877295748,12.979889822040048],[77.59243428605794,12.979882121639706],[77.59243600579492,12.97988423604219],[77.59242877295748,12.979889822040048]]]}},{"type":"Feature","properties":{},"geometry":{"type":"Polygon","coordinates":[[[77.5924304926944,12.979891936433878],[77.59242877295748,12.979889822040048],[77.59243600579492,12.97988423604219],[77.5924304926944,12.979891936433878]]]}},{"type":"Feature","properties":{},"geometry":{"type":"Polygon","coordinates":[[[77.5924304926944,12.979891936433878],[77.59243600579492,12.97988423604219],[77.59243772553185,12.979886350436072],[77.5924304926944,12.979891936433878]]]}},{"type":"Feature","properties":{},"geometry":{"type":"Polygon","coordinates":[[[77.59243221243139,12.979894050836279],[77.5924304926944,12.979891936433878],[77.59243772553185,12.979886350436072],[77.59243221243139,12.979894050836279]]]}},{"type":"Feature","properties":{},"geometry":{"type":"Polygon","coordinates":[[[77.59243221243139,12.979894050836279],[77.59243772553185,12.979886350436072],[77.59243944526884,12.979888464838497],[77.59243221243139,12.979894050836279]]]}},{"type":"Feature","properties":{},"geometry":{"type":"Polygon","coordinates":[[[77.59243393216838,12.979896165238644],[77.59243221243139,12.979894050836279],[77.59243944526884,12.979888464838497],[77.59243393216838,12.979896165238644]]]}},{"type":"Feature","properties":{},"geometry":{"type":"Polygon","coordinates":[[[77.59243393216838,12.979896165238644],[77.59243944526884,12.979888464838497],[77.59244116500582,12.979890579240932],[77.59243393216838,12.979896165238644]]]}},{"type":"Feature","properties":{},"geometry":{"type":"Polygon","coordinates":[[[77.59243565190536,12.979898279632422],[77.59243393216838,12.979896165238644],[77.59244116500582,12.979890579240932],[77.59243565190536,12.979898279632422]]]}},{"type":"Feature","properties":{},"geometry":{"type":"Polygon","coordinates":[[[77.59243565190536,12.979898279632422],[77.59244116500582,12.979890579240932],[77.59244288474281,12.979892693634758],[77.59243565190536,12.979898279632422]]]}},{"type":"Feature","properties":{},"geometry":{"type":"Polygon","coordinates":[[[77.59243737164235,12.979900394034766],[77.59243565190536,12.979898279632422],[77.59244288474281,12.979892693634758],[77.59243737164235,12.979900394034766]]]}},{"type":"Feature","properties":{},"geometry":{"type":"Polygon","coordinates":[[[77.59243737164235,12.979900394034766],[77.59244288474281,12.979892693634758],[77.5924446044798,12.97989480803713],[77.59243737164235,12.979900394034766]]]}},{"type":"Feature","properties":{},"geometry":{"type":"Polygon","coordinates":[[[77.59243909137928,12.97990250843708],[77.59243737164235,12.979900394034766],[77.5924446044798,12.97989480803713],[77.59243909137928,12.97990250843708]]]}},{"type":"Feature","properties":{},"geometry":{"type":"Polygon","coordinates":[[[77.59243909137928,12.97990250843708],[77.5924446044798,12.97989480803713],[77.59244632421678,12.979896922439508],[77.59243909137928,12.97990250843708]]]}},{"type":"Feature","properties":{},"geometry":{"type":"Polygon","coordinates":[[[77.59244081111632,12.979904622830803],[77.59243909137928,12.97990250843708],[77.59244632421678,12.979896922439508],[77.59244081111632,12.979904622830803]]]}},{"type":"Feature","properties":{},"geometry":{"type":"Polygon","coordinates":[[[77.59244081111632,12.979904622830803],[77.59244632421678,12.979896922439508],[77.59244804395377,12.979899036833281],[77.59244081111632,12.979904622830803]]]}},{"type":"Feature","properties":{},"geometry":{"type":"Polygon","coordinates":[[[77.5924425308533,12.979906737233096],[77.59244081111632,12.979904622830803],[77.59244804395377,12.979899036833281],[77.5924425308533,12.979906737233096]]]}},{"type":"Feature","properties":{},"geometry":{"type":"Polygon","coordinates":[[[77.5924425308533,12.979906737233096],[77.59244804395377,12.979899036833281],[77.59244976369075,12.979901151235602],[77.5924425308533,12.979906737233096]]]}},{"type":"Feature","properties":{},"geometry":{"type":"Polygon","coordinates":[[[77.59244425059023,12.979908851635354],[77.5924425308533,12.979906737233096],[77.59244976369075,12.979901151235602],[77.59244425059023,12.979908851635354]]]}},{"type":"Feature","properties":{},"geometry":{"type":"Polygon","coordinates":[[[77.59244425059023,12.979908851635354],[77.59244976369075,12.979901151235602],[77.59245148342768,12.979903265637923],[77.59244425059023,12.979908851635354]]]}},{"type":"Feature","properties":{},"geometry":{"type":"Polygon","coordinates":[[[77.59244597032722,12.979910966029022],[77.59244425059023,12.979908851635354],[77.59245148342768,12.979903265637923],[77.59244597032722,12.979910966029022]]]}},{"type":"Feature","properties":{},"geometry":{"type":"Polygon","coordinates":[[[77.59244597032722,12.979910966029022],[77.59245148342768,12.979903265637923],[77.59245320316467,12.979905380031642],[77.59244597032722,12.979910966029022]]]}},{"type":"Feature","properties":{},"geometry":{"type":"Polygon","coordinates":[[[77.5924476900642,12.97991308043126],[77.59244597032722,12.979910966029022],[77.59245320316467,12.979905380031642],[77.5924476900642,12.97991308043126]]]}},{"type":"Feature","properties":{},"geometry":{"type":"Polygon","coordinates":[[[77.5924476900642,12.97991308043126],[77.59245320316467,12.979905380031642],[77.59245492290165,12.979907494433908],[77.5924476900642,12.97991308043126]]]}},{"type":"Feature","properties":{},"geometry":{"type":"Polygon","coordinates":[[[77.59244940980119,12.979915194833463],[77.5924476900642,12.97991308043126],[77.59245492290165,12.979907494433908],[77.59244940980119,12.979915194833463]]]}},{"type":"Feature","properties":{},"geometry":{"type":"Polygon","coordinates":[[[77.59244940980119,12.979915194833463],[77.59245492290165,12.979907494433908],[77.59245664263864,12.979909608836177],[77.59244940980119,12.979915194833463]]]}},{"type":"Feature","properties":{},"geometry":{"type":"Polygon","coordinates":[[[77.59245112953818,12.97991730922708],[77.59244940980119,12.979915194833463],[77.59245664263864,12.979909608836177],[77.59245112953818,12.97991730922708]]]}},{"type":"Feature","properties":{},"geometry":{"type":"Polygon","coordinates":[[[77.59245112953818,12.97991730922708],[77.59245664263864,12.979909608836177],[77.59245836237562,12.97991172323841],[77.59245112953818,12.97991730922708]]]}},{"type":"Feature","properties":{},"geometry":{"type":"Polygon","coordinates":[[[77.5924528492751,12.979919423629266],[77.59245112953818,12.97991730922708],[77.59245836237562,12.97991172323841],[77.5924528492751,12.979919423629266]]]}},{"type":"Feature","properties":{},"geometry":{"type":"Polygon","coordinates":[[[77.5924528492751,12.979919423629266],[77.59245836237562,12.97991172323841],[77.59246008211255,12.979913837632056],[77.5924528492751,12.979919423629266]]]}},{"type":"Feature","properties":{},"geometry":{"type":"Polygon","coordinates":[[[77.59245456901215,12.979921538031414],[77.5924528492751,12.979919423629266],[77.59246008211255,12.979913837632056],[77.59245456901215,12.979921538031414]]]}},{"type":"Feature","properties":{},"geometry":{"type":"Polygon","coordinates":[[[77.59245456901215,12.979921538031414],[77.59246008211255,12.979913837632056],[77.5924618018496,12.97991595203427],[77.59245456901215,12.979921538031414]]]}},{"type":"Feature","properties":{},"geometry":{"type":"Polygon","coordinates":[[[77.59245628888993,12.979923652424977],[77.59245456901215,12.979921538031414],[77.5924618018496,12.97991595203427],[77.59245628888993,12.979923652424977]]]}},{"type":"Feature","properties":{},"geometry":{"type":"Polygon","coordinates":[[[77.59245628888993,12.979923652424977],[77.5924618018496,12.97991595203427],[77.59246352158658,12.979918066436449],[77.59245628888993,12.979923652424977]]]}},{"type":"Feature","properties":{},"geometry":{"type":"Polygon","coordinates":[[[77.59245800862692,12.979925766827108],[77.59245628888993,12.979923652424977],[77.59246352158658,12.979918066436449],[77.59245800862692,12.979925766827108]]]}},{"type":"Feature","properties":{},"geometry":{"type":"Polygon","coordinates":[[[77.59245800862692,12.979925766827108],[77.59246352158658,12.979918066436449],[77.59246524132351,12.979920180830042],[77.59245800862692,12.979925766827108]]]}},{"type":"Feature","properties":{},"geometry":{"type":"Polygon","coordinates":[[[77.59245972836385,12.979927881229202],[77.59245800862692,12.979925766827108],[77.59246524132351,12.979920180830042],[77.59245972836385,12.979927881229202]]]}},{"type":"Feature","properties":{},"geometry":{"type":"Polygon","coordinates":[[[77.59245972836385,12.979927881229202],[77.59246524132351,12.979920180830042],[77.5924669610605,12.979922295232202],[77.59245972836385,12.979927881229202]]]}},{"type":"Feature","properties":{},"geometry":{"type":"Polygon","coordinates":[[[77.59246144810083,12.979929995631279],[77.59245972836385,12.979927881229202],[77.5924669610605,12.979922295232202],[77.59246144810083,12.979929995631279]]]}},{"type":"Feature","properties":{},"geometry":{"type":"Polygon","coordinates":[[[77.59246144810083,12.979929995631279],[77.5924669610605,12.979922295232202],[77.59246868079748,12.979924409634325],[77.59246144810083,12.979929995631279]]]}},{"type":"Feature","properties":{},"geometry":{"type":"Polygon","coordinates":[[[77.59246316783788,12.979932110024787],[77.59246144810083,12.979929995631279],[77.59246868079748,12.979924409634325],[77.59246316783788,12.979932110024787]]]}},{"type":"Feature","properties":{},"geometry":{"type":"Polygon","coordinates":[[[77.59246316783788,12.979932110024787],[77.59246868079748,12.979924409634325],[77.59247040053447,12.979926524027862],[77.59246316783788,12.979932110024787]]]}},{"type":"Feature","properties":{},"geometry":{"type":"Polygon","coordinates":[[[77.5924648875748,12.979934224426826],[77.59246316783788,12.979932110024787],[77.59247040053447,12.979926524027862],[77.5924648875748,12.979934224426826]]]}},{"type":"Feature","properties":{},"geometry":{"type":"Polygon","coordinates":[[[77.5924648875748,12.979934224426826],[77.59247040053447,12.979926524027862],[77.59247212027145,12.979928638429968],[77.5924648875748,12.979934224426826]]]}},{"type":"Feature","properties":{},"geometry":{"type":"Polygon","coordinates":[[[77.59246660731179,12.979936338828848],[77.5924648875748,12.979934224426826],[77.59247212027145,12.979928638429968],[77.59246660731179,12.979936338828848]]]}},{"type":"Feature","properties":{},"geometry":{"type":"Polygon","coordinates":[[[77.59246660731179,12.979936338828848],[77.59247212027145,12.979928638429968],[77.59247384000838,12.97993075283204],[77.59246660731179,12.979936338828848]]]}},{"type":"Feature","properties":{},"geometry":{"type":"Polygon","coordinates":[[[77.59246832704878,12.979938453222285],[77.59246660731179,12.979936338828848],[77.59247384000838,12.97993075283204],[77.59246832704878,12.979938453222285]]]}},{"type":"Feature","properties":{},"geometry":{"type":"Polygon","coordinates":[[[77.59246832704878,12.979938453222285],[77.59247384000838,12.97993075283204],[77.59247555974537,12.979932867225523],[77.59246832704878,12.979938453222285]]]}},{"type":"Feature","properties":{},"geometry":{"type":"Polygon","coordinates":[[[77.59247004678576,12.979940567624292],[77.59246832704878,12.979938453222285],[77.59247555974537,12.979932867225523],[77.59247004678576,12.979940567624292]]]}},{"type":"Feature","properties":{},"geometry":{"type":"Polygon","coordinates":[[[77.59247004678576,12.979940567624292],[77.59247555974537,12.979932867225523],[77.59247727948241,12.979934981627578],[77.59247004678576,12.979940567624292]]]}},{"type":"Feature","properties":{},"geometry":{"type":"Polygon","coordinates":[[[77.59247176652275,12.979942682026259],[77.59247004678576,12.979940567624292],[77.59247727948241,12.979934981627578],[77.59247176652275,12.979942682026259]]]}},{"type":"Feature","properties":{},"geometry":{"type":"Polygon","coordinates":[[[77.59247176652275,12.979942682026259],[77.59247727948241,12.979934981627578],[77.59247899921934,12.979937096029593],[77.59247176652275,12.979942682026259]]]}},{"type":"Feature","properties":{},"geometry":{"type":"Polygon","coordinates":[[[77.59247348625968,12.979944796428232],[77.59247176652275,12.979942682026259],[77.59247899921934,12.979937096029593],[77.59247348625968,12.979944796428232]]]}},{"type":"Feature","properties":{},"geometry":{"type":"Polygon","coordinates":[[[77.59247348625968,12.979944796428232],[77.59247899921934,12.979937096029593],[77.59248071909713,12.97993921043159],[77.59247348625968,12.979944796428232]]]}},{"type":"Feature","properties":{},"geometry":{"type":"Polygon","coordinates":[[[77.59247520599666,12.979946910813007],[77.59247348625968,12.979944796428232],[77.59248071909713,12.97993921043159],[77.59247520599666,12.979946910813007]]]}},{"type":"Feature","properties":{},"geometry":{"type":"Polygon","coordinates":[[[77.59247520599666,12.979946910813007],[77.59248071909713,12.97993921043159],[77.59248243883411,12.97994132483359],[77.59247520599666,12.979946910813007]]]}},{"type":"Feature","properties":{},"geometry":{"type":"Polygon","coordinates":[[[77.59247692573365,12.97994902521494],[77.59247520599666,12.979946910813007],[77.59248243883411,12.97994132483359],[77.59247692573365,12.97994902521494]]]}},{"type":"Feature","properties":{},"geometry":{"type":"Polygon","coordinates":[[[77.59247692573365,12.97994902521494],[77.59248243883411,12.97994132483359],[77.5924841585711,12.979943439218411],[77.59247692573365,12.97994902521494]]]}},{"type":"Feature","properties":{},"geometry":{"type":"Polygon","coordinates":[[[77.59247864547064,12.979951139616837],[77.59247692573365,12.97994902521494],[77.5924841585711,12.979943439218411],[77.59247864547064,12.979951139616837]]]}},{"type":"Feature","properties":{},"geometry":{"type":"Polygon","coordinates":[[[77.59247864547064,12.979951139616837],[77.5924841585711,12.979943439218411],[77.59248587830808,12.97994555362036],[77.59247864547064,12.979951139616837]]]}},{"type":"Feature","properties":{},"geometry":{"type":"Polygon","coordinates":[[[77.59248036520762,12.979953254018735],[77.59247864547064,12.979951139616837],[77.59248587830808,12.97994555362036],[77.59248036520762,12.979953254018735]]]}},{"type":"Feature","properties":{},"geometry":{"type":"Polygon","coordinates":[[[77.59248036520762,12.979953254018735],[77.59248587830808,12.97994555362036],[77.59248759804507,12.979947668022284],[77.59248036520762,12.979953254018735]]]}},{"type":"Feature","properties":{},"geometry":{"type":"Polygon","coordinates":[[[77.59248208494455,12.979955368420592],[77.59248036520762,12.979953254018735],[77.59248759804507,12.979947668022284],[77.59248208494455,12.979955368420592]]]}},{"type":"Feature","properties":{},"geometry":{"type":"Polygon","coordinates":[[[77.59248208494455,12.979955368420592],[77.59248759804507,12.979947668022284],[77.592489317782,12.97994978242421],[77.59248208494455,12.979955368420592]]]}},{"type":"Feature","properties":{},"geometry":{"type":"Polygon","coordinates":[[[77.59248380468159,12.979957482822455],[77.59248208494455,12.979955368420592],[77.592489317782,12.97994978242421],[77.59248380468159,12.979957482822455]]]}},{"type":"Feature","properties":{},"geometry":{"type":"Polygon","coordinates":[[[77.59248380468159,12.979957482822455],[77.592489317782,12.97994978242421],[77.59249103751904,12.9799518968261],[77.59248380468159,12.979957482822455]]]}},{"type":"Feature","properties":{},"geometry":{"type":"Polygon","coordinates":[[[77.59248552441858,12.979959597224278],[77.59248380468159,12.979957482822455],[77.59249103751904,12.9799518968261],[77.59248552441858,12.979959597224278]]]}},{"type":"Feature","properties":{},"geometry":{"type":"Polygon","coordinates":[[[77.59248552441858,12.979959597224278],[77.59249103751904,12.9799518968261],[77.59249275725603,12.979954011227992],[77.59248552441858,12.979959597224278]]]}},{"type":"Feature","properties":{},"geometry":{"type":"Polygon","coordinates":[[[77.5924872441555,12.979961711608949],[77.59248552441858,12.979959597224278],[77.59249275725603,12.979954011227992],[77.5924872441555,12.979961711608949]]]}},{"type":"Feature","properties":{},"geometry":{"type":"Polygon","coordinates":[[[77.5924872441555,12.979961711608949],[77.59249275725603,12.979954011227992],[77.59249447699295,12.979956125612693],[77.5924872441555,12.979961711608949]]]}},{"type":"Feature","properties":{},"geometry":{"type":"Polygon","coordinates":[[[77.59248896389249,12.979963826010739],[77.5924872441555,12.979961711608949],[77.59249447699295,12.979956125612693],[77.59248896389249,12.979963826010739]]]}},{"type":"Feature","properties":{},"geometry":{"type":"Polygon","coordinates":[[[77.59248896389249,12.979963826010739],[77.59249447699295,12.979956125612693],[77.59249619672994,12.979958240014547],[77.59248896389249,12.979963826010739]]]}},{"type":"Feature","properties":{},"geometry":{"type":"Polygon","coordinates":[[[77.59249047408406,12.979965682754862],[77.59248896389249,12.979963826010739],[77.59249619672994,12.979958240014547],[77.59249047408406,12.979965682754862]]]}},{"type":"Feature","properties":{},"geometry":{"type":"Polygon","coordinates":[[[77.59249047408406,12.979965682754862],[77.59249619672994,12.979958240014547],[77.5924977069215,12.979960096758713],[77.59249047408406,12.979965682754862]]]}},{"type":"Feature","properties":{},"geometry":{"type":"Polygon","coordinates":[[[77.5920804369373,12.978950073743706],[77.59210314923826,12.979008458264412],[77.59208691256657,12.97899160302082],[77.5920804369373,12.978950073743706]]]}},{"type":"Feature","properties":{},"geometry":{"type":"Polygon","coordinates":[[[77.59198708163785,12.97885334870273],[77.59194172491289,12.9788408844724],[77.59192347967519,12.978821944137996],[77.59198708163785,12.97885334870273]]]}},{"type":"Feature","properties":{},"geometry":{"type":"Polygon","coordinates":[[[77.59208691256657,12.97899160302082],[77.5920726108103,12.978954840284011],[77.5920804369373,12.978950073743706],[77.59208691256657,12.97899160302082]]]}},{"type":"Feature","properties":{},"geometry":{"type":"Polygon","coordinates":[[[77.59198708163785,12.97885334870273],[77.59198155206104,12.978860548946484],[77.59194172491289,12.9788408844724],[77.59198708163785,12.97885334870273]]]}},{"type":"Feature","properties":{},"geometry":{"type":"Polygon","coordinates":[[[77.59198708163785,12.97885334870273],[77.5920804369373,12.978950073743706],[77.5920726108103,12.978954840284011],[77.59198708163785,12.97885334870273]]]}},{"type":"Feature","properties":{},"geometry":{"type":"Polygon","coordinates":[[[77.5920726108103,12.978954840284011],[77.59198155206104,12.978860548946484],[77.59198708163785,12.97885334870273],[77.5920726108103,12.978954840284011]]]}},{"type":"Feature","properties":{},"geometry":{"type":"Polygon","coordinates":[[[77.59098890556965,12.977852277654096],[77.59098217654599,12.977858432810086],[77.59095098483766,12.977825655992039],[77.59098890556965,12.977852277654096]]]}},{"type":"Feature","properties":{},"geometry":{"type":"Polygon","coordinates":[[[77.59095098483766,12.977825655992039],[77.59095775198932,12.977819540905388],[77.59098890556965,12.977852277654096],[77.59095098483766,12.977825655992039]]]}},{"type":"Feature","properties":{},"geometry":{"type":"Polygon","coordinates":[[[77.59152809317504,12.97874396795871],[77.59152806916461,12.978743927271205],[77.59152809958249,12.97874396219522],[77.59152809317504,12.97874396795871]]]}},{"type":"Feature","properties":{},"geometry":{"type":"Polygon","coordinates":[[[77.59152806916461,12.978743927271205],[77.59152809317504,12.97874396795871],[77.59152757473316,12.97874342131902],[77.59152806916461,12.978743927271205]]]}},{"type":"Feature","properties":{},"geometry":{"type":"Polygon","coordinates":[[[77.59100051191075,12.97829828784335],[77.59108405305977,12.978374471988513],[77.59107728536242,12.978380586512612],[77.59100051191075,12.97829828784335]]]}},{"type":"Feature","properties":{},"geometry":{"type":"Polygon","coordinates":[[[77.59087474971915,12.978189974612807],[77.59088342645549,12.978172738030466],[77.59088934857789,12.978179635572749],[77.59087474971915,12.978189974612807]]]}},{"type":"Feature","properties":{},"geometry":{"type":"Polygon","coordinates":[[[77.59100051191075,12.97829828784335],[77.59100153022331,12.978289349475904],[77.59108405305977,12.978374471988513],[77.59100051191075,12.97829828784335]]]}},{"type":"Feature","properties":{},"geometry":{"type":"Polygon","coordinates":[[[77.59087474971915,12.978189974612807],[77.59086559457006,12.978188839202534],[77.59088342645549,12.978172738030466],[77.59087474971915,12.978189974612807]]]}},{"type":"Feature","properties":{},"geometry":{"type":"Polygon","coordinates":[[[77.59096547572,12.978313725655754],[77.59100153022331,12.978289349475904],[77.59100051191075,12.97829828784335],[77.59096547572,12.978313725655754]]]}},{"type":"Feature","properties":{},"geometry":{"type":"Polygon","coordinates":[[[77.59096547572,12.978313725655754],[77.59086559457006,12.978188839202534],[77.59087474971915,12.978189974612807],[77.59096547572,12.978313725655754]]]}},{"type":"Feature","properties":{},"geometry":{"type":"Polygon","coordinates":[[[77.59100051191075,12.97829828784335],[77.59096387871074,12.978322583196078],[77.59096547572,12.978313725655754],[77.59100051191075,12.97829828784335]]]}},{"type":"Feature","properties":{},"geometry":{"type":"Polygon","coordinates":[[[77.59096547572,12.978313725655754],[77.59096387871074,12.978322583196078],[77.59086559457006,12.978188839202534],[77.59096547572,12.978313725655754]]]}},{"type":"Feature","properties":{},"geometry":{"type":"Polygon","coordinates":[[[77.59140674835362,12.97863867245427],[77.59141347443756,12.978645351382553],[77.59141114028756,12.978646582025585],[77.59140674835362,12.97863867245427]]]}},{"type":"Feature","properties":{},"geometry":{"type":"Polygon","coordinates":[[[77.59142034718928,12.978639349253076],[77.59152069888341,12.978748461148836],[77.59151382606132,12.978754463275676],[77.59142034718928,12.978639349253076]]]}},{"type":"Feature","properties":{},"geometry":{"type":"Polygon","coordinates":[[[77.59141347443756,12.978645351382553],[77.59141316744228,12.978632210754617],[77.59142034718928,12.978639349253076],[77.59141347443756,12.978645351382553]]]}},{"type":"Feature","properties":{},"geometry":{"type":"Polygon","coordinates":[[[77.59102161014522,12.97825316291689],[77.59094074598113,12.978147829398718],[77.59102868124677,12.978247383633382],[77.59102161014522,12.97825316291689]]]}},{"type":"Feature","properties":{},"geometry":{"type":"Polygon","coordinates":[[[77.59094074598113,12.978147829398718],[77.59102161014522,12.97825316291689],[77.59093375122347,12.978153696234935],[77.59094074598113,12.978147829398718]]]}},{"type":"Feature","properties":{},"geometry":{"type":"Polygon","coordinates":[[[77.59110764297299,12.978355751317705],[77.59111387663222,12.978362402671118],[77.59111347088447,12.978362724740984],[77.59110764297299,12.978355751317705]]]}},{"type":"Feature","properties":{},"geometry":{"type":"Polygon","coordinates":[[[77.59151382606132,12.978754463275676],[77.59141347443756,12.978645351382553],[77.59142034718928,12.978639349253076],[77.59151382606132,12.978754463275676]]]}},{"type":"Feature","properties":{},"geometry":{"type":"Polygon","coordinates":[[[77.59111387663222,12.978362402671118],[77.59112029572088,12.978355941101533],[77.59141316744228,12.978632210754617],[77.59111387663222,12.978362402671118]]]}},{"type":"Feature","properties":{},"geometry":{"type":"Polygon","coordinates":[[[77.59102868124677,12.978247383633382],[77.59111478927434,12.978350060547484],[77.59102161014522,12.97825316291689],[77.59102868124677,12.978247383633382]]]}},{"type":"Feature","properties":{},"geometry":{"type":"Polygon","coordinates":[[[77.59112029572088,12.978355941101533],[77.59111387663222,12.978362402671118],[77.59110764297299,12.978355751317705],[77.59112029572088,12.978355941101533]]]}},{"type":"Feature","properties":{},"geometry":{"type":"Polygon","coordinates":[[[77.59141347443756,12.978645351382553],[77.59140674835362,12.97863867245427],[77.59141316744228,12.978632210754617],[77.59141347443756,12.978645351382553]]]}},{"type":"Feature","properties":{},"geometry":{"type":"Polygon","coordinates":[[[77.59110764297299,12.978355751317705],[77.59102161014522,12.97825316291689],[77.59111478927434,12.978350060547484],[77.59110764297299,12.978355751317705]]]}},{"type":"Feature","properties":{},"geometry":{"type":"Polygon","coordinates":[[[77.59141316744228,12.978632210754617],[77.59140674835362,12.97863867245427],[77.59111387663222,12.978362402671118],[77.59141316744228,12.978632210754617]]]}},{"type":"Feature","properties":{},"geometry":{"type":"Polygon","coordinates":[[[77.59111478927434,12.978350060547484],[77.59112029572088,12.978355941101533],[77.59110764297299,12.978355751317705],[77.59111478927434,12.978350060547484]]]}},{"type":"Feature","properties":{},"geometry":{"type":"Polygon","coordinates":[[[77.59134964307339,12.97867103741845],[77.59108398120458,12.978387682478184],[77.59109079477514,12.978381616669528],[77.59134964307339,12.97867103741845]]]}},{"type":"Feature","properties":{},"geometry":{"type":"Polygon","coordinates":[[[77.59109079477514,12.978381616669528],[77.5913564566792,12.978664971548103],[77.59134964307339,12.97867103741845],[77.59109079477514,12.978381616669528]]]}},{"type":"Feature","properties":{},"geometry":{"type":"Polygon","coordinates":[[[77.59135653687821,12.978678132346515],[77.59146800426663,12.97877737671843],[77.59146137422431,12.9787836327812],[77.59135653687821,12.978678132346515]]]}},{"type":"Feature","properties":{},"geometry":{"type":"Polygon","coordinates":[[[77.59146800426663,12.97877737671843],[77.59135653687821,12.978678132346515],[77.59136316692047,12.978671876281087],[77.59146800426663,12.97877737671843]]]}},{"type":"Feature","properties":{},"geometry":{"type":"Polygon","coordinates":[[[77.58982460828878,12.978982188641849],[77.58983501859808,12.978993708957175],[77.58959064357913,12.979204339347534],[77.58982460828878,12.978982188641849]]]}},{"type":"Feature","properties":{},"geometry":{"type":"Polygon","coordinates":[[[77.58947541014697,12.979077399963579],[77.5895912434874,12.978725206834055],[77.58982460828878,12.978982188641849],[77.58947541014697,12.979077399963579]]]}},{"type":"Feature","properties":{},"geometry":{"type":"Polygon","coordinates":[[[77.5895912434874,12.978725206834055],[77.58947541014697,12.979077399963579],[77.58934697007271,12.978935936460386],[77.5895912434874,12.978725206834055]]]}},{"type":"Feature","properties":{},"geometry":{"type":"Polygon","coordinates":[[[77.58959064357913,12.979204339347534],[77.58947541014697,12.979077399963579],[77.58982460828878,12.978982188641849],[77.58959064357913,12.979204339347534]]]}},{"type":"Feature","properties":{},"geometry":{"type":"Polygon","coordinates":[[[77.59234675338911,12.979255603647614],[77.59257295203304,12.979479183999409],[77.59256619700983,12.979485311704307],[77.59234675338911,12.979255603647614]]]}},{"type":"Feature","properties":{},"geometry":{"type":"Polygon","coordinates":[[[77.59234717079005,12.979242930477001],[77.59238564983451,12.979217712885857],[77.5923537423202,12.979249244848962],[77.59234717079005,12.979242930477001]]]}},{"type":"Feature","properties":{},"geometry":{"type":"Polygon","coordinates":[[[77.59238564983451,12.979217712885857],[77.59234717079005,12.979242930477001],[77.59237907830442,12.979211398513073],[77.59238564983451,12.979217712885857]]]}},{"type":"Feature","properties":{},"geometry":{"type":"Polygon","coordinates":[[[77.59210588543948,12.978935821396501],[77.59103950997792,12.977835290114415],[77.59104622081776,12.977829116432265],[77.59210588543948,12.978935821396501]]]}},{"type":"Feature","properties":{},"geometry":{"type":"Polygon","coordinates":[[[77.59235350841232,12.979249475937051],[77.59257295203304,12.979479183999409],[77.59234675338911,12.979255603647614],[77.59235350841232,12.979249475937051]]]}},{"type":"Feature","properties":{},"geometry":{"type":"Polygon","coordinates":[[[77.5923537423202,12.979249244848962],[77.59235350841232,12.979249475937051],[77.59234717079005,12.979242930477001],[77.5923537423202,12.979249244848962]]]}},{"type":"Feature","properties":{},"geometry":{"type":"Polygon","coordinates":[[[77.59104622081776,12.977829116432265],[77.59211383267467,12.978931249099038],[77.59210588543948,12.978935821396501],[77.59104622081776,12.977829116432265]]]}},{"type":"Feature","properties":{},"geometry":{"type":"Polygon","coordinates":[[[77.59234717079005,12.979242930477001],[77.59235350841232,12.979249475937051],[77.59234675338911,12.979255603647614],[77.59234717079005,12.979242930477001]]]}},{"type":"Feature","properties":{},"geometry":{"type":"Polygon","coordinates":[[[77.59234675338911,12.979255603647614],[77.59234049772613,12.9792491430275],[77.59234717079005,12.979242930477001],[77.59234675338911,12.979255603647614]]]}},{"type":"Feature","properties":{},"geometry":{"type":"Polygon","coordinates":[[[77.59215036328482,12.979042366902219],[77.59210588543948,12.978935821396501],[77.59211383267467,12.978931249099038],[77.59215036328482,12.979042366902219]]]}},{"type":"Feature","properties":{},"geometry":{"type":"Polygon","coordinates":[[[77.59215036328482,12.979042366902219],[77.59234717079005,12.979242930477001],[77.59234049772613,12.9792491430275],[77.59215036328482,12.979042366902219]]]}},{"type":"Feature","properties":{},"geometry":{"type":"Polygon","coordinates":[[[77.59215036328482,12.979042366902219],[77.5921424301319,12.979046962320187],[77.59210588543948,12.978935821396501],[77.59215036328482,12.979042366902219]]]}},{"type":"Feature","properties":{},"geometry":{"type":"Polygon","coordinates":[[[77.59234049772613,12.9792491430275],[77.5921424301319,12.979046962320187],[77.59215036328482,12.979042366902219],[77.59234049772613,12.9792491430275]]]}},{"type":"Feature","properties":{},"geometry":{"type":"Polygon","coordinates":[[[77.5917789048151,12.979058774649026],[77.59178486869172,12.979065666677684],[77.59177844136485,12.979059212948245],[77.5917789048151,12.979058774649026]]]}},{"type":"Feature","properties":{},"geometry":{"type":"Polygon","coordinates":[[[77.5921754290286,12.979465296016457],[77.59218160752027,12.979472003705588],[77.59217499740447,12.979465727728126],[77.5921754290286,12.979465296016457]]]}},{"type":"Feature","properties":{},"geometry":{"type":"Polygon","coordinates":[[[77.59242149660554,12.979752301404082],[77.59241458892961,12.979746337548633],[77.59241809571722,12.979742480639375],[77.59242149660554,12.979752301404082]]]}},{"type":"Feature","properties":{},"geometry":{"type":"Polygon","coordinates":[[[77.59237697186597,12.979818010896112],[77.59229113119193,12.97990080783777],[77.59229139777085,12.979891818385784],[77.59237697186597,12.979818010896112]]]}},{"type":"Feature","properties":{},"geometry":{"type":"Polygon","coordinates":[[[77.59229034159438,12.97988847378388],[77.5922843150513,12.979881646419743],[77.59229069125917,12.979888148199597],[77.59229034159438,12.97988847378388]]]}},{"type":"Feature","properties":{},"geometry":{"type":"Polygon","coordinates":[[[77.5922827617677,12.979881656763121],[77.59232047515468,12.979832538248141],[77.5923270986487,12.97983880084974],[77.5922827617677,12.979881656763121]]]}},{"type":"Feature","properties":{},"geometry":{"type":"Polygon","coordinates":[[[77.5922827617677,12.979881656763121],[77.5922772633129,12.979887448067304],[77.59227353838969,12.97988134586193],[77.5922827617677,12.979881656763121]]]}},{"type":"Feature","properties":{},"geometry":{"type":"Polygon","coordinates":[[[77.59229139777085,12.979891818385784],[77.59229113119193,12.97990080783777],[77.59228340645785,12.97989440751068],[77.59229139777085,12.979891818385784]]]}},{"type":"Feature","properties":{},"geometry":{"type":"Polygon","coordinates":[[[77.59242300778283,12.979759703263836],[77.59243365221118,12.979760531751573],[77.59242787041944,12.979767706578055],[77.59242300778283,12.979759703263836]]]}},{"type":"Feature","properties":{},"geometry":{"type":"Polygon","coordinates":[[[77.59243470726113,12.979761665647315],[77.59247469241325,12.979792503636284],[77.59246546988015,12.979792164942822],[77.59243470726113,12.979761665647315]]]}},{"type":"Feature","properties":{},"geometry":{"type":"Polygon","coordinates":[[[77.59243008599606,12.979748281857075],[77.5924381503965,12.979752654403622],[77.59243365221118,12.979760531751573],[77.59243008599606,12.979748281857075]]]}},{"type":"Feature","properties":{},"geometry":{"type":"Polygon","coordinates":[[[77.5924381503965,12.979752654403622],[77.59243008585526,12.979748281574048],[77.59244332368979,12.979743413973841],[77.5924381503965,12.979752654403622]]]}},{"type":"Feature","properties":{},"geometry":{"type":"Polygon","coordinates":[[[77.59243702282248,12.97971871721688],[77.59243197091905,12.979694048275633],[77.5924434981701,12.979705351861835],[77.59243702282248,12.97971871721688]]]}},{"type":"Feature","properties":{},"geometry":{"type":"Polygon","coordinates":[[[77.5924434981701,12.979705351861835],[77.59243197091905,12.979694048275633],[77.59242455472935,12.979685531892367],[77.5924434981701,12.979705351861835]]]}},{"type":"Feature","properties":{},"geometry":{"type":"Polygon","coordinates":[[[77.59241809571722,12.979742480639375],[77.59242512069915,12.9797366482671],[77.59242849990062,12.979740513062618],[77.59241809571722,12.979742480639375]]]}},{"type":"Feature","properties":{},"geometry":{"type":"Polygon","coordinates":[[[77.5921754290286,12.979465296016457],[77.5921821122318,12.979459093934805],[77.5921886325022,12.979466171309808],[77.5921754290286,12.979465296016457]]]}},{"type":"Feature","properties":{},"geometry":{"type":"Polygon","coordinates":[[[77.5916877995237,12.978937279489978],[77.59168866284233,12.97892422032105],[77.59169525120092,12.97893197365164],[77.5916877995237,12.978937279489978]]]}},{"type":"Feature","properties":{},"geometry":{"type":"Polygon","coordinates":[[[77.59168866284233,12.97892422032105],[77.59152108340209,12.978762216268496],[77.59152783448218,12.978756084326061],[77.59168866284233,12.97892422032105]]]}},{"type":"Feature","properties":{},"geometry":{"type":"Polygon","coordinates":[[[77.59168191176224,12.978930352259335],[77.5916877995237,12.978937279489978],[77.5916876703181,12.978937380076541],[77.59168191176224,12.978930352259335]]]}},{"type":"Feature","properties":{},"geometry":{"type":"Polygon","coordinates":[[[77.59178635642189,12.979053468813278],[77.59178486869172,12.979065666677684],[77.5917789048151,12.979058774649026],[77.59178635642189,12.979053468813278]]]}},{"type":"Feature","properties":{},"geometry":{"type":"Polygon","coordinates":[[[77.59242149660554,12.979752301404082],[77.59242149660554,12.979752301429825],[77.59241458892961,12.979746337548633],[77.59242149660554,12.979752301404082]]]}},{"type":"Feature","properties":{},"geometry":{"type":"Polygon","coordinates":[[[77.59229139777085,12.979891818385784],[77.59237040005422,12.979811696856988],[77.59237697186597,12.979818010896112],[77.59229139777085,12.979891818385784]]]}},{"type":"Feature","properties":{},"geometry":{"type":"Polygon","coordinates":[[[77.5922772633129,12.979887448067304],[77.5922827617677,12.979881656763121],[77.5922843150513,12.979881646419743],[77.5922772633129,12.979887448067304]]]}},{"type":"Feature","properties":{},"geometry":{"type":"Polygon","coordinates":[[[77.59227353838969,12.97988134586193],[77.59232047515468,12.979832538248141],[77.5922827617677,12.979881656763121],[77.59227353838969,12.97988134586193]]]}},{"type":"Feature","properties":{},"geometry":{"type":"Polygon","coordinates":[[[77.59246546988015,12.979792164942822],[77.59242787041944,12.979767706578055],[77.59243470726113,12.979761665647315],[77.59246546988015,12.979792164942822]]]}},{"type":"Feature","properties":{},"geometry":{"type":"Polygon","coordinates":[[[77.59243008599606,12.979748281857075],[77.59243008585526,12.979748281574048],[77.5924381503965,12.979752654403622],[77.59243008599606,12.979748281857075]]]}},{"type":"Feature","properties":{},"geometry":{"type":"Polygon","coordinates":[[[77.5924434981701,12.979705351861835],[77.59244624267996,12.979718317753624],[77.59243702282248,12.97971871721688],[77.5924434981701,12.979705351861835]]]}},{"type":"Feature","properties":{},"geometry":{"type":"Polygon","coordinates":[[[77.59218160752027,12.979472003705588],[77.5921886325022,12.979466171309808],[77.59242512069915,12.9797366482671],[77.59218160752027,12.979472003705588]]]}},{"type":"Feature","properties":{},"geometry":{"type":"Polygon","coordinates":[[[77.59168866284233,12.97892422032105],[77.59168191176224,12.978930352259335],[77.59152108340209,12.978762216268496],[77.59168866284233,12.97892422032105]]]}},{"type":"Feature","properties":{},"geometry":{"type":"Polygon","coordinates":[[[77.5922843150513,12.979881646419743],[77.59229034159438,12.97988847378388],[77.5922772633129,12.979887448067304],[77.5922843150513,12.979881646419743]]]}},{"type":"Feature","properties":{},"geometry":{"type":"Polygon","coordinates":[[[77.59229034159438,12.97988847378388],[77.59228340645785,12.97989440751068],[77.5922772633129,12.979887448067304],[77.59229034159438,12.97988847378388]]]}},{"type":"Feature","properties":{},"geometry":{"type":"Polygon","coordinates":[[[77.59242787041944,12.979767706578055],[77.59243365221118,12.979760531751573],[77.59243470726113,12.979761665647315],[77.59242787041944,12.979767706578055]]]}},{"type":"Feature","properties":{},"geometry":{"type":"Polygon","coordinates":[[[77.59243453362569,12.979740673449138],[77.59243702282248,12.97971871721688],[77.59244624267996,12.979718317753624],[77.59243453362569,12.979740673449138]]]}},{"type":"Feature","properties":{},"geometry":{"type":"Polygon","coordinates":[[[77.59168866284233,12.97892422032105],[77.5916877995237,12.978937279489978],[77.59168191176224,12.978930352259335],[77.59168866284233,12.97892422032105]]]}},{"type":"Feature","properties":{},"geometry":{"type":"Polygon","coordinates":[[[77.59229034159438,12.97988847378388],[77.59229139777085,12.979891818385784],[77.59228340645785,12.97989440751068],[77.59229034159438,12.97988847378388]]]}},{"type":"Feature","properties":{},"geometry":{"type":"Polygon","coordinates":[[[77.59242787041944,12.979767706578055],[77.59242129846677,12.979761392538729],[77.59242300778283,12.979759703263836],[77.59242787041944,12.979767706578055]]]}},{"type":"Feature","properties":{},"geometry":{"type":"Polygon","coordinates":[[[77.59244624267996,12.979718317753624],[77.59244332368979,12.979743413973841],[77.59243453362569,12.979740673449138],[77.59244624267996,12.979718317753624]]]}},{"type":"Feature","properties":{},"geometry":{"type":"Polygon","coordinates":[[[77.5917789048151,12.979058774649026],[77.5916877995237,12.978937279489978],[77.59169525120092,12.97893197365164],[77.5917789048151,12.979058774649026]]]}},{"type":"Feature","properties":{},"geometry":{"type":"Polygon","coordinates":[[[77.59237040005422,12.979811696856988],[77.59242129846677,12.979761392538729],[77.59237697186597,12.979818010896112],[77.59237040005422,12.979811696856988]]]}},{"type":"Feature","properties":{},"geometry":{"type":"Polygon","coordinates":[[[77.59243008585526,12.979748281574048],[77.59243453362569,12.979740673449138],[77.59244332368979,12.979743413973841],[77.59243008585526,12.979748281574048]]]}},{"type":"Feature","properties":{},"geometry":{"type":"Polygon","coordinates":[[[77.59169525120092,12.97893197365164],[77.59178635642189,12.979053468813278],[77.5917789048151,12.979058774649026],[77.59169525120092,12.97893197365164]]]}},{"type":"Feature","properties":{},"geometry":{"type":"Polygon","coordinates":[[[77.59242787041944,12.979767706578055],[77.59237697186597,12.979818010896112],[77.59242129846677,12.979761392538729],[77.59242787041944,12.979767706578055]]]}},{"type":"Feature","properties":{},"geometry":{"type":"Polygon","coordinates":[[[77.59243008585526,12.979748281574048],[77.59243008585526,12.979748281552608],[77.59243453362569,12.979740673449138],[77.59243008585526,12.979748281574048]]]}},{"type":"Feature","properties":{},"geometry":{"type":"Polygon","coordinates":[[[77.59179155196534,12.979059464620354],[77.59178486869172,12.979065666677684],[77.59178635642189,12.979053468813278],[77.59179155196534,12.979059464620354]]]}},{"type":"Feature","properties":{},"geometry":{"type":"Polygon","coordinates":[[[77.59243008599606,12.979748281857075],[77.59243365221118,12.979760531751573],[77.59242300778283,12.979759703263836],[77.59243008599606,12.979748281857075]]]}},{"type":"Feature","properties":{},"geometry":{"type":"Polygon","coordinates":[[[77.5921754290286,12.979465296016457],[77.59178486869172,12.979065666677684],[77.59179155196534,12.979059464620354],[77.5921754290286,12.979465296016457]]]}},{"type":"Feature","properties":{},"geometry":{"type":"Polygon","coordinates":[[[77.59242300778283,12.979759703263836],[77.59242149660554,12.979752301429825],[77.59243008599606,12.979748281857075],[77.59242300778283,12.979759703263836]]]}},{"type":"Feature","properties":{},"geometry":{"type":"Polygon","coordinates":[[[77.59242849990062,12.979740513062618],[77.59243008585526,12.979748281552608],[77.59241809571722,12.979742480639375],[77.59242849990062,12.979740513062618]]]}},{"type":"Feature","properties":{},"geometry":{"type":"Polygon","coordinates":[[[77.59179155196534,12.979059464620354],[77.5921821122318,12.979459093934805],[77.5921754290286,12.979465296016457],[77.59179155196534,12.979059464620354]]]}},{"type":"Feature","properties":{},"geometry":{"type":"Polygon","coordinates":[[[77.59242149660554,12.979752301429825],[77.59242149660554,12.979752301404082],[77.59243008599606,12.979748281857075],[77.59242149660554,12.979752301429825]]]}},{"type":"Feature","properties":{},"geometry":{"type":"Polygon","coordinates":[[[77.59242149660554,12.979752301404082],[77.59241809571722,12.979742480639375],[77.59243008585526,12.979748281552608],[77.59242149660554,12.979752301404082]]]}},{"type":"Feature","properties":{},"geometry":{"type":"Polygon","coordinates":[[[77.5921886325022,12.979466171309808],[77.59218160752027,12.979472003705588],[77.5921754290286,12.979465296016457],[77.5921886325022,12.979466171309808]]]}},{"type":"Feature","properties":{},"geometry":{"type":"Polygon","coordinates":[[[77.59243008585526,12.979748281552608],[77.59243008585526,12.979748281574048],[77.59242149660554,12.979752301404082],[77.59243008585526,12.979748281552608]]]}},{"type":"Feature","properties":{},"geometry":{"type":"Polygon","coordinates":[[[77.59242512069915,12.9797366482671],[77.59241809571722,12.979742480639375],[77.59218160752027,12.979472003705588],[77.59242512069915,12.9797366482671]]]}},{"type":"Feature","properties":{},"geometry":{"type":"Polygon","coordinates":[[[77.59243008585526,12.979748281574048],[77.59243008599606,12.979748281857075],[77.59242149660554,12.979752301404082],[77.59243008585526,12.979748281574048]]]}},{"type":"Feature","properties":{},"geometry":{"type":"Polygon","coordinates":[[[77.59153459365967,12.9787508225334],[77.59153466428268,12.978750758997768],[77.59154465289589,12.978761429689252],[77.59153459365967,12.9787508225334]]]}},{"type":"Feature","properties":{},"geometry":{"type":"Polygon","coordinates":[[[77.5914752252749,12.978784637961326],[77.59164004351777,12.978963205229297],[77.59146859938687,12.978790898140687],[77.5914752252749,12.978784637961326]]]}},{"type":"Feature","properties":{},"geometry":{"type":"Polygon","coordinates":[[[77.59164004351777,12.978963205229297],[77.5914752252749,12.978784637961326],[77.59164666947623,12.978956945054271],[77.59164004351777,12.978963205229297]]]}},{"type":"Feature","properties":{},"geometry":{"type":"Polygon","coordinates":[[[77.59175244379173,12.979083393368626],[77.5916534630851,12.978963995375771],[77.59175927084618,12.979077341917069],[77.59175244379173,12.979083393368626]]]}},{"type":"Feature","properties":{},"geometry":{"type":"Polygon","coordinates":[[[77.5916534630851,12.978963995375771],[77.59175244379173,12.979083393368626],[77.59164663603065,12.97897004689871],[77.5916534630851,12.978963995375771]]]}},{"type":"Feature","properties":{},"geometry":{"type":"Polygon","coordinates":[[[77.59176570260894,12.979083791460642],[77.59182123284836,12.979148412791938],[77.59175929915165,12.979090267763103],[77.59176570260894,12.979083791460642]]]}},{"type":"Feature","properties":{},"geometry":{"type":"Polygon","coordinates":[[[77.59182123284836,12.979148412791938],[77.59215320608945,12.979487521550535],[77.59214640727009,12.979493603147436],[77.59182123284836,12.979148412791938]]]}},{"type":"Feature","properties":{},"geometry":{"type":"Polygon","coordinates":[[[77.59182123284836,12.979148412791938],[77.59176570260894,12.979083791460642],[77.59182783704955,12.979142130939904],[77.59182123284836,12.979148412791938]]]}},{"type":"Feature","properties":{},"geometry":{"type":"Polygon","coordinates":[[[77.59182783704955,12.979142130939904],[77.59215320608945,12.979487521550535],[77.59182123284836,12.979148412791938],[77.59182783704955,12.979142130939904]]]}},{"type":"Feature","properties":{},"geometry":{"type":"Polygon","coordinates":[[[77.59236392020017,12.979801916754624],[77.59232734213259,12.97982565147031],[77.59235730585965,12.97979564500604],[77.59236392020017,12.979801916754624]]]}},{"type":"Feature","properties":{},"geometry":{"type":"Polygon","coordinates":[[[77.59232734213259,12.97982565147031],[77.59236392020017,12.979801916754624],[77.59233395647306,12.97983192321687],[77.59232734213259,12.97982565147031]]]}},{"type":"Feature","properties":{},"geometry":{"type":"Polygon","coordinates":[[[77.59238881470259,12.979764429836733],[77.59239908693434,12.979754318236095],[77.5923971401898,12.979768310828712],[77.59238881470259,12.979764429836733]]]}},{"type":"Feature","properties":{},"geometry":{"type":"Polygon","coordinates":[[[77.59238841067986,12.979742882156689],[77.5921595413177,12.979494152975963],[77.59239673208322,12.979738992939383],[77.59238841067986,12.979742882156689]]]}},{"type":"Feature","properties":{},"geometry":{"type":"Polygon","coordinates":[[[77.5921595413177,12.979494152975963],[77.59238841067986,12.979742882156689],[77.5921528341745,12.979500330596297],[77.5921595413177,12.979494152975963]]]}},{"type":"Feature","properties":{},"geometry":{"type":"Polygon","coordinates":[[[77.59235730585965,12.97979564500604],[77.59238881470259,12.979764429836733],[77.59236392020017,12.979801916754624],[77.59235730585965,12.97979564500604]]]}},{"type":"Feature","properties":{},"geometry":{"type":"Polygon","coordinates":[[[77.59239673208322,12.979738992939383],[77.59239908693434,12.979754318236095],[77.59238841067986,12.979742882156689],[77.59239673208322,12.979738992939383]]]}},{"type":"Feature","properties":{},"geometry":{"type":"Polygon","coordinates":[[[77.5923971401898,12.979768310828712],[77.59236392020017,12.979801916754624],[77.59238881470259,12.979764429836733],[77.5923971401898,12.979768310828712]]]}},{"type":"Feature","properties":{},"geometry":{"type":"Polygon","coordinates":[[[77.59239908693434,12.979754318236095],[77.59238985820497,12.979754392582256],[77.59238841067986,12.979742882156689],[77.59239908693434,12.979754318236095]]]}},{"type":"Feature","properties":{},"geometry":{"type":"Polygon","coordinates":[[[77.59238985820497,12.979754392582256],[77.59239908693434,12.979754318236095],[77.59238881470259,12.979764429836733],[77.59238985820497,12.979754392582256]]]}},{"type":"Feature","properties":{},"geometry":{"type":"Polygon","coordinates":[[[77.59244147735245,12.979897366406364],[77.59249382512087,12.979833573352023],[77.59250035468557,12.979839928932348],[77.59244147735245,12.979897366406364]]]}},{"type":"Feature","properties":{},"geometry":{"type":"Polygon","coordinates":[[[77.59237045863676,12.979964801493972],[77.5923612296258,12.979964773156949],[77.5924349477877,12.979891010831789],[77.59237045863676,12.979964801493972]]]}},{"type":"Feature","properties":{},"geometry":{"type":"Polygon","coordinates":[[[77.59237393402077,12.979966376188635],[77.59237388557744,12.979979107917558],[77.59236736347634,12.979972691537114],[77.59237393402077,12.979966376188635]]]}},{"type":"Feature","properties":{},"geometry":{"type":"Polygon","coordinates":[[[77.59242804461815,12.980021264725462],[77.59248948522122,12.979962604088026],[77.59249869564354,12.979963175442736],[77.59242804461815,12.980021264725462]]]}},{"type":"Feature","properties":{},"geometry":{"type":"Polygon","coordinates":[[[77.59237393402077,12.979966376188635],[77.59237401851487,12.97996629666657],[77.59238042922453,12.97997276608476],[77.59237393402077,12.979966376188635]]]}},{"type":"Feature","properties":{},"geometry":{"type":"Polygon","coordinates":[[[77.5924349477877,12.979891010831789],[77.59249382512087,12.979833573352023],[77.59244147735245,12.979897366406364],[77.5924349477877,12.979891010831789]]]}},{"type":"Feature","properties":{},"geometry":{"type":"Polygon","coordinates":[[[77.59242804461815,12.980021264725462],[77.59242797688205,12.980030257680601],[77.59237388557744,12.979979107917558],[77.59242804461815,12.980021264725462]]]}},{"type":"Feature","properties":{},"geometry":{"type":"Polygon","coordinates":[[[77.59249869564354,12.979963175442736],[77.59242797688205,12.980030257680601],[77.59242804461815,12.980021264725462],[77.59249869564354,12.979963175442736]]]}},{"type":"Feature","properties":{},"geometry":{"type":"Polygon","coordinates":[[[77.59236736347634,12.979972691537114],[77.59237045863676,12.979964801493972],[77.59237393402077,12.979966376188635],[77.59236736347634,12.979972691537114]]]}},{"type":"Feature","properties":{},"geometry":{"type":"Polygon","coordinates":[[[77.59244147735245,12.979897366406364],[77.59237045863676,12.979964801493972],[77.5924349477877,12.979891010831789],[77.59244147735245,12.979897366406364]]]}},{"type":"Feature","properties":{},"geometry":{"type":"Polygon","coordinates":[[[77.59238042922453,12.97997276608476],[77.59242804461815,12.980021264725462],[77.59237388557744,12.979979107917558],[77.59238042922453,12.97997276608476]]]}},{"type":"Feature","properties":{},"geometry":{"type":"Polygon","coordinates":[[[77.59237393402077,12.979966376188635],[77.59238042922453,12.97997276608476],[77.59237388557744,12.979979107917558],[77.59237393402077,12.979966376188635]]]}},{"type":"Feature","properties":{},"geometry":{"type":"Polygon","coordinates":[[[77.59236736347634,12.979972691537114],[77.5923612296258,12.979964773156949],[77.59237045863676,12.979964801493972],[77.59236736347634,12.979972691537114]]]}},{"type":"Feature","properties":{},"geometry":{"type":"Polygon","coordinates":[[[77.58999751649162,12.980050934988837],[77.58997407613299,12.980072591877759],[77.58952070096655,12.979606637482215],[77.58999751649162,12.980050934988837]]]}},{"type":"Feature","properties":{},"geometry":{"type":"Polygon","coordinates":[[[77.5899626723841,12.980132318506138],[77.5899358197305,12.980114823834924],[77.58996961801199,12.980075960568785],[77.5899626723841,12.980132318506138]]]}},{"type":"Feature","properties":{},"geometry":{"type":"Polygon","coordinates":[[[77.58994212918805,12.980171181300332],[77.58989910809174,12.980209422904414],[77.58991191599205,12.980160047362812],[77.58994212918805,12.980171181300332]]]}},{"type":"Feature","properties":{},"geometry":{"type":"Polygon","coordinates":[[[77.58993795517853,12.980295462726973],[77.58990706405802,12.98030466226459],[77.58989781082539,12.980257490440477],[77.58993795517853,12.980295462726973]]]}},{"type":"Feature","properties":{},"geometry":{"type":"Polygon","coordinates":[[[77.58993795517853,12.980295462726973],[77.58992644686828,12.980348805110358],[77.58990706405802,12.98030466226459],[77.58993795517853,12.980295462726973]]]}},{"type":"Feature","properties":{},"geometry":{"type":"Polygon","coordinates":[[[77.59000013925947,12.980053630555972],[77.59001946637397,12.980078850755348],[77.58999339845946,12.980097815557302],[77.59000013925947,12.980053630555972]]]}},{"type":"Feature","properties":{},"geometry":{"type":"Polygon","coordinates":[[[77.59028634231765,12.980079384029795],[77.59027455186742,12.980111203696351],[77.59026480300633,12.980102840642258],[77.59028634231765,12.980079384029795]]]}},{"type":"Feature","properties":{},"geometry":{"type":"Polygon","coordinates":[[[77.5903066373827,12.980378495918393],[77.59028418373936,12.98040119747318],[77.59026089385065,12.980379387058019],[77.5903066373827,12.980378495918393]]]}},{"type":"Feature","properties":{},"geometry":{"type":"Polygon","coordinates":[[[77.58994229761299,12.9803706954961],[77.58992644686828,12.980348805110358],[77.58995462086904,12.980333409655353],[77.58994229761299,12.9803706954961]]]}},{"type":"Feature","properties":{},"geometry":{"type":"Polygon","coordinates":[[[77.58989781082539,12.980257490440477],[77.58993000554932,12.980254933009787],[77.58993795517853,12.980295462726973],[77.58989781082539,12.980257490440477]]]}},{"type":"Feature","properties":{},"geometry":{"type":"Polygon","coordinates":[[[77.58996111487585,12.98039634540075],[77.58984781480996,12.980445012471161],[77.58994082621831,12.980371852783811],[77.58996111487585,12.98039634540075]]]}},{"type":"Feature","properties":{},"geometry":{"type":"Polygon","coordinates":[[[77.58985374615634,12.980342135421921],[77.5898625284047,12.980344899684217],[77.58983332688496,12.980388475748994],[77.58985374615634,12.980342135421921]]]}},{"type":"Feature","properties":{},"geometry":{"type":"Polygon","coordinates":[[[77.58985482838517,12.98031488093846],[77.58985464320222,12.980244886448112],[77.5898640486651,12.9803144898812],[77.58985482838517,12.98031488093846]]]}},{"type":"Feature","properties":{},"geometry":{"type":"Polygon","coordinates":[[[77.58984677546192,12.980205588215657],[77.58985727561651,12.980165830821518],[77.58985599968486,12.980205878755665],[77.58984677546192,12.980205588215657]]]}},{"type":"Feature","properties":{},"geometry":{"type":"Polygon","coordinates":[[[77.58938511466124,12.97957845055651],[77.58938516718842,12.979565700007166],[77.58939168238919,12.979572132453507],[77.58938511466124,12.97957845055651]]]}},{"type":"Feature","properties":{},"geometry":{"type":"Polygon","coordinates":[[[77.58923676734997,12.979431941381746],[77.5887816777979,12.979080320814566],[77.58878741185049,12.979073273995612],[77.58923676734997,12.979431941381746]]]}},{"type":"Feature","properties":{},"geometry":{"type":"Polygon","coordinates":[[[77.5892621443138,12.979720717809391],[77.58925319582329,12.9797229181764],[77.58937799758081,12.97957272514766],[77.5892621443138,12.979720717809391]]]}},{"type":"Feature","properties":{},"geometry":{"type":"Polygon","coordinates":[[[77.58931574414424,12.979811477081954],[77.58909338913787,12.980309129388061],[77.58908498140966,12.980305420673506],[77.58931574414424,12.979811477081954]]]}},{"type":"Feature","properties":{},"geometry":{"type":"Polygon","coordinates":[[[77.58985727561651,12.980165830821518],[77.58984677546192,12.980205588215657],[77.5898482009481,12.980164192764386],[77.58985727561651,12.980165830821518]]]}},{"type":"Feature","properties":{},"geometry":{"type":"Polygon","coordinates":[[[77.58984677546192,12.980205588215657],[77.58973401524298,12.980207747693864],[77.58973458952136,12.980198771966915],[77.58984677546192,12.980205588215657]]]}},{"type":"Feature","properties":{},"geometry":{"type":"Polygon","coordinates":[[[77.58985464320222,12.980244886448112],[77.58985482838517,12.98031488093846],[77.58984542517544,12.98024532381897],[77.58985464320222,12.980244886448112]]]}},{"type":"Feature","properties":{},"geometry":{"type":"Polygon","coordinates":[[[77.5898001877984,12.980418073342172],[77.58979395410392,12.980411441735539],[77.58980077672243,12.98040535546114],[77.5898001877984,12.980418073342172]]]}},{"type":"Feature","properties":{},"geometry":{"type":"Polygon","coordinates":[[[77.5898001877984,12.980418073342172],[77.58888737191438,12.981232822294126],[77.5888811382199,12.981226190640644],[77.5898001877984,12.980418073342172]]]}},{"type":"Feature","properties":{},"geometry":{"type":"Polygon","coordinates":[[[77.5898681034675,12.980469505080908],[77.58989150981722,12.980491066767815],[77.589885169801,12.980497601971743],[77.5898681034675,12.980469505080908]]]}},{"type":"Feature","properties":{},"geometry":{"type":"Polygon","coordinates":[[[77.58960591680659,12.980697239236388],[77.58883752784755,12.981348809167393],[77.58958417485019,12.980673960883712],[77.58960591680659,12.980697239236388]]]}},{"type":"Feature","properties":{},"geometry":{"type":"Polygon","coordinates":[[[77.58883752784755,12.981348809167393],[77.58960591680659,12.980697239236388],[77.58885949434705,12.981371886354312],[77.58883752784755,12.981348809167393]]]}},{"type":"Feature","properties":{},"geometry":{"type":"Polygon","coordinates":[[[77.58989133456237,12.98050429457258],[77.58943825399876,12.980900582576366],[77.58943208930782,12.980893889986195],[77.58989133456237,12.98050429457258]]]}},{"type":"Feature","properties":{},"geometry":{"type":"Polygon","coordinates":[[[77.59006989246438,12.980479324011513],[77.59010168246152,12.980488618193284],[77.59006846169734,12.98048820843939],[77.59006989246438,12.980479324011513]]]}},{"type":"Feature","properties":{},"geometry":{"type":"Polygon","coordinates":[[[77.59011091450026,12.980488724062383],[77.59010290973862,12.980561127742964],[77.59010168675667,12.980488872334009],[77.59011091450026,12.980488724062383]]]}},{"type":"Feature","properties":{},"geometry":{"type":"Polygon","coordinates":[[[77.59010290973862,12.980561127742964],[77.59011091450026,12.980488724062383],[77.59011213748221,12.980560979471381],[77.59010290973862,12.980561127742964]]]}},{"type":"Feature","properties":{},"geometry":{"type":"Polygon","coordinates":[[[77.59014768996724,12.980480213572697],[77.59022875619547,12.980467831690339],[77.59014884940262,12.980489135531592],[77.59014768996724,12.980480213572697]]]}},{"type":"Feature","properties":{},"geometry":{"type":"Polygon","coordinates":[[[77.59062838338514,12.980869331344532],[77.5905009658481,12.980983084094195],[77.59062179443686,12.98086303423543],[77.59062838338514,12.980869331344532]]]}},{"type":"Feature","properties":{},"geometry":{"type":"Polygon","coordinates":[[[77.5905009658481,12.980983084094195],[77.59062838338514,12.980869331344532],[77.59050755478756,12.98098938120028],[77.5905009658481,12.980983084094195]]]}},{"type":"Feature","properties":{},"geometry":{"type":"Polygon","coordinates":[[[77.59074411639978,12.981278344630958],[77.59069789310729,12.981367925231101],[77.59069005063265,12.98136318439805],[77.59074411639978,12.981278344630958]]]}},{"type":"Feature","properties":{},"geometry":{"type":"Polygon","coordinates":[[[77.59062838338514,12.980869331344532],[77.59062214732302,12.980862683626043],[77.59062895923012,12.980856616025267],[77.59062838338514,12.980869331344532]]]}},{"type":"Feature","properties":{},"geometry":{"type":"Polygon","coordinates":[[[77.59010168246152,12.980488618193284],[77.59006989246438,12.980479324011513],[77.59010178589637,12.980479625563499],[77.59010168246152,12.980488618193284]]]}},{"type":"Feature","properties":{},"geometry":{"type":"Polygon","coordinates":[[[77.59001042761548,12.980394777604387],[77.59003412497708,12.980444207509095],[77.58999137398035,12.980420194567028],[77.59001042761548,12.980394777604387]]]}},{"type":"Feature","properties":{},"geometry":{"type":"Polygon","coordinates":[[[77.59012963332748,12.980431796052937],[77.59013006382503,12.980463269369874],[77.59008106807914,12.9804587447862],[77.59012963332748,12.980431796052937]]]}},{"type":"Feature","properties":{},"geometry":{"type":"Polygon","coordinates":[[[77.59025252315905,12.980388027640526],[77.5902730618136,12.980412321553995],[77.59022868360091,12.980440220710001],[77.59025252315905,12.980388027640526]]]}},{"type":"Feature","properties":{},"geometry":{"type":"Polygon","coordinates":[[[77.59025252315905,12.980388027640526],[77.59028418373936,12.98040119747318],[77.5902730618136,12.980412321553995],[77.59025252315905,12.980388027640526]]]}},{"type":"Feature","properties":{},"geometry":{"type":"Polygon","coordinates":[[[77.59091411846907,12.98105305539156],[77.5907089749341,12.980849076070674],[77.59093213794904,12.981026932060784],[77.59091411846907,12.98105305539156]]]}},{"type":"Feature","properties":{},"geometry":{"type":"Polygon","coordinates":[[[77.59093213794904,12.981026932060784],[77.59097557269683,12.98107765676056],[77.59091411846907,12.98105305539156],[77.59093213794904,12.981026932060784]]]}},{"type":"Feature","properties":{},"geometry":{"type":"Polygon","coordinates":[[[77.59103558846499,12.981103108096763],[77.59069609799121,12.981466060921758],[77.5906722248709,12.981444857681165],[77.59103558846499,12.981103108096763]]]}},{"type":"Feature","properties":{},"geometry":{"type":"Polygon","coordinates":[[[77.5910117153557,12.981081904962432],[77.59105440396763,12.981082992193633],[77.59103558846499,12.981103108096763],[77.5910117153557,12.981081904962432]]]}},{"type":"Feature","properties":{},"geometry":{"type":"Polygon","coordinates":[[[77.59112594239252,12.981019816410202],[77.59129918047438,12.980914880575382],[77.59114298429307,12.98104655533176],[77.59112594239252,12.981019816410202]]]}},{"type":"Feature","properties":{},"geometry":{"type":"Polygon","coordinates":[[[77.59130267912946,12.980869959971361],[77.5913242689964,12.980893372374297],[77.59129918047438,12.980914880575382],[77.59130267912946,12.980869959971361]]]}},{"type":"Feature","properties":{},"geometry":{"type":"Polygon","coordinates":[[[77.5918716323232,12.980368501884586],[77.59197254146733,12.980300536694386],[77.59189634748685,12.980388768312826],[77.5918716323232,12.980368501884586]]]}},{"type":"Feature","properties":{},"geometry":{"type":"Polygon","coordinates":[[[77.59206333814399,12.980168661811529],[77.59219475987493,12.98008388963182],[77.59208609170622,12.98019100334092],[77.59206333814399,12.980168661811529]]]}},{"type":"Feature","properties":{},"geometry":{"type":"Polygon","coordinates":[[[77.59241734005815,12.979875765335736],[77.5924349477877,12.979891010831789],[77.59243207653668,12.97989388379015],[77.59241734005815,12.979875765335736]]]}},{"type":"Feature","properties":{},"geometry":{"type":"Polygon","coordinates":[[[77.59241734005815,12.979875765335736],[77.5924241845043,12.979869702033456],[77.5924386101853,12.979887438067008],[77.59241734005815,12.979875765335736]]]}},{"type":"Feature","properties":{},"geometry":{"type":"Polygon","coordinates":[[[77.59246546988015,12.979792164942822],[77.59247469241325,12.979792503636284],[77.59248517771101,12.979819887472537],[77.59246546988015,12.979792164942822]]]}},{"type":"Feature","properties":{},"geometry":{"type":"Polygon","coordinates":[[[77.59248517771101,12.979819887472537],[77.59245289912667,12.979818702044623],[77.59246546988015,12.979792164942822],[77.59248517771101,12.979819887472537]]]}},{"type":"Feature","properties":{},"geometry":{"type":"Polygon","coordinates":[[[77.5924048016941,12.97984587106536],[77.59237697186597,12.979818010896112],[77.59237983790655,12.979815178302585],[77.5924048016941,12.97984587106536]]]}},{"type":"Feature","properties":{},"geometry":{"type":"Polygon","coordinates":[[[77.59237697186597,12.979818010896112],[77.59239719708256,12.979850999850608],[77.59237326989694,12.97982158163138],[77.59237697186597,12.979818010896112]]]}},{"type":"Feature","properties":{},"geometry":{"type":"Polygon","coordinates":[[[77.59221724460502,12.980062321511472],[77.59219475987493,12.98008388963182],[77.59219485901463,12.98003962970303],[77.59221724460502,12.980062321511472]]]}},{"type":"Feature","properties":{},"geometry":{"type":"Polygon","coordinates":[[[77.59211868418623,12.980001645833374],[77.59160939341677,12.979408841612646],[77.59214287823238,12.979980790831414],[77.59211868418623,12.980001645833374]]]}},{"type":"Feature","properties":{},"geometry":{"type":"Polygon","coordinates":[[[77.5913847126393,12.979219042705957],[77.59140838430056,12.979197626059218],[77.59158730975207,12.979385415244407],[77.5913847126393,12.979219042705957]]]}},{"type":"Feature","properties":{},"geometry":{"type":"Polygon","coordinates":[[[77.59140209723398,12.97919099236166],[77.59151275446465,12.979071694458083],[77.59151922685504,12.97907810530415],[77.59140209723398,12.97919099236166]]]}},{"type":"Feature","properties":{},"geometry":{"type":"Polygon","coordinates":[[[77.5916471337714,12.978957411690809],[77.5916534630851,12.978963995375771],[77.5916463695221,12.97896976146893],[77.5916471337714,12.978957411690809]]]}},{"type":"Feature","properties":{},"geometry":{"type":"Polygon","coordinates":[[[77.5916463695221,12.97896976146893],[77.5916534630851,12.978963995375771],[77.59164663603065,12.97897004689871],[77.5916463695221,12.97896976146893]]]}},{"type":"Feature","properties":{},"geometry":{"type":"Polygon","coordinates":[[[77.5916534630851,12.978963995375771],[77.59168191176224,12.978930352259335],[77.5916876703181,12.978937380076541],[77.5916534630851,12.978963995375771]]]}},{"type":"Feature","properties":{},"geometry":{"type":"Polygon","coordinates":[[[77.5916463695221,12.97896976146893],[77.59164004351777,12.978963205229297],[77.5916471337714,12.978957411690809],[77.5916463695221,12.97896976146893]]]}},{"type":"Feature","properties":{},"geometry":{"type":"Polygon","coordinates":[[[77.5916471337714,12.978957411690809],[77.59164004351777,12.978963205229297],[77.59164666947623,12.978956945054271],[77.5916471337714,12.978957411690809]]]}},{"type":"Feature","properties":{},"geometry":{"type":"Polygon","coordinates":[[[77.59135228893632,12.978905492281456],[77.5914678191541,12.97879011403161],[77.59135894735459,12.978911719660791],[77.59135228893632,12.978905492281456]]]}},{"type":"Feature","properties":{},"geometry":{"type":"Polygon","coordinates":[[[77.5914678191541,12.97879011403161],[77.5914752252749,12.978784637961326],[77.59146859938687,12.978790898140687],[77.5914678191541,12.97879011403161]]]}},{"type":"Feature","properties":{},"geometry":{"type":"Polygon","coordinates":[[[77.59152160402664,12.978749445333523],[77.59152783448218,12.978756084326061],[77.59152023458819,12.978761328896763],[77.59152160402664,12.978749445333523]]]}},{"type":"Feature","properties":{},"geometry":{"type":"Polygon","coordinates":[[[77.59152023458819,12.978761328896763],[77.59152783448218,12.978756084326061],[77.59152108340209,12.978762216268496],[77.59152023458819,12.978761328896763]]]}},{"type":"Feature","properties":{},"geometry":{"type":"Polygon","coordinates":[[[77.59153433017889,12.978750544719412],[77.59153436003345,12.978750576212782],[77.59153413577195,12.978750765584618],[77.59153433017889,12.978750544719412]]]}},{"type":"Feature","properties":{},"geometry":{"type":"Polygon","coordinates":[[[77.59153413577195,12.978750765584618],[77.59153404247638,12.978750782806483],[77.59153433017889,12.978750544719412],[77.59153413577195,12.978750765584618]]]}},{"type":"Feature","properties":{},"geometry":{"type":"Polygon","coordinates":[[[77.59152179195564,12.978749286700301],[77.59152809317504,12.97874396795871],[77.59152823406896,12.978744116505815],[77.59152179195564,12.978749286700301]]]}},{"type":"Feature","properties":{},"geometry":{"type":"Polygon","coordinates":[[[77.59152783448218,12.978756084326061],[77.59152160402664,12.978749445333523],[77.59152179195564,12.978749286700301],[77.59152783448218,12.978756084326061]]]}},{"type":"Feature","properties":{},"geometry":{"type":"Polygon","coordinates":[[[77.59152160402664,12.978749445333523],[77.59151382606132,12.978754463275676],[77.59152069888341,12.978748461148836],[77.59152160402664,12.978749445333523]]]}},{"type":"Feature","properties":{},"geometry":{"type":"Polygon","coordinates":[[[77.5914678191541,12.97879011403161],[77.59146137422431,12.9787836327812],[77.59146853988892,12.978777915810609],[77.5914678191541,12.97879011403161]]]}},{"type":"Feature","properties":{},"geometry":{"type":"Polygon","coordinates":[[[77.59146853988892,12.978777915810609],[77.59146137422431,12.9787836327812],[77.59146800426663,12.97877737671843],[77.59146853988892,12.978777915810609]]]}},{"type":"Feature","properties":{},"geometry":{"type":"Polygon","coordinates":[[[77.5914678191541,12.97879011403161],[77.59135228893632,12.978905492281456],[77.59146086451352,12.978784202063075],[77.5914678191541,12.97879011403161]]]}},{"type":"Feature","properties":{},"geometry":{"type":"Polygon","coordinates":[[[77.59080278969498,12.978567723702092],[77.59099844682163,12.978766159525236],[77.59078558970242,12.978594366554718],[77.59080278969498,12.978567723702092]]]}},{"type":"Feature","properties":{},"geometry":{"type":"Polygon","coordinates":[[[77.59073475146982,12.978578129692337],[77.5907366963616,12.978546710546865],[77.59080278969498,12.978567723702092],[77.59073475146982,12.978578129692337]]]}},{"type":"Feature","properties":{},"geometry":{"type":"Polygon","coordinates":[[[77.59052587235567,12.978705173005476],[77.59054743147033,12.978663766429197],[77.59057381230355,12.978681930007797],[77.59052587235567,12.978705173005476]]]}},{"type":"Feature","properties":{},"geometry":{"type":"Polygon","coordinates":[[[77.5907975553107,12.979001694608925],[77.59079671301873,12.979002499507057],[77.59077493864652,12.978979221338756],[77.5907975553107,12.979001694608925]]]}},{"type":"Feature","properties":{},"geometry":{"type":"Polygon","coordinates":[[[77.5909746748764,12.978788349923379],[77.59097511593569,12.978787928433864],[77.59099729152302,12.978810823210802],[77.5909746748764,12.978788349923379]]]}},{"type":"Feature","properties":{},"geometry":{"type":"Polygon","coordinates":[[[77.5912963582652,12.979125545148161],[77.59113195904274,12.979274138172611],[77.59112596664937,12.979267298535634],[77.5912963582652,12.979125545148161]]]}},{"type":"Feature","properties":{},"geometry":{"type":"Polygon","coordinates":[[[77.5912963582652,12.979125545148161],[77.59130259822632,12.979132178847484],[77.59130235065857,12.97913238482335],[77.5912963582652,12.979125545148161]]]}},{"type":"Feature","properties":{},"geometry":{"type":"Polygon","coordinates":[[[77.59140838430056,12.979197626059218],[77.5913847126393,12.979219042705957],[77.5913783369947,12.979212315729775],[77.59140838430056,12.979197626059218]]]}},{"type":"Feature","properties":{},"geometry":{"type":"Polygon","coordinates":[[[77.59158549017121,12.979430012641656],[77.59137071893446,12.979623983110871],[77.59134876151808,12.979600897476663],[77.59158549017121,12.979430012641656]]]}},{"type":"Feature","properties":{},"geometry":{"type":"Polygon","coordinates":[[[77.59134876151808,12.979600897476663],[77.59137071893446,12.979623983110871],[77.59137056592971,12.979624121314085],[77.59134876151808,12.979600897476663]]]}},{"type":"Feature","properties":{},"geometry":{"type":"Polygon","coordinates":[[[77.59164504324605,12.979957269231269],[77.59137056592971,12.979624121314085],[77.59166867322358,12.979935808967587],[77.59164504324605,12.979957269231269]]]}},{"type":"Feature","properties":{},"geometry":{"type":"Polygon","coordinates":[[[77.59106249970125,12.979337653587217],[77.59108554293755,12.979315551234079],[77.59116139549133,12.97939764688433],[77.59106249970125,12.979337653587217]]]}},{"type":"Feature","properties":{},"geometry":{"type":"Polygon","coordinates":[[[77.5910793616294,12.979308861139911],[77.59109179071436,12.979296939557026],[77.59109826482984,12.979303348784864],[77.5910793616294,12.979308861139911]]]}},{"type":"Feature","properties":{},"geometry":{"type":"Polygon","coordinates":[[[77.59100203217122,12.979225158993225],[77.59103956141377,12.97915108148976],[77.59102915110452,12.979205742343323],[77.59100203217122,12.979225158993225]]]}},{"type":"Feature","properties":{},"geometry":{"type":"Polygon","coordinates":[[[77.59103956141377,12.97915108148976],[77.59106258778638,12.979173906316747],[77.59103755872707,12.979197837249613],[77.59103956141377,12.97915108148976]]]}},{"type":"Feature","properties":{},"geometry":{"type":"Polygon","coordinates":[[[77.59105798254001,12.979133463760913],[77.59105117150426,12.979105827588665],[77.59106869741532,12.979123247439924],[77.59105798254001,12.979133463760913]]]}},{"type":"Feature","properties":{},"geometry":{"type":"Polygon","coordinates":[[[77.59105938531843,12.979065582832723],[77.59106479354057,12.9790928143306],[77.59105777947246,12.979099523299126],[77.59105938531843,12.979065582832723]]]}},{"type":"Feature","properties":{},"geometry":{"type":"Polygon","coordinates":[[[77.59106479354057,12.9790928143306],[77.59105938531843,12.979065582832723],[77.59107600679039,12.979082202385994],[77.59106479354057,12.9790928143306]]]}},{"type":"Feature","properties":{},"geometry":{"type":"Polygon","coordinates":[[[77.59107620059876,12.97904956590547],[77.59106639016255,12.979028944433448],[77.59108181181801,12.9790442599323],[77.59107620059876,12.97904956590547]]]}},{"type":"Feature","properties":{},"geometry":{"type":"Polygon","coordinates":[[[77.5910499717582,12.978970677314287],[77.59108191335179,12.979013629002276],[77.5910780002531,12.979017532047886],[77.5910499717582,12.978970677314287]]]}},{"type":"Feature","properties":{},"geometry":{"type":"Polygon","coordinates":[[[77.59108191335179,12.979013629002276],[77.5910499717582,12.978970677314287],[77.59108721081623,12.979008322959736],[77.59108191335179,12.979013629002276]]]}},{"type":"Feature","properties":{},"geometry":{"type":"Polygon","coordinates":[[[77.5910499717582,12.978970677314287],[77.59103995825444,12.978933841021325],[77.59106279085393,12.978954057822165],[77.5910499717582,12.978970677314287]]]}},{"type":"Feature","properties":{},"geometry":{"type":"Polygon","coordinates":[[[77.5910499717582,12.978970677314287],[77.5909786960924,12.978922122823501],[77.59100932718223,12.978923426812406],[77.5910499717582,12.978970677314287]]]}},{"type":"Feature","properties":{},"geometry":{"type":"Polygon","coordinates":[[[77.5910499717582,12.978970677314287],[77.5908725716896,12.978994302527536],[77.59090751271884,12.97894635060016],[77.5910499717582,12.978970677314287]]]}},{"type":"Feature","properties":{},"geometry":{"type":"Polygon","coordinates":[[[77.59105938531843,12.979065582832723],[77.59086406255085,12.979039358637946],[77.5908725716896,12.978994302527536],[77.59105938531843,12.979065582832723]]]}},{"type":"Feature","properties":{},"geometry":{"type":"Polygon","coordinates":[[[77.59103956141377,12.97915108148976],[77.59100203217122,12.979225158993225],[77.5908661667537,12.979065088270934],[77.59103956141377,12.97915108148976]]]}},{"type":"Feature","properties":{},"geometry":{"type":"Polygon","coordinates":[[[77.59100203217122,12.979225158993225],[77.59087641217616,12.97908892974307],[77.5908661667537,12.979065088270934],[77.59100203217122,12.979225158993225]]]}},{"type":"Feature","properties":{},"geometry":{"type":"Polygon","coordinates":[[[77.59056280235893,12.978756209133088],[77.59077493864652,12.978979221338756],[77.59075121050842,12.979000578688442],[77.59056280235893,12.978756209133088]]]}},{"type":"Feature","properties":{},"geometry":{"type":"Polygon","coordinates":[[[77.59057381230355,12.978681930007797],[77.59055473331136,12.978719308792428],[77.59052587235567,12.978705173005476],[77.59057381230355,12.978681930007797]]]}},{"type":"Feature","properties":{},"geometry":{"type":"Polygon","coordinates":[[[77.59046247659387,12.978723356616065],[77.59036593370104,12.978812580183126],[77.59035959815594,12.978806040749502],[77.59046247659387,12.978723356616065]]]}},{"type":"Feature","properties":{},"geometry":{"type":"Polygon","coordinates":[[[77.59052173712547,12.978713190022638],[77.59052227345194,12.978722172904687],[77.5905219716143,12.978722180383505],[77.59052173712547,12.978713190022638]]]}},{"type":"Feature","properties":{},"geometry":{"type":"Polygon","coordinates":[[[77.59056280235893,12.978756209133088],[77.59075121050842,12.979000578688442],[77.59053422449381,12.978770880921749],[77.59056280235893,12.978756209133088]]]}},{"type":"Feature","properties":{},"geometry":{"type":"Polygon","coordinates":[[[77.5910793616294,12.979308861139911],[77.5910563183931,12.979330963493643],[77.59098170366053,12.979250207487237],[77.5910793616294,12.979308861139911]]]}},{"type":"Feature","properties":{},"geometry":{"type":"Polygon","coordinates":[[[77.59096686128271,12.979429386858634],[77.59096674130109,12.979429501922294],[77.59096038716729,12.979422977634027],[77.59096686128271,12.979429386858634]]]}},{"type":"Feature","properties":{},"geometry":{"type":"Polygon","coordinates":[[[77.59096038716729,12.979422977634027],[77.59106249970125,12.979337653587217],[77.59096686128271,12.979429386858634],[77.59096038716729,12.979422977634027]]]}},{"type":"Feature","properties":{},"geometry":{"type":"Polygon","coordinates":[[[77.59137056592971,12.979624121314085],[77.5913469358818,12.97964558161324],[77.59132473160173,12.97962193189852],[77.59137056592971,12.979624121314085]]]}},{"type":"Feature","properties":{},"geometry":{"type":"Polygon","coordinates":[[[77.59156538134528,12.980044102337406],[77.59155899633595,12.980037608786585],[77.59164491516708,12.979957388771654],[77.59156538134528,12.980044102337406]]]}},{"type":"Feature","properties":{},"geometry":{"type":"Polygon","coordinates":[[[77.59128604107553,12.979770401747308],[77.59128638190367,12.979757687497509],[77.59129273540378,12.979764211071547],[77.59128604107553,12.979770401747308]]]}},{"type":"Feature","properties":{},"geometry":{"type":"Polygon","coordinates":[[[77.59095380819105,12.979429286752563],[77.59095369278617,12.979429168258251],[77.59096038716729,12.979422977634027],[77.59095380819105,12.979429286752563]]]}},{"type":"Feature","properties":{},"geometry":{"type":"Polygon","coordinates":[[[77.59036593370104,12.978812580183126],[77.59035285485629,12.97881230223198],[77.59035959815594,12.978806040749502],[77.59036593370104,12.978812580183126]]]}},{"type":"Feature","properties":{},"geometry":{"type":"Polygon","coordinates":[[[77.59005516429443,12.979103772289564],[77.59005498805385,12.979103937440794],[77.59004876682224,12.979097290361203],[77.59005516429443,12.979103772289564]]]}},{"type":"Feature","properties":{},"geometry":{"type":"Polygon","coordinates":[[[77.59004876682224,12.979097290361203],[77.59035925232854,12.978818784167771],[77.59005516429443,12.979103772289564],[77.59004876682224,12.979097290361203]]]}},{"type":"Feature","properties":{},"geometry":{"type":"Polygon","coordinates":[[[77.59096674130109,12.979429501922294],[77.5909668564243,12.979429620107837],[77.59096016230728,12.979435811040645],[77.59096674130109,12.979429501922294]]]}},{"type":"Feature","properties":{},"geometry":{"type":"Polygon","coordinates":[[[77.5906607095414,12.979722924235768],[77.590660602806,12.979723026575925],[77.59065423671098,12.979716513787988],[77.5906607095414,12.979722924235768]]]}},{"type":"Feature","properties":{},"geometry":{"type":"Polygon","coordinates":[[[77.59097438090731,12.979988605726062],[77.59097479744571,12.979979621689065],[77.59100218382054,12.97998625078569],[77.59097438090731,12.979988605726062]]]}},{"type":"Feature","properties":{},"geometry":{"type":"Polygon","coordinates":[[[77.59095022747113,12.979992244460437],[77.59092692663341,12.979995515808369],[77.59094708384976,12.97998378904971],[77.59095022747113,12.979992244460437]]]}},{"type":"Feature","properties":{},"geometry":{"type":"Polygon","coordinates":[[[77.59064765777879,12.979722822530267],[77.59064755436151,12.979722716742321],[77.59065423671098,12.979716513787988],[77.59064765777879,12.979722822530267]]]}},{"type":"Feature","properties":{},"geometry":{"type":"Polygon","coordinates":[[[77.59064765777879,12.979722822530267],[77.59065423671098,12.979716513787988],[77.590660602806,12.979723026575925],[77.59064765777879,12.979722822530267]]]}},{"type":"Feature","properties":{},"geometry":{"type":"Polygon","coordinates":[[[77.58993569179233,12.978976466804298],[77.59004876682224,12.979097290361203],[77.5900419476539,12.979103350320287],[77.58993569179233,12.978976466804298]]]}},{"type":"Feature","properties":{},"geometry":{"type":"Polygon","coordinates":[[[77.59043078892273,12.978493955344709],[77.59045699778397,12.978512353798203],[77.59041591190226,12.978550259487884],[77.59043078892273,12.978493955344709]]]}},{"type":"Feature","properties":{},"geometry":{"type":"Polygon","coordinates":[[[77.5904593890732,12.978433165814906],[77.59046497302546,12.978357894653572],[77.59049710723048,12.97835469495049],[77.5904593890732,12.978433165814906]]]}},{"type":"Feature","properties":{},"geometry":{"type":"Polygon","coordinates":[[[77.59044804096726,12.978299392239979],[77.59038957096618,12.97817742197547],[77.59047679100672,12.978285043454052],[77.59044804096726,12.978299392239979]]]}},{"type":"Feature","properties":{},"geometry":{"type":"Polygon","coordinates":[[[77.59038957096618,12.97817742197547],[77.59044804096726,12.978299392239979],[77.59036426589273,12.978196985091826],[77.59038957096618,12.97817742197547]]]}},{"type":"Feature","properties":{},"geometry":{"type":"Polygon","coordinates":[[[77.59035188254023,12.978607030873007],[77.59033140736187,12.978625191779859],[77.59030966417328,12.978601914262338],[77.59035188254023,12.978607030873007]]]}},{"type":"Feature","properties":{},"geometry":{"type":"Polygon","coordinates":[[[77.5896462763381,12.978664616201321],[77.59009501601633,12.978207207214389],[77.59011722550684,12.978230062798106],[77.5896462763381,12.978664616201321]]]}},{"type":"Feature","properties":{},"geometry":{"type":"Polygon","coordinates":[[[77.5890655339615,12.979173104918432],[77.58937174952229,12.978873466707471],[77.58934697007271,12.978935936460386],[77.5890655339615,12.979173104918432]]]}},{"type":"Feature","properties":{},"geometry":{"type":"Polygon","coordinates":[[[77.58934697007271,12.978935936460386],[77.58909781184167,12.979171901791744],[77.5890655339615,12.979173104918432],[77.58934697007271,12.978935936460386]]]}},{"type":"Feature","properties":{},"geometry":{"type":"Polygon","coordinates":[[[77.58909781184167,12.979171901791744],[77.58934697007271,12.978935936460386],[77.58934899356603,12.978938165077137],[77.58909781184167,12.979171901791744]]]}},{"type":"Feature","properties":{},"geometry":{"type":"Polygon","coordinates":[[[77.58939171984827,12.978854779625982],[77.58941409304612,12.978877483103851],[77.5894065957421,12.978884498572235],[77.58939171984827,12.978854779625982]]]}},{"type":"Feature","properties":{},"geometry":{"type":"Polygon","coordinates":[[[77.58988110366232,12.978931155373754],[77.58982460821841,12.978982188573227],[77.58982167951143,12.978978713740334],[77.58988110366232,12.978931155373754]]]}},{"type":"Feature","properties":{},"geometry":{"type":"Polygon","coordinates":[[[77.58982460828878,12.978982188641849],[77.58988696114676,12.978938105109442],[77.58982765965311,12.978985565358203],[77.58982460828878,12.978982188641849]]]}},{"type":"Feature","properties":{},"geometry":{"type":"Polygon","coordinates":[[[77.58991388822562,12.9789530726777],[77.5899071462286,12.978959215867787],[77.58990704349782,12.978959105195123],[77.58991388822562,12.9789530726777]]]}},{"type":"Feature","properties":{},"geometry":{"type":"Polygon","coordinates":[[[77.58967684743715,12.979219219006696],[77.5895272930569,12.979361520317026],[77.58965435960886,12.979196623350838],[77.58967684743715,12.979219219006696]]]}},{"type":"Feature","properties":{},"geometry":{"type":"Polygon","coordinates":[[[77.5895272930569,12.979361520317026],[77.58943676324083,12.97945905880504],[77.5894128077498,12.979437943869458],[77.5895272930569,12.979361520317026]]]}},{"type":"Feature","properties":{},"geometry":{"type":"Polygon","coordinates":[[[77.5894128077498,12.979437943869458],[77.58943676324083,12.97945905880504],[77.58943486508048,12.979461103637755],[77.5894128077498,12.979437943869458]]]}},{"type":"Feature","properties":{},"geometry":{"type":"Polygon","coordinates":[[[77.59004193167038,12.979103704911712],[77.58972938940121,12.979409907066577],[77.58972298291621,12.979403433654204],[77.59004193167038,12.979103704911712]]]}},{"type":"Feature","properties":{},"geometry":{"type":"Polygon","coordinates":[[[77.59024632738135,12.979308360437768],[77.59023979172599,12.979314723248736],[77.59023950863548,12.979314420803373],[77.59024632738135,12.979308360437768]]]}},{"type":"Feature","properties":{},"geometry":{"type":"Polygon","coordinates":[[[77.59023979172599,12.979314723248736],[77.59020794444893,12.979356611104135],[77.59019871543791,12.979356614123102],[77.59023979172599,12.979314723248736]]]}},{"type":"Feature","properties":{},"geometry":{"type":"Polygon","coordinates":[[[77.59024632738135,12.979308360437768],[77.5902528475109,12.979314725169887],[77.59024631759405,12.979321082423068],[77.59024632738135,12.979308360437768]]]}},{"type":"Feature","properties":{},"geometry":{"type":"Polygon","coordinates":[[[77.59033059033897,12.979398481833588],[77.59032406711128,12.979392120088269],[77.59033058445954,12.979385765993104],[77.59033059033897,12.979398481833588]]]}},{"type":"Feature","properties":{},"geometry":{"type":"Polygon","coordinates":[[[77.59028521960204,12.979440798127493],[77.59019871543791,12.979356614123102],[77.59020794444893,12.979356611104135],[77.59028521960204,12.979440798127493]]]}},{"type":"Feature","properties":{},"geometry":{"type":"Polygon","coordinates":[[[77.59066070688777,12.979723133062848],[77.59092680726786,12.979995393677862],[77.59092012425828,12.980001595951967],[77.59066070688777,12.979723133062848]]]}},{"type":"Feature","properties":{},"geometry":{"type":"Polygon","coordinates":[[[77.59065402387375,12.979729335343764],[77.59033785274931,12.980032566547159],[77.59033137898592,12.98002615702935],[77.59065402387375,12.979729335343764]]]}},{"type":"Feature","properties":{},"geometry":{"type":"Polygon","coordinates":[[[77.59033137898592,12.98002615702935],[77.59033785274931,12.980032566547159],[77.59033775878487,12.98003269095901],[77.59033137898592,12.98002615702935]]]}},{"type":"Feature","properties":{},"geometry":{"type":"Polygon","coordinates":[[[77.59089959921084,12.980046569373112],[77.59090634395392,12.980019947946055],[77.59091469882048,12.98002376834907],[77.59089959921084,12.980046569373112]]]}},{"type":"Feature","properties":{},"geometry":{"type":"Polygon","coordinates":[[[77.59092012425828,12.980001595951967],[77.5909293047028,12.98000461792714],[77.59092755152022,12.980006934152659],[77.59092012425828,12.980001595951967]]]}},{"type":"Feature","properties":{},"geometry":{"type":"Polygon","coordinates":[[[77.59092692663341,12.979995515808369],[77.59095022747113,12.979992244460437],[77.59093168682085,12.980003220424864],[77.59092692663341,12.979995515808369]]]}},{"type":"Feature","properties":{},"geometry":{"type":"Polygon","coordinates":[[[77.59102099668269,12.979999694095305],[77.59102722868727,12.980006327994289],[77.59101786716133,12.980008623327237],[77.59102099668269,12.979999694095305]]]}},{"type":"Feature","properties":{},"geometry":{"type":"Polygon","coordinates":[[[77.59102722868727,12.980006327994289],[77.59103061602133,12.980028988398326],[77.59101933235974,12.9800109832418],[77.59102722868727,12.980006327994289]]]}},{"type":"Feature","properties":{},"geometry":{"type":"Polygon","coordinates":[[[77.59102305661412,12.980097937310383],[77.59101385974606,12.9800949498485],[77.59101561500574,12.980092618117357],[77.59102305661412,12.980097937310383]]]}},{"type":"Feature","properties":{},"geometry":{"type":"Polygon","coordinates":[[[77.59101626902543,12.980104034604645],[77.59099294342042,12.980107328353114],[77.59101150647922,12.980096331363525],[77.59101626902543,12.980104034604645]]]}},{"type":"Feature","properties":{},"geometry":{"type":"Polygon","coordinates":[[[77.59092212425173,12.980099900077157],[77.59091587158127,12.980093283042223],[77.59092520765336,12.98009094513592],[77.59092212425173,12.980099900077157]]]}},{"type":"Feature","properties":{},"geometry":{"type":"Polygon","coordinates":[[[77.59091587158127,12.980093283042223],[77.59091245252671,12.980070584118055],[77.59092376646532,12.98008862548056],[77.59091587158127,12.980093283042223]]]}},{"type":"Feature","properties":{},"geometry":{"type":"Polygon","coordinates":[[[77.59091469882048,12.98002376834907],[77.59090881825858,12.980046987224032],[77.59089959921084,12.980046569373112],[77.59091469882048,12.98002376834907]]]}},{"type":"Feature","properties":{},"geometry":{"type":"Polygon","coordinates":[[[77.59091245252671,12.980070584118055],[77.59091587158127,12.980093283042223],[77.59090377270985,12.980073640124242],[77.59091245252671,12.980070584118055]]]}},{"type":"Feature","properties":{},"geometry":{"type":"Polygon","coordinates":[[[77.59092212425173,12.980099900077157],[77.59064426937977,12.980346753698157],[77.59091574079139,12.980093405069765],[77.59092212425173,12.980099900077157]]]}},{"type":"Feature","properties":{},"geometry":{"type":"Polygon","coordinates":[[[77.59064426937977,12.980346753698157],[77.59092212425173,12.980099900077157],[77.59065065283124,12.980353248698908],[77.59064426937977,12.980346753698157]]]}},{"type":"Feature","properties":{},"geometry":{"type":"Polygon","coordinates":[[[77.59096869135493,12.980110967463125],[77.59096826779296,12.980119951186621],[77.59094098886652,12.980113323345746],[77.59096869135493,12.980110967463125]]]}},{"type":"Feature","properties":{},"geometry":{"type":"Polygon","coordinates":[[[77.59099294342042,12.980107328353114],[77.59101626902543,12.980104034604645],[77.59099608580954,12.980115784171325],[77.59099294342042,12.980107328353114]]]}},{"type":"Feature","properties":{},"geometry":{"type":"Polygon","coordinates":[[[77.59101626902543,12.980104034604645],[77.59102305661412,12.980097937310383],[77.59101642217104,12.980104188880105],[77.59101626902543,12.980104034604645]]]}},{"type":"Feature","properties":{},"geometry":{"type":"Polygon","coordinates":[[[77.59102837618781,12.980075810873192],[77.59103425043025,12.980052577901038],[77.59104346958361,12.980052993607796],[77.59102837618781,12.980075810873192]]]}},{"type":"Feature","properties":{},"geometry":{"type":"Polygon","coordinates":[[[77.59103061602133,12.980028988398326],[77.59102722868727,12.980006327994289],[77.59103929624303,12.980025933437933],[77.59103061602133,12.980028988398326]]]}},{"type":"Feature","properties":{},"geometry":{"type":"Polygon","coordinates":[[[77.59155235242247,12.980043851215187],[77.59125802740226,12.980334695385904],[77.59125160028663,12.98032824141498],[77.59155235242247,12.980043851215187]]]}},{"type":"Feature","properties":{},"geometry":{"type":"Polygon","coordinates":[[[77.59181635605904,12.980353048590425],[77.59175982864815,12.980330696886645],[77.59176631082579,12.980299861032204],[77.59181635605904,12.980353048590425]]]}},{"type":"Feature","properties":{},"geometry":{"type":"Polygon","coordinates":[[[77.59163463659826,12.98032887213584],[77.591527822653,12.980327399744805],[77.59163021114836,12.98029769280672],[77.59163463659826,12.98032887213584]]]}},{"type":"Feature","properties":{},"geometry":{"type":"Polygon","coordinates":[[[77.59147470655142,12.980388703817049],[77.59138736321984,12.980466374291948],[77.59136561893985,12.980443097976043],[77.59147470655142,12.980388703817049]]]}},{"type":"Feature","properties":{},"geometry":{"type":"Polygon","coordinates":[[[77.5912449657028,12.980334515689643],[77.59101642217104,12.980104188880105],[77.59125160028663,12.98032824141498],[77.5912449657028,12.980334515689643]]]}},{"type":"Feature","properties":{},"geometry":{"type":"Polygon","coordinates":[[[77.59125160028663,12.98032824141498],[77.59101642217104,12.980104188880105],[77.59102305661412,12.980097937310383],[77.59125160028663,12.98032824141498]]]}},{"type":"Feature","properties":{},"geometry":{"type":"Polygon","coordinates":[[[77.59033775878487,12.98003269095901],[77.59064426937977,12.980346753698157],[77.59063758174062,12.980352951229223],[77.59033775878487,12.98003269095901]]]}},{"type":"Feature","properties":{},"geometry":{"type":"Polygon","coordinates":[[[77.59032470909057,12.98003237273362],[77.59033137898592,12.98002615702935],[77.59033775878487,12.98003269095901],[77.59032470909057,12.98003237273362]]]}},{"type":"Feature","properties":{},"geometry":{"type":"Polygon","coordinates":[[[77.58971632970844,12.979409704075596],[77.58972298291621,12.979403433654204],[77.58972938940121,12.979409907066577],[77.58971632970844,12.979409704075596]]]}},{"type":"Feature","properties":{},"geometry":{"type":"Polygon","coordinates":[[[77.58954440332735,12.979584732894965],[77.58953797769038,12.97957827749798],[77.58971632970844,12.979409704075596],[77.58954440332735,12.979584732894965]]]}},{"type":"Feature","properties":{},"geometry":{"type":"Polygon","coordinates":[[[77.58953797769038,12.97957827749798],[77.58954440332735,12.979584732894965],[77.58954414125475,12.979584980552698],[77.58953797769038,12.97957827749798]]]}},{"type":"Feature","properties":{},"geometry":{"type":"Polygon","coordinates":[[[77.59033099087628,12.980038961175854],[77.59028634231765,12.980079384029795],[77.59028006053194,12.980072795588635],[77.59033099087628,12.980038961175854]]]}},{"type":"Feature","properties":{},"geometry":{"type":"Polygon","coordinates":[[[77.59032470909057,12.98003237273362],[77.59033107114567,12.980038888497928],[77.59033099087628,12.980038961175854],[77.59032470909057,12.98003237273362]]]}},{"type":"Feature","properties":{},"geometry":{"type":"Polygon","coordinates":[[[77.59092646110605,12.980635755338346],[77.59093288890818,12.980642208683792],[77.59091979464318,12.980641974578065],[77.59092646110605,12.980635755338346]]]}},{"type":"Feature","properties":{},"geometry":{"type":"Polygon","coordinates":[[[77.59091979464318,12.980641974578065],[77.5907320710644,12.980827070904196],[77.59072571204797,12.98082055313647],[77.59091979464318,12.980641974578065]]]}},{"type":"Feature","properties":{},"geometry":{"type":"Polygon","coordinates":[[[77.59091979464318,12.980641974578065],[77.59093288890818,12.980642208683792],[77.59092613078684,12.980648513345866],[77.59091979464318,12.980641974578065]]]}},{"type":"Feature","properties":{},"geometry":{"type":"Polygon","coordinates":[[[77.59131553997935,12.98053065968009],[77.59125787577057,12.980586397583444],[77.5912889719653,12.980512757169906],[77.59131553997935,12.98053065968009]]]}},{"type":"Feature","properties":{},"geometry":{"type":"Polygon","coordinates":[[[77.59123554175676,12.98069059926649],[77.59125787577057,12.980586397583444],[77.59126765413413,12.980694000660124],[77.59123554175676,12.98069059926649]]]}},{"type":"Feature","properties":{},"geometry":{"type":"Polygon","coordinates":[[[77.59135882174002,12.980449185621767],[77.59138736321984,12.980466374291948],[77.59138077479088,12.980472275105237],[77.59135882174002,12.980449185621767]]]}},{"type":"Feature","properties":{},"geometry":{"type":"Polygon","coordinates":[[[77.5918716323232,12.980368501884586],[77.59184921258316,12.9803914000152],[77.59184702207307,12.980388889139515],[77.5918716323232,12.980368501884586]]]}},{"type":"Feature","properties":{},"geometry":{"type":"Polygon","coordinates":[[[77.59127802293563,12.980891096432506],[77.59127595370984,12.980850621290713],[77.59129803322026,12.980866387392192],[77.59127802293563,12.980891096432506]]]}},{"type":"Feature","properties":{},"geometry":{"type":"Polygon","coordinates":[[[77.59126765413413,12.980694000660124],[77.5912664737865,12.980801606366134],[77.59123554175676,12.98069059926649],[77.59126765413413,12.980694000660124]]]}},{"type":"Feature","properties":{},"geometry":{"type":"Polygon","coordinates":[[[77.59127595370984,12.980850621290713],[77.59127802293563,12.980891096432506],[77.59124846889938,12.980867157497801],[77.59127595370984,12.980850621290713]]]}},{"type":"Feature","properties":{},"geometry":{"type":"Polygon","coordinates":[[[77.5910117153557,12.981081904962432],[77.59097557269683,12.98107765676056],[77.59098360990072,12.981047170647333],[77.5910117153557,12.981081904962432]]]}},{"type":"Feature","properties":{},"geometry":{"type":"Polygon","coordinates":[[[77.59030722845421,12.980318242953635],[77.59033669088478,12.98033114671053],[77.59030965449165,12.980375305023687],[77.59030722845421,12.980318242953635]]]}},{"type":"Feature","properties":{},"geometry":{"type":"Polygon","coordinates":[[[77.59032444406068,12.980232070682387],[77.59035672356038,12.980230908213771],[77.59035262520831,12.980282152576024],[77.59032444406068,12.980232070682387]]]}},{"type":"Feature","properties":{},"geometry":{"type":"Polygon","coordinates":[[[77.59029869169649,12.9800902891993],[77.59032904511753,12.980132372023979],[77.59030066153605,12.980147397600897],[77.59029869169649,12.9800902891993]]]}},{"type":"Feature","properties":{},"geometry":{"type":"Polygon","coordinates":[[[77.59027455186742,12.980111203696351],[77.59028634231765,12.980079384029795],[77.59029869169649,12.9800902891993],[77.59027455186742,12.980111203696351]]]}},{"type":"Feature","properties":{},"geometry":{"type":"Polygon","coordinates":[[[77.59028634231765,12.980079384029795],[77.59027943344472,12.980073363340917],[77.59028006053194,12.980072795588635],[77.59028634231765,12.980079384029795]]]}},{"type":"Feature","properties":{},"geometry":{"type":"Polygon","coordinates":[[[77.59020127075132,12.980060870097153],[77.59015803560322,12.980049108675052],[77.59021339995252,12.98003169724225],[77.59020127075132,12.980060870097153]]]}},{"type":"Feature","properties":{},"geometry":{"type":"Polygon","coordinates":[[[77.59011306177746,12.980047161997554],[77.59005943202203,12.98002513310585],[77.59011078987146,12.98001576375877],[77.59011306177746,12.980047161997554]]]}},{"type":"Feature","properties":{},"geometry":{"type":"Polygon","coordinates":[[[77.59002772898344,12.980072708056085],[77.59000013925947,12.980053630555972],[77.59001150554923,12.98004548989061],[77.59002772898344,12.980072708056085]]]}},{"type":"Feature","properties":{},"geometry":{"type":"Polygon","coordinates":[[[77.58951345700405,12.979598767050707],[77.58941034446451,12.979481593200141],[77.58953797769038,12.97957827749798],[77.58951345700405,12.979598767050707]]]}},{"type":"Feature","properties":{},"geometry":{"type":"Polygon","coordinates":[[[77.58933627875012,12.979362737542719],[77.5894128077498,12.979437943869458],[77.58931421099845,12.979385723110092],[77.58933627875012,12.979362737542719]]]}},{"type":"Feature","properties":{},"geometry":{"type":"Polygon","coordinates":[[[77.58931421099845,12.979385723110092],[77.58924582962595,12.97928627547536],[77.58933627875012,12.979362737542719],[77.58931421099845,12.979385723110092]]]}},{"type":"Feature","properties":{},"geometry":{"type":"Polygon","coordinates":[[[77.58922486057952,12.979310217752827],[77.5890655339615,12.979173104918432],[77.58909781184167,12.979171901791744],[77.58922486057952,12.979310217752827]]]}},{"type":"Feature","properties":{},"geometry":{"type":"Polygon","coordinates":[[[77.58924582962595,12.97928627547536],[77.58931421099845,12.979385723110092],[77.58922486057952,12.979310217752827],[77.58924582962595,12.97928627547536]]]}},{"type":"Feature","properties":{},"geometry":{"type":"Polygon","coordinates":[[[77.58954414125475,12.979584980552698],[77.58952070096655,12.979606637482215],[77.58951345700405,12.979598767050707],[77.58954414125475,12.979584980552698]]]}},{"type":"Feature","properties":{},"geometry":{"type":"Polygon","coordinates":[[[77.58994212918805,12.980171181300332],[77.58991191599205,12.980160047362812],[77.5899358197305,12.980114823834924],[77.58994212918805,12.980171181300332]]]}},{"type":"Feature","properties":{},"geometry":{"type":"Polygon","coordinates":[[[77.5899311077751,12.980213716165288],[77.58993000554932,12.980254933009787],[77.58989781082539,12.980257490440477],[77.5899311077751,12.980213716165288]]]}},{"type":"Feature","properties":{},"geometry":{"type":"Polygon","coordinates":[[[77.59000013925947,12.980053630555972],[77.59002772898344,12.980072708056085],[77.59001946637397,12.980078850755348],[77.59000013925947,12.980053630555972]]]}},{"type":"Feature","properties":{},"geometry":{"type":"Polygon","coordinates":[[[77.59026480300633,12.980102840642258],[77.59025791420078,12.980096837450164],[77.59028634231765,12.980079384029795],[77.59026480300633,12.980102840642258]]]}},{"type":"Feature","properties":{},"geometry":{"type":"Polygon","coordinates":[[[77.59028418373936,12.98040119747318],[77.59025252315905,12.980388027640526],[77.59026089385065,12.980379387058019],[77.59028418373936,12.98040119747318]]]}},{"type":"Feature","properties":{},"geometry":{"type":"Polygon","coordinates":[[[77.58995462086904,12.980333409655353],[77.58992644686828,12.980348805110358],[77.58993795517853,12.980295462726973],[77.58995462086904,12.980333409655353]]]}},{"type":"Feature","properties":{},"geometry":{"type":"Polygon","coordinates":[[[77.5898681034675,12.980469505080908],[77.5898445831915,12.980447554359142],[77.58984781480996,12.980445012471161],[77.5898681034675,12.980469505080908]]]}},{"type":"Feature","properties":{},"geometry":{"type":"Polygon","coordinates":[[[77.58984647121264,12.980214580409385],[77.58984677546192,12.980205588215657],[77.58985599968486,12.980205878755665],[77.58984647121264,12.980214580409385]]]}},{"type":"Feature","properties":{},"geometry":{"type":"Polygon","coordinates":[[[77.58923676734997,12.979431941381746],[77.58924293049188,12.979425247276868],[77.58938516718842,12.979565700007166],[77.58923676734997,12.979431941381746]]]}},{"type":"Feature","properties":{},"geometry":{"type":"Polygon","coordinates":[[[77.58878741185049,12.979073273995612],[77.58924293049188,12.979425247276868],[77.58923676734997,12.979431941381746],[77.58878741185049,12.979073273995612]]]}},{"type":"Feature","properties":{},"geometry":{"type":"Polygon","coordinates":[[[77.58931574414424,12.979811477081954],[77.58932453843306,12.97980874946899],[77.58909338913787,12.980309129388061],[77.58931574414424,12.979811477081954]]]}},{"type":"Feature","properties":{},"geometry":{"type":"Polygon","coordinates":[[[77.58984677546192,12.980205588215657],[77.58984620111306,12.980214563976679],[77.58973401524298,12.980207747693864],[77.58984677546192,12.980205588215657]]]}},{"type":"Feature","properties":{},"geometry":{"type":"Polygon","coordinates":[[[77.5888811382199,12.981226190640644],[77.58979395410392,12.980411441735539],[77.5898001877984,12.980418073342172],[77.5888811382199,12.981226190640644]]]}},{"type":"Feature","properties":{},"geometry":{"type":"Polygon","coordinates":[[[77.58958417485019,12.980673960883712],[77.58983757137662,12.98045345496705],[77.58960591680659,12.980697239236388],[77.58958417485019,12.980673960883712]]]}},{"type":"Feature","properties":{},"geometry":{"type":"Polygon","coordinates":[[[77.58943208930782,12.980893889986195],[77.589885169801,12.980497601971743],[77.58989133456237,12.98050429457258],[77.58943208930782,12.980893889986195]]]}},{"type":"Feature","properties":{},"geometry":{"type":"Polygon","coordinates":[[[77.59010168675667,12.980488872334009],[77.59010168246152,12.980488618193284],[77.59011091450026,12.980488724062383],[77.59010168675667,12.980488872334009]]]}},{"type":"Feature","properties":{},"geometry":{"type":"Polygon","coordinates":[[[77.59062179443686,12.98086303423543],[77.59062214732302,12.980862683626043],[77.59062838338514,12.980869331344532],[77.59062179443686,12.98086303423543]]]}},{"type":"Feature","properties":{},"geometry":{"type":"Polygon","coordinates":[[[77.59074411639978,12.981278344630958],[77.5907525635497,12.981281967222566],[77.59069789310729,12.981367925231101],[77.59074411639978,12.981278344630958]]]}},{"type":"Feature","properties":{},"geometry":{"type":"Polygon","coordinates":[[[77.59026937375091,12.98048649161723],[77.59027483534516,12.980479242225405],[77.59062895923012,12.980856616025267],[77.59026937375091,12.98048649161723]]]}},{"type":"Feature","properties":{},"geometry":{"type":"Polygon","coordinates":[[[77.59010168246152,12.980488618193284],[77.59010178589637,12.980479625563499],[77.59011102793357,12.980479731569828],[77.59010168246152,12.980488618193284]]]}},{"type":"Feature","properties":{},"geometry":{"type":"Polygon","coordinates":[[[77.5900471569276,12.980415406784907],[77.59008106807914,12.9804587447862],[77.59003412497708,12.980444207509095],[77.5900471569276,12.980415406784907]]]}},{"type":"Feature","properties":{},"geometry":{"type":"Polygon","coordinates":[[[77.59022868360091,12.980440220710001],[77.59017910319102,12.98045744512793],[77.59021441243857,12.980411983225627],[77.59022868360091,12.980440220710001]]]}},{"type":"Feature","properties":{},"geometry":{"type":"Polygon","coordinates":[[[77.5907320710644,12.980827070904196],[77.59093213794904,12.981026932060784],[77.5907089749341,12.980849076070674],[77.5907320710644,12.980827070904196]]]}},{"type":"Feature","properties":{},"geometry":{"type":"Polygon","coordinates":[[[77.5906722248709,12.981444857681165],[77.5910117153557,12.981081904962432],[77.59103558846499,12.981103108096763],[77.5906722248709,12.981444857681165]]]}},{"type":"Feature","properties":{},"geometry":{"type":"Polygon","coordinates":[[[77.59114298429307,12.98104655533176],[77.59105502626676,12.981082737641835],[77.59112594239252,12.981019816410202],[77.59114298429307,12.98104655533176]]]}},{"type":"Feature","properties":{},"geometry":{"type":"Polygon","coordinates":[[[77.59189634748685,12.980388768312826],[77.59187080245016,12.980414812394585],[77.59184921258316,12.9803914000152],[77.59189634748685,12.980388768312826]]]}},{"type":"Feature","properties":{},"geometry":{"type":"Polygon","coordinates":[[[77.5924386101853,12.979887438067008],[77.5924349477877,12.979891010831789],[77.59241734005815,12.979875765335736],[77.5924386101853,12.979887438067008]]]}},{"type":"Feature","properties":{},"geometry":{"type":"Polygon","coordinates":[[[77.59248517771101,12.979819887472537],[77.5924241845043,12.979869702033456],[77.59245289912667,12.979818702044623],[77.59248517771101,12.979819887472537]]]}},{"type":"Feature","properties":{},"geometry":{"type":"Polygon","coordinates":[[[77.5924048016941,12.97984587106536],[77.59239719708256,12.979850999850608],[77.59237697186597,12.979818010896112],[77.5924048016941,12.97984587106536]]]}},{"type":"Feature","properties":{},"geometry":{"type":"Polygon","coordinates":[[[77.5915636380908,12.979406831874961],[77.59158730975207,12.979385415244407],[77.59160939341677,12.979408841612646],[77.5915636380908,12.979406831874961]]]}},{"type":"Feature","properties":{},"geometry":{"type":"Polygon","coordinates":[[[77.59164770452918,12.978956967559302],[77.59168191176224,12.978930352259335],[77.5916534630851,12.978963995375771],[77.59164770452918,12.978956967559302]]]}},{"type":"Feature","properties":{},"geometry":{"type":"Polygon","coordinates":[[[77.5916471337714,12.978957411690809],[77.59164770452918,12.978956967559302],[77.5916534630851,12.978963995375771],[77.5916471337714,12.978957411690809]]]}},{"type":"Feature","properties":{},"geometry":{"type":"Polygon","coordinates":[[[77.59135894735459,12.978911719660791],[77.59124149700796,12.97902015230641],[77.59135228893632,12.978905492281456],[77.59135894735459,12.978911719660791]]]}},{"type":"Feature","properties":{},"geometry":{"type":"Polygon","coordinates":[[[77.59152823406896,12.978744116505815],[77.59153404247638,12.978750782806483],[77.59152783448218,12.978756084326061],[77.59152823406896,12.978744116505815]]]}},{"type":"Feature","properties":{},"geometry":{"type":"Polygon","coordinates":[[[77.59153413577195,12.978750765584618],[77.59152783448218,12.978756084326061],[77.59153404247638,12.978750782806483],[77.59153413577195,12.978750765584618]]]}},{"type":"Feature","properties":{},"geometry":{"type":"Polygon","coordinates":[[[77.59152783448218,12.978756084326061],[77.59152179195564,12.978749286700301],[77.59152823406896,12.978744116505815],[77.59152783448218,12.978756084326061]]]}},{"type":"Feature","properties":{},"geometry":{"type":"Polygon","coordinates":[[[77.59146853988892,12.978777915810609],[77.5914752252749,12.978784637961326],[77.5914678191541,12.97879011403161],[77.59146853988892,12.978777915810609]]]}},{"type":"Feature","properties":{},"geometry":{"type":"Polygon","coordinates":[[[77.59097511593569,12.978787928433864],[77.59078558970242,12.978594366554718],[77.59099844682163,12.978766159525236],[77.59097511593569,12.978787928433864]]]}},{"type":"Feature","properties":{},"geometry":{"type":"Polygon","coordinates":[[[77.59066148906123,12.978592044140873],[77.59057381230355,12.978681930007797],[77.59054743147033,12.978663766429197],[77.59066148906123,12.978592044140873]]]}},{"type":"Feature","properties":{},"geometry":{"type":"Polygon","coordinates":[[[77.59099729152302,12.978810823210802],[77.5907975553107,12.979001694608925],[77.59077493864652,12.978979221338756],[77.59099729152302,12.978810823210802]]]}},{"type":"Feature","properties":{},"geometry":{"type":"Polygon","coordinates":[[[77.59130235065857,12.97913238482335],[77.59113195904274,12.979274138172611],[77.5912963582652,12.979125545148161],[77.59130235065857,12.97913238482335]]]}},{"type":"Feature","properties":{},"geometry":{"type":"Polygon","coordinates":[[[77.59158730975207,12.979385415244407],[77.5915636380908,12.979406831874961],[77.5913847126393,12.979219042705957],[77.59158730975207,12.979385415244407]]]}},{"type":"Feature","properties":{},"geometry":{"type":"Polygon","coordinates":[[[77.59134876151808,12.979600897476663],[77.59156353275478,12.979406927006611],[77.59158549017121,12.979430012641656],[77.59134876151808,12.979600897476663]]]}},{"type":"Feature","properties":{},"geometry":{"type":"Polygon","coordinates":[[[77.59166867322358,12.979935808967587],[77.59167515159896,12.979942655953463],[77.59164504324605,12.979957269231269],[77.59166867322358,12.979935808967587]]]}},{"type":"Feature","properties":{},"geometry":{"type":"Polygon","coordinates":[[[77.59109826482984,12.979303348784864],[77.59108554293755,12.979315551234079],[77.5910793616294,12.979308861139911],[77.59109826482984,12.979303348784864]]]}},{"type":"Feature","properties":{},"geometry":{"type":"Polygon","coordinates":[[[77.59103755872707,12.979197837249613],[77.59102915110452,12.979205742343323],[77.59103956141377,12.97915108148976],[77.59103755872707,12.979197837249613]]]}},{"type":"Feature","properties":{},"geometry":{"type":"Polygon","coordinates":[[[77.59103956141377,12.97915108148976],[77.59105117150426,12.979105827588665],[77.59105798254001,12.979133463760913],[77.59103956141377,12.97915108148976]]]}},{"type":"Feature","properties":{},"geometry":{"type":"Polygon","coordinates":[[[77.59105777947246,12.979099523299126],[77.59105117150426,12.979105827588665],[77.59105938531843,12.979065582832723],[77.59105777947246,12.979099523299126]]]}},{"type":"Feature","properties":{},"geometry":{"type":"Polygon","coordinates":[[[77.59106829131548,12.979057075244658],[77.59106639016255,12.979028944433448],[77.59107620059876,12.97904956590547],[77.59106829131548,12.979057075244658]]]}},{"type":"Feature","properties":{},"geometry":{"type":"Polygon","coordinates":[[[77.5910780002531,12.979017532047886],[77.59107239822254,12.979023035901253],[77.5910499717582,12.978970677314287],[77.5910780002531,12.979017532047886]]]}},{"type":"Feature","properties":{},"geometry":{"type":"Polygon","coordinates":[[[77.59100932718223,12.978923426812406],[77.59103995825444,12.978933841021325],[77.5910499717582,12.978970677314287],[77.59100932718223,12.978923426812406]]]}},{"type":"Feature","properties":{},"geometry":{"type":"Polygon","coordinates":[[[77.59090751271884,12.97894635060016],[77.59094956010836,12.978926934168607],[77.5910499717582,12.978970677314287],[77.59090751271884,12.97894635060016]]]}},{"type":"Feature","properties":{},"geometry":{"type":"Polygon","coordinates":[[[77.59055473331136,12.978719308792428],[77.59056280235893,12.978756209133088],[77.59052323916688,12.97872630244634],[77.59055473331136,12.978719308792428]]]}},{"type":"Feature","properties":{},"geometry":{"type":"Polygon","coordinates":[[[77.59052173712547,12.978713190022638],[77.59052587235567,12.978705173005476],[77.59055473331136,12.978719308792428],[77.59052173712547,12.978713190022638]]]}},{"type":"Feature","properties":{},"geometry":{"type":"Polygon","coordinates":[[[77.59035959815594,12.978806040749502],[77.59045895910373,12.97871504216188],[77.59046247659387,12.978723356616065],[77.59035959815594,12.978806040749502]]]}},{"type":"Feature","properties":{},"geometry":{"type":"Polygon","coordinates":[[[77.59053422449381,12.978770880921749],[77.59052323916688,12.97872630244634],[77.59056280235893,12.978756209133088],[77.59053422449381,12.978770880921749]]]}},{"type":"Feature","properties":{},"geometry":{"type":"Polygon","coordinates":[[[77.59096038716729,12.979422977634027],[77.5910563183931,12.979330963493643],[77.59106249970125,12.979337653587217],[77.59096038716729,12.979422977634027]]]}},{"type":"Feature","properties":{},"geometry":{"type":"Polygon","coordinates":[[[77.59137056592971,12.979624121314085],[77.59164504324605,12.979957269231269],[77.5913469358818,12.97964558161324],[77.59137056592971,12.979624121314085]]]}},{"type":"Feature","properties":{},"geometry":{"type":"Polygon","coordinates":[[[77.59096038716729,12.979422977634027],[77.59096674130109,12.979429501922294],[77.59095380819105,12.979429286752563],[77.59096038716729,12.979422977634027]]]}},{"type":"Feature","properties":{},"geometry":{"type":"Polygon","coordinates":[[[77.59035925232854,12.978818784167771],[77.59035285485629,12.97881230223198],[77.59036593370104,12.978812580183126],[77.59035925232854,12.978818784167771]]]}},{"type":"Feature","properties":{},"geometry":{"type":"Polygon","coordinates":[[[77.59004876682224,12.979097290361203],[77.59035285485629,12.97881230223198],[77.59035925232854,12.978818784167771],[77.59004876682224,12.979097290361203]]]}},{"type":"Feature","properties":{},"geometry":{"type":"Polygon","coordinates":[[[77.59096016230728,12.979435811040645],[77.5906607095414,12.979722924235768],[77.59065423671098,12.979716513787988],[77.59096016230728,12.979435811040645]]]}},{"type":"Feature","properties":{},"geometry":{"type":"Polygon","coordinates":[[[77.59033059033897,12.979398481833588],[77.59033727269718,12.97939227885831],[77.59065423671098,12.979716513787988],[77.59033059033897,12.979398481833588]]]}},{"type":"Feature","properties":{},"geometry":{"type":"Polygon","coordinates":[[[77.59039400042957,12.978527132363157],[77.59043078892273,12.978493955344709],[77.59041591190226,12.978550259487884],[77.59039400042957,12.978527132363157]]]}},{"type":"Feature","properties":{},"geometry":{"type":"Polygon","coordinates":[[[77.59047679100672,12.978285043454052],[77.59049710723048,12.97835469495049],[77.59044804096726,12.978299392239979],[77.59047679100672,12.978285043454052]]]}},{"type":"Feature","properties":{},"geometry":{"type":"Polygon","coordinates":[[[77.58993563525166,12.97897634673168],[77.5899071462286,12.978959215867787],[77.58991388822562,12.9789530726777],[77.58993563525166,12.97897634673168]]]}},{"type":"Feature","properties":{},"geometry":{"type":"Polygon","coordinates":[[[77.5896462763381,12.978664616201321],[77.58962406677716,12.978641760588946],[77.59009501601633,12.978207207214389],[77.5896462763381,12.978664616201321]]]}},{"type":"Feature","properties":{},"geometry":{"type":"Polygon","coordinates":[[[77.5894065957421,12.978884498572235],[77.58934697007271,12.978935936460386],[77.58937174952229,12.978873466707471],[77.5894065957421,12.978884498572235]]]}},{"type":"Feature","properties":{},"geometry":{"type":"Polygon","coordinates":[[[77.58961742039929,12.978647874763405],[77.58962406677716,12.978641760588946],[77.58963956377323,12.978670791234961],[77.58961742039929,12.978647874763405]]]}},{"type":"Feature","properties":{},"geometry":{"type":"Polygon","coordinates":[[[77.58988110366232,12.978931155373754],[77.58982460828878,12.978982188641849],[77.58982460821841,12.978982188573227],[77.58988110366232,12.978931155373754]]]}},{"type":"Feature","properties":{},"geometry":{"type":"Polygon","coordinates":[[[77.58988110366232,12.978931155373754],[77.58988730039061,12.978937833539444],[77.58988696114676,12.978938105109442],[77.58988110366232,12.978931155373754]]]}},{"type":"Feature","properties":{},"geometry":{"type":"Polygon","coordinates":[[[77.5896967229184,12.979200436167632],[77.58967684743715,12.979219219006696],[77.58965435960886,12.979196623350838],[77.5896967229184,12.979200436167632]]]}},{"type":"Feature","properties":{},"geometry":{"type":"Polygon","coordinates":[[[77.5894128077498,12.979437943869458],[77.58950402267232,12.97933968998155],[77.5895272930569,12.979361520317026],[77.5894128077498,12.979437943869458]]]}},{"type":"Feature","properties":{},"geometry":{"type":"Polygon","coordinates":[[[77.59004833822576,12.979110178331887],[77.58972938940121,12.979409907066577],[77.59004193167038,12.979103704911712],[77.59004833822576,12.979110178331887]]]}},{"type":"Feature","properties":{},"geometry":{"type":"Polygon","coordinates":[[[77.59024631759405,12.979321082423068],[77.59020794444893,12.979356611104135],[77.59023979172599,12.979314723248736],[77.59024631759405,12.979321082423068]]]}},{"type":"Feature","properties":{},"geometry":{"type":"Polygon","coordinates":[[[77.59033059033897,12.979398481833588],[77.59028521960204,12.979440798127493],[77.5902852183346,12.9794318049109],[77.59033059033897,12.979398481833588]]]}},{"type":"Feature","properties":{},"geometry":{"type":"Polygon","coordinates":[[[77.59020794444893,12.979356611104135],[77.5902852183346,12.9794318049109],[77.59028521960204,12.979440798127493],[77.59020794444893,12.979356611104135]]]}},{"type":"Feature","properties":{},"geometry":{"type":"Polygon","coordinates":[[[77.59033137898592,12.98002615702935],[77.59064755007955,12.979722925818136],[77.59065402387375,12.979729335343764],[77.59033137898592,12.98002615702935]]]}},{"type":"Feature","properties":{},"geometry":{"type":"Polygon","coordinates":[[[77.59090634395392,12.980019947946055],[77.59092012425828,12.980001595951967],[77.59091469882048,12.98002376834907],[77.59090634395392,12.980019947946055]]]}},{"type":"Feature","properties":{},"geometry":{"type":"Polygon","coordinates":[[[77.59091245252671,12.980070584118055],[77.59089959921084,12.980046569373112],[77.59090881825858,12.980046987224032],[77.59091245252671,12.980070584118055]]]}},{"type":"Feature","properties":{},"geometry":{"type":"Polygon","coordinates":[[[77.59091574079139,12.980093405069765],[77.59091587158127,12.980093283042223],[77.59092212425173,12.980099900077157],[77.59091574079139,12.980093405069765]]]}},{"type":"Feature","properties":{},"geometry":{"type":"Polygon","coordinates":[[[77.59101385974606,12.9800949498485],[77.59102305661412,12.980097937310383],[77.59101626902543,12.980104034604645],[77.59101385974606,12.9800949498485]]]}},{"type":"Feature","properties":{},"geometry":{"type":"Polygon","coordinates":[[[77.59155235242247,12.980043851215187],[77.5915587795381,12.980050305176363],[77.59125802740226,12.980334695385904],[77.59155235242247,12.980043851215187]]]}},{"type":"Feature","properties":{},"geometry":{"type":"Polygon","coordinates":[[[77.5912513935225,12.98034096900862],[77.5912449657028,12.980334515689643],[77.59125160028663,12.98032824141498],[77.5912513935225,12.98034096900862]]]}},{"type":"Feature","properties":{},"geometry":{"type":"Polygon","coordinates":[[[77.58972938940121,12.979409907066577],[77.59033137898592,12.98002615702935],[77.5897227553454,12.979416159476958],[77.58972938940121,12.979409907066577]]]}},{"type":"Feature","properties":{},"geometry":{"type":"Polygon","coordinates":[[[77.5897227553454,12.979416159476958],[77.58954440332735,12.979584732894965],[77.58971632970844,12.979409704075596],[77.5897227553454,12.979416159476958]]]}},{"type":"Feature","properties":{},"geometry":{"type":"Polygon","coordinates":[[[77.59028006053194,12.980072795588635],[77.59032470909057,12.98003237273362],[77.59033099087628,12.980038961175854],[77.59028006053194,12.980072795588635]]]}},{"type":"Feature","properties":{},"geometry":{"type":"Polygon","coordinates":[[[77.59091979464318,12.980641974578065],[77.59064394424462,12.980359468871958],[77.59092646110605,12.980635755338346],[77.59091979464318,12.980641974578065]]]}},{"type":"Feature","properties":{},"geometry":{"type":"Polygon","coordinates":[[[77.59092613078684,12.980648513345866],[77.5907320710644,12.980827070904196],[77.59091979464318,12.980641974578065],[77.59092613078684,12.980648513345866]]]}},{"type":"Feature","properties":{},"geometry":{"type":"Polygon","coordinates":[[[77.59125787577057,12.980586397583444],[77.591288770306,12.9805955861666],[77.59126765413413,12.980694000660124],[77.59125787577057,12.980586397583444]]]}},{"type":"Feature","properties":{},"geometry":{"type":"Polygon","coordinates":[[[77.59123432254182,12.980804639240931],[77.59123554175676,12.98069059926649],[77.5912664737865,12.980801606366134],[77.59123432254182,12.980804639240931]]]}},{"type":"Feature","properties":{},"geometry":{"type":"Polygon","coordinates":[[[77.59124846889938,12.980867157497801],[77.59123432254182,12.980804639240931],[77.59127595370984,12.980850621290713],[77.59124846889938,12.980867157497801]]]}},{"type":"Feature","properties":{},"geometry":{"type":"Polygon","coordinates":[[[77.59030722845421,12.980318242953635],[77.59035262520831,12.980282152576024],[77.59033669088478,12.98033114671053],[77.59030722845421,12.980318242953635]]]}},{"type":"Feature","properties":{},"geometry":{"type":"Polygon","coordinates":[[[77.59031759507297,12.980188393832613],[77.59030066153605,12.980147397600897],[77.59032904511753,12.980132372023979],[77.59031759507297,12.980188393832613]]]}},{"type":"Feature","properties":{},"geometry":{"type":"Polygon","coordinates":[[[77.5902407778076,12.980081779605106],[77.59020127075132,12.980060870097153],[77.59021339995252,12.98003169724225],[77.5902407778076,12.980081779605106]]]}},{"type":"Feature","properties":{},"geometry":{"type":"Polygon","coordinates":[[[77.59011078987146,12.98001576375877],[77.590163126726,12.980018025917417],[77.59011306177746,12.980047161997554],[77.59011078987146,12.98001576375877]]]}},{"type":"Feature","properties":{},"geometry":{"type":"Polygon","coordinates":[[[77.58938986844129,12.979460104395363],[77.58931421099845,12.979385723110092],[77.5894128077498,12.979437943869458],[77.58938986844129,12.979460104395363]]]}},{"type":"Feature","properties":{},"geometry":{"type":"Polygon","coordinates":[[[77.58909781184167,12.979171901791744],[77.58924582962595,12.97928627547536],[77.58922486057952,12.979310217752827],[77.58909781184167,12.979171901791744]]]}},{"type":"Feature","properties":{},"geometry":{"type":"Polygon","coordinates":[[[77.58954414125475,12.979584980552698],[77.58999751649162,12.980050934988837],[77.58952070096655,12.979606637482215],[77.58954414125475,12.979584980552698]]]}},{"type":"Feature","properties":{},"geometry":{"type":"Polygon","coordinates":[[[77.58989781082539,12.980257490440477],[77.58989910809174,12.980209422904414],[77.5899311077751,12.980213716165288],[77.58989781082539,12.980257490440477]]]}},{"type":"Feature","properties":{},"geometry":{"type":"Polygon","coordinates":[[[77.58995462086904,12.980333409655353],[77.58996862809295,12.980352462776528],[77.58994229761299,12.9803706954961],[77.58995462086904,12.980333409655353]]]}},{"type":"Feature","properties":{},"geometry":{"type":"Polygon","coordinates":[[[77.58937859791149,12.979572016600851],[77.58923676734997,12.979431941381746],[77.58938516718842,12.979565700007166],[77.58937859791149,12.979572016600851]]]}},{"type":"Feature","properties":{},"geometry":{"type":"Polygon","coordinates":[[[77.58927756378648,12.979782177737066],[77.58932453843306,12.97980874946899],[77.58931574414424,12.979811477081954],[77.58927756378648,12.979782177737066]]]}},{"type":"Feature","properties":{},"geometry":{"type":"Polygon","coordinates":[[[77.58984647121264,12.980214580409385],[77.58984620111306,12.980214563976679],[77.58984677546192,12.980205588215657],[77.58984647121264,12.980214580409385]]]}},{"type":"Feature","properties":{},"geometry":{"type":"Polygon","coordinates":[[[77.58980077672243,12.98040535546114],[77.58980700682594,12.980411990361329],[77.5898001877984,12.980418073342172],[77.58980077672243,12.98040535546114]]]}},{"type":"Feature","properties":{},"geometry":{"type":"Polygon","coordinates":[[[77.58983757137662,12.98045345496705],[77.58985908681836,12.980476932316654],[77.58960591680659,12.980697239236388],[77.58983757137662,12.98045345496705]]]}},{"type":"Feature","properties":{},"geometry":{"type":"Polygon","coordinates":[[[77.589885169801,12.980497601971743],[77.58989772520471,12.98049924181059],[77.58989133456237,12.98050429457258],[77.589885169801,12.980497601971743]]]}},{"type":"Feature","properties":{},"geometry":{"type":"Polygon","coordinates":[[[77.59011102793357,12.980479731569828],[77.59011091450026,12.980488724062383],[77.59010168246152,12.980488618193284],[77.59011102793357,12.980479731569828]]]}},{"type":"Feature","properties":{},"geometry":{"type":"Polygon","coordinates":[[[77.59063519523943,12.980863263675296],[77.59075231277603,12.980988252801243],[77.59074436717344,12.980992827736761],[77.59063519523943,12.980863263675296]]]}},{"type":"Feature","properties":{},"geometry":{"type":"Polygon","coordinates":[[[77.59077990104339,12.98115426737145],[77.5907525635497,12.981281967222566],[77.59074411639978,12.981278344630958],[77.59077990104339,12.98115426737145]]]}},{"type":"Feature","properties":{},"geometry":{"type":"Polygon","coordinates":[[[77.59104252684051,12.98105371379567],[77.59105440396763,12.981082992193633],[77.5910117153557,12.981081904962432],[77.59104252684051,12.98105371379567]]]}},{"type":"Feature","properties":{},"geometry":{"type":"Polygon","coordinates":[[[77.59184921258316,12.9803914000152],[77.59187080245016,12.980414812394585],[77.5913242689964,12.980893372374297],[77.59184921258316,12.9803914000152]]]}},{"type":"Feature","properties":{},"geometry":{"type":"Polygon","coordinates":[[[77.5924048016941,12.97984587106536],[77.59245289912667,12.979818702044623],[77.5924241845043,12.979869702033456],[77.5924048016941,12.97984587106536]]]}},{"type":"Feature","properties":{},"geometry":{"type":"Polygon","coordinates":[[[77.59241734005815,12.979875765335736],[77.59232495475123,12.979917764669379],[77.59239719708256,12.979850999850608],[77.59241734005815,12.979875765335736]]]}},{"type":"Feature","properties":{},"geometry":{"type":"Polygon","coordinates":[[[77.5916463695221,12.97896976146893],[77.59164611920824,12.978969974786528],[77.59164004351777,12.978963205229297],[77.5916463695221,12.97896976146893]]]}},{"type":"Feature","properties":{},"geometry":{"type":"Polygon","coordinates":[[[77.59151922685504,12.97907810530415],[77.59151275446465,12.979071694458083],[77.59164004351777,12.978963205229297],[77.59151922685504,12.97907810530415]]]}},{"type":"Feature","properties":{},"geometry":{"type":"Polygon","coordinates":[[[77.59151382606132,12.978754463275676],[77.59152160402664,12.978749445333523],[77.59152023458819,12.978761328896763],[77.59151382606132,12.978754463275676]]]}},{"type":"Feature","properties":{},"geometry":{"type":"Polygon","coordinates":[[[77.59152023458819,12.978761328896763],[77.59151815722987,12.978762404748359],[77.59151382606132,12.978754463275676],[77.59152023458819,12.978761328896763]]]}},{"type":"Feature","properties":{},"geometry":{"type":"Polygon","coordinates":[[[77.59054743147033,12.978663766429197],[77.59064597770123,12.978564434393064],[77.59066148906123,12.978592044140873],[77.59054743147033,12.978663766429197]]]}},{"type":"Feature","properties":{},"geometry":{"type":"Polygon","coordinates":[[[77.59077493864652,12.978979221338756],[77.5909746748764,12.978788349923379],[77.59099729152302,12.978810823210802],[77.59077493864652,12.978979221338756]]]}},{"type":"Feature","properties":{},"geometry":{"type":"Polygon","coordinates":[[[77.59132635846555,12.979110855403869],[77.5913783369947,12.979212315729775],[77.59130259822632,12.979132178847484],[77.59132635846555,12.979110855403869]]]}},{"type":"Feature","properties":{},"geometry":{"type":"Polygon","coordinates":[[[77.59156353275478,12.979406927006611],[77.5915636380908,12.979406831874961],[77.59158549017121,12.979430012641656],[77.59156353275478,12.979406927006611]]]}},{"type":"Feature","properties":{},"geometry":{"type":"Polygon","coordinates":[[[77.5910563183931,12.979330963493643],[77.5910793616294,12.979308861139911],[77.59108554293755,12.979315551234079],[77.5910563183931,12.979330963493643]]]}},{"type":"Feature","properties":{},"geometry":{"type":"Polygon","coordinates":[[[77.59102915110452,12.979205742343323],[77.59101563060199,12.97921875552685],[77.59100203217122,12.979225158993225],[77.59102915110452,12.979205742343323]]]}},{"type":"Feature","properties":{},"geometry":{"type":"Polygon","coordinates":[[[77.5908725716896,12.978994302527536],[77.59106639016255,12.979028944433448],[77.59105938531843,12.979065582832723],[77.5908725716896,12.978994302527536]]]}},{"type":"Feature","properties":{},"geometry":{"type":"Polygon","coordinates":[[[77.59105938531843,12.979065582832723],[77.59106639016255,12.979028944433448],[77.59106829131548,12.979057075244658],[77.59105938531843,12.979065582832723]]]}},{"type":"Feature","properties":{},"geometry":{"type":"Polygon","coordinates":[[[77.59107239822254,12.979023035901253],[77.59106639016255,12.979028944433448],[77.5910499717582,12.978970677314287],[77.59107239822254,12.979023035901253]]]}},{"type":"Feature","properties":{},"geometry":{"type":"Polygon","coordinates":[[[77.59094956010836,12.978926934168607],[77.5909786960924,12.978922122823501],[77.5910499717582,12.978970677314287],[77.59094956010836,12.978926934168607]]]}},{"type":"Feature","properties":{},"geometry":{"type":"Polygon","coordinates":[[[77.59077268631495,12.979023537461638],[77.59075121050842,12.979000578688442],[77.59077493864652,12.978979221338756],[77.59077268631495,12.979023537461638]]]}},{"type":"Feature","properties":{},"geometry":{"type":"Polygon","coordinates":[[[77.59052227345194,12.978722172904687],[77.59052173712547,12.978713190022638],[77.59055473331136,12.978719308792428],[77.59052227345194,12.978722172904687]]]}},{"type":"Feature","properties":{},"geometry":{"type":"Polygon","coordinates":[[[77.59052173712547,12.978713190022638],[77.59046247659387,12.978723356616065],[77.59045895910373,12.97871504216188],[77.59052173712547,12.978713190022638]]]}},{"type":"Feature","properties":{},"geometry":{"type":"Polygon","coordinates":[[[77.59077493864652,12.978979221338756],[77.59079671301873,12.979002499507057],[77.59077268631495,12.979023537461638],[77.59077493864652,12.978979221338756]]]}},{"type":"Feature","properties":{},"geometry":{"type":"Polygon","coordinates":[[[77.59108554293755,12.979315551234079],[77.59106249970125,12.979337653587217],[77.5910563183931,12.979330963493643],[77.59108554293755,12.979315551234079]]]}},{"type":"Feature","properties":{},"geometry":{"type":"Polygon","coordinates":[[[77.59134876151808,12.979600897476663],[77.59132473160173,12.97962193189852],[77.59113737782661,12.979418694582792],[77.59134876151808,12.979600897476663]]]}},{"type":"Feature","properties":{},"geometry":{"type":"Polygon","coordinates":[[[77.59036593370104,12.978812580183126],[77.59096038716729,12.979422977634027],[77.59035925232854,12.978818784167771],[77.59036593370104,12.978812580183126]]]}},{"type":"Feature","properties":{},"geometry":{"type":"Polygon","coordinates":[[[77.59065423671098,12.979716513787988],[77.5909536894768,12.979429400581196],[77.59096016230728,12.979435811040645],[77.59065423671098,12.979716513787988]]]}},{"type":"Feature","properties":{},"geometry":{"type":"Polygon","coordinates":[[[77.59065402387375,12.979729335343764],[77.59064765777879,12.979722822530267],[77.590660602806,12.979723026575925],[77.59065402387375,12.979729335343764]]]}},{"type":"Feature","properties":{},"geometry":{"type":"Polygon","coordinates":[[[77.59041591190226,12.978550259487884],[77.59035188254023,12.978607030873007],[77.59039400042957,12.978527132363157],[77.59041591190226,12.978550259487884]]]}},{"type":"Feature","properties":{},"geometry":{"type":"Polygon","coordinates":[[[77.59049710723048,12.97835469495049],[77.59046497302546,12.978357894653572],[77.59044804096726,12.978299392239979],[77.59049710723048,12.97835469495049]]]}},{"type":"Feature","properties":{},"geometry":{"type":"Polygon","coordinates":[[[77.58963956377323,12.978670791234961],[77.58962406677716,12.978641760588946],[77.5896462763381,12.978664616201321],[77.58963956377323,12.978670791234961]]]}},{"type":"Feature","properties":{},"geometry":{"type":"Polygon","coordinates":[[[77.58937174952229,12.978873466707471],[77.58939171984827,12.978854779625982],[77.5894065957421,12.978884498572235],[77.58937174952229,12.978873466707471]]]}},{"type":"Feature","properties":{},"geometry":{"type":"Polygon","coordinates":[[[77.58988696114676,12.978938105109442],[77.58982460828878,12.978982188641849],[77.58988110366232,12.978931155373754],[77.58988696114676,12.978938105109442]]]}},{"type":"Feature","properties":{},"geometry":{"type":"Polygon","coordinates":[[[77.58950402267232,12.97933968998155],[77.58965435960886,12.979196623350838],[77.5895272930569,12.979361520317026],[77.58950402267232,12.97933968998155]]]}},{"type":"Feature","properties":{},"geometry":{"type":"Polygon","coordinates":[[[77.59004193167038,12.979103704911712],[77.59004211671254,12.979103530978023],[77.59004833822576,12.979110178331887],[77.59004193167038,12.979103704911712]]]}},{"type":"Feature","properties":{},"geometry":{"type":"Polygon","coordinates":[[[77.59024632738135,12.979308360437768],[77.5902829099553,12.979283623623424],[77.5902528475109,12.979314725169887],[77.59024632738135,12.979308360437768]]]}},{"type":"Feature","properties":{},"geometry":{"type":"Polygon","coordinates":[[[77.5902852183346,12.9794318049109],[77.59032406711128,12.979392120088269],[77.59033059033897,12.979398481833588],[77.5902852183346,12.9794318049109]]]}},{"type":"Feature","properties":{},"geometry":{"type":"Polygon","coordinates":[[[77.59064755007955,12.979722925818136],[77.59064765777879,12.979722822530267],[77.59065402387375,12.979729335343764],[77.59064755007955,12.979722925818136]]]}},{"type":"Feature","properties":{},"geometry":{"type":"Polygon","coordinates":[[[77.59092755152022,12.980006934152659],[77.59091469882048,12.98002376834907],[77.59092012425828,12.980001595951967],[77.59092755152022,12.980006934152659]]]}},{"type":"Feature","properties":{},"geometry":{"type":"Polygon","coordinates":[[[77.59090377270985,12.980073640124242],[77.59089959921084,12.980046569373112],[77.59091245252671,12.980070584118055],[77.59090377270985,12.980073640124242]]]}},{"type":"Feature","properties":{},"geometry":{"type":"Polygon","coordinates":[[[77.59094098886652,12.980113323345746],[77.59092212425173,12.980099900077157],[77.59094491539622,12.980105184689267],[77.59094098886652,12.980113323345746]]]}},{"type":"Feature","properties":{},"geometry":{"type":"Polygon","coordinates":[[[77.59155899633595,12.980037608786585],[77.59156538134528,12.980044102337406],[77.5915587795381,12.980050305176363],[77.59155899633595,12.980037608786585]]]}},{"type":"Feature","properties":{},"geometry":{"type":"Polygon","coordinates":[[[77.59125160028663,12.98032824141498],[77.59125802740226,12.980334695385904],[77.5912513935225,12.98034096900862],[77.59125160028663,12.98032824141498]]]}},{"type":"Feature","properties":{},"geometry":{"type":"Polygon","coordinates":[[[77.59032470909057,12.98003237273362],[77.5897227553454,12.979416159476958],[77.59033137898592,12.98002615702935],[77.59032470909057,12.98003237273362]]]}},{"type":"Feature","properties":{},"geometry":{"type":"Polygon","coordinates":[[[77.58972938940121,12.979409907066577],[77.5897227553454,12.979416159476958],[77.58971632970844,12.979409704075596],[77.58972938940121,12.979409907066577]]]}},{"type":"Feature","properties":{},"geometry":{"type":"Polygon","coordinates":[[[77.59065065283124,12.980353248698908],[77.59092646110605,12.980635755338346],[77.59064394424462,12.980359468871958],[77.59065065283124,12.980353248698908]]]}},{"type":"Feature","properties":{},"geometry":{"type":"Polygon","coordinates":[[[77.59125787577057,12.980586397583444],[77.59131553997935,12.98053065968009],[77.591288770306,12.9805955861666],[77.59125787577057,12.980586397583444]]]}},{"type":"Feature","properties":{},"geometry":{"type":"Polygon","coordinates":[[[77.59123432254182,12.980804639240931],[77.5912664737865,12.980801606366134],[77.59127595370984,12.980850621290713],[77.59123432254182,12.980804639240931]]]}},{"type":"Feature","properties":{},"geometry":{"type":"Polygon","coordinates":[[[77.59001150554923,12.98004548989061],[77.59005943202203,12.98002513310585],[77.59002772898344,12.980072708056085],[77.59001150554923,12.98004548989061]]]}},{"type":"Feature","properties":{},"geometry":{"type":"Polygon","coordinates":[[[77.58943486508048,12.979461103637755],[77.58953797769038,12.97957827749798],[77.58941034446451,12.979481593200141],[77.58943486508048,12.979461103637755]]]}},{"type":"Feature","properties":{},"geometry":{"type":"Polygon","coordinates":[[[77.58941034446451,12.979481593200141],[77.58938986844129,12.979460104395363],[77.5894128077498,12.979437943869458],[77.58941034446451,12.979481593200141]]]}},{"type":"Feature","properties":{},"geometry":{"type":"Polygon","coordinates":[[[77.58989910809174,12.980209422904414],[77.58994212918805,12.980171181300332],[77.5899311077751,12.980213716165288],[77.58989910809174,12.980209422904414]]]}},{"type":"Feature","properties":{},"geometry":{"type":"Polygon","coordinates":[[[77.58996862809295,12.980352462776528],[77.5899795626882,12.980367367753612],[77.58994229761299,12.9803706954961],[77.58996862809295,12.980352462776528]]]}},{"type":"Feature","properties":{},"geometry":{"type":"Polygon","coordinates":[[[77.58938511466124,12.97957845055651],[77.58937859791149,12.979572016600851],[77.58938516718842,12.979565700007166],[77.58938511466124,12.97957845055651]]]}},{"type":"Feature","properties":{},"geometry":{"type":"Polygon","coordinates":[[[77.58931574414424,12.979811477081954],[77.58926861980228,12.979784395361783],[77.58927756378648,12.979782177737066],[77.58931574414424,12.979811477081954]]]}},{"type":"Feature","properties":{},"geometry":{"type":"Polygon","coordinates":[[[77.58985599968486,12.980205878755665],[77.58985569501317,12.98021488288796],[77.58984647121264,12.980214580409385],[77.58985599968486,12.980205878755665]]]}},{"type":"Feature","properties":{},"geometry":{"type":"Polygon","coordinates":[[[77.58983757137662,12.98045345496705],[77.58986096117957,12.98047530132865],[77.58985908681836,12.980476932316654],[77.58983757137662,12.98045345496705]]]}},{"type":"Feature","properties":{},"geometry":{"type":"Polygon","coordinates":[[[77.58989240622947,12.980491892450722],[77.58989772520471,12.98049924181059],[77.589885169801,12.980497601971743],[77.58989240622947,12.980491892450722]]]}},{"type":"Feature","properties":{},"geometry":{"type":"Polygon","coordinates":[[[77.59074436717344,12.980992827736761],[77.59062838338514,12.980869331344532],[77.59063519523943,12.980863263675296],[77.59074436717344,12.980992827736761]]]}},{"type":"Feature","properties":{},"geometry":{"type":"Polygon","coordinates":[[[77.59077990104339,12.98115426737145],[77.59078906051838,12.981155369285355],[77.5907525635497,12.981281967222566],[77.59077990104339,12.98115426737145]]]}},{"type":"Feature","properties":{},"geometry":{"type":"Polygon","coordinates":[[[77.59196998185877,12.980257234344045],[77.5919925154547,12.98027978650605],[77.59197254146733,12.980300536694386],[77.59196998185877,12.980257234344045]]]}},{"type":"Feature","properties":{},"geometry":{"type":"Polygon","coordinates":[[[77.59239719708256,12.979850999850608],[77.5924048016941,12.97984587106536],[77.5924241845043,12.979869702033456],[77.59239719708256,12.979850999850608]]]}},{"type":"Feature","properties":{},"geometry":{"type":"Polygon","coordinates":[[[77.5924241845043,12.979869702033456],[77.59241734005815,12.979875765335736],[77.59239719708256,12.979850999850608],[77.5924241845043,12.979869702033456]]]}},{"type":"Feature","properties":{},"geometry":{"type":"Polygon","coordinates":[[[77.59164004351777,12.978963205229297],[77.59164611920824,12.978969974786528],[77.59151922685504,12.97907810530415],[77.59164004351777,12.978963205229297]]]}},{"type":"Feature","properties":{},"geometry":{"type":"Polygon","coordinates":[[[77.59151815722987,12.978762404748359],[77.5914752252749,12.978784637961326],[77.59151382606132,12.978754463275676],[77.59151815722987,12.978762404748359]]]}},{"type":"Feature","properties":{},"geometry":{"type":"Polygon","coordinates":[[[77.5907366963616,12.978546710546865],[77.59066148906123,12.978592044140873],[77.59064597770123,12.978564434393064],[77.5907366963616,12.978546710546865]]]}},{"type":"Feature","properties":{},"geometry":{"type":"Polygon","coordinates":[[[77.59130259822632,12.979132178847484],[77.5912963582652,12.979125545148161],[77.59132635846555,12.979110855403869],[77.59130259822632,12.979132178847484]]]}},{"type":"Feature","properties":{},"geometry":{"type":"Polygon","coordinates":[[[77.59098170366053,12.979250207487237],[77.5910057197234,12.97922915799058],[77.5910793616294,12.979308861139911],[77.59098170366053,12.979250207487237]]]}},{"type":"Feature","properties":{},"geometry":{"type":"Polygon","coordinates":[[[77.5908661667537,12.979065088270934],[77.59105117150426,12.979105827588665],[77.59103956141377,12.97915108148976],[77.5908661667537,12.979065088270934]]]}},{"type":"Feature","properties":{},"geometry":{"type":"Polygon","coordinates":[[[77.5908725716896,12.978994302527536],[77.5910499717582,12.978970677314287],[77.59106639016255,12.979028944433448],[77.5908725716896,12.978994302527536]]]}},{"type":"Feature","properties":{},"geometry":{"type":"Polygon","coordinates":[[[77.59105938531843,12.979065582832723],[77.5908661667537,12.979065088270934],[77.59086406255085,12.979039358637946],[77.59105938531843,12.979065582832723]]]}},{"type":"Feature","properties":{},"geometry":{"type":"Polygon","coordinates":[[[77.59052323916688,12.97872630244634],[77.59052227345194,12.978722172904687],[77.59055473331136,12.978719308792428],[77.59052323916688,12.97872630244634]]]}},{"type":"Feature","properties":{},"geometry":{"type":"Polygon","coordinates":[[[77.5905219716143,12.978722180383505],[77.59046247659387,12.978723356616065],[77.59052173712547,12.978713190022638],[77.5905219716143,12.978722180383505]]]}},{"type":"Feature","properties":{},"geometry":{"type":"Polygon","coordinates":[[[77.59087641217616,12.97908892974307],[77.59098170366053,12.979250207487237],[77.59077268631495,12.979023537461638],[77.59087641217616,12.97908892974307]]]}},{"type":"Feature","properties":{},"geometry":{"type":"Polygon","coordinates":[[[77.59095369278617,12.979429168258251],[77.59035925232854,12.978818784167771],[77.59096038716729,12.979422977634027],[77.59095369278617,12.979429168258251]]]}},{"type":"Feature","properties":{},"geometry":{"type":"Polygon","coordinates":[[[77.5909536894768,12.979429400581196],[77.59095380819105,12.979429286752563],[77.59096016230728,12.979435811040645],[77.5909536894768,12.979429400581196]]]}},{"type":"Feature","properties":{},"geometry":{"type":"Polygon","coordinates":[[[77.59033059033897,12.979398481833588],[77.59033711655917,12.979392119127683],[77.59033727269718,12.97939227885831],[77.59033059033897,12.979398481833588]]]}},{"type":"Feature","properties":{},"geometry":{"type":"Polygon","coordinates":[[[77.59049710723048,12.97835469495049],[77.59049067501002,12.978440996624975],[77.5904593890732,12.978433165814906],[77.59049710723048,12.97835469495049]]]}},{"type":"Feature","properties":{},"geometry":{"type":"Polygon","coordinates":[[[77.5896462763381,12.978664616201321],[77.58964640997965,12.978664760357258],[77.58963956377323,12.978670791234961],[77.5896462763381,12.978664616201321]]]}},{"type":"Feature","properties":{},"geometry":{"type":"Polygon","coordinates":[[[77.58939171984827,12.978854779625982],[77.58961742039929,12.978647874763405],[77.58941409304612,12.978877483103851],[77.58939171984827,12.978854779625982]]]}},{"type":"Feature","properties":{},"geometry":{"type":"Polygon","coordinates":[[[77.58991388822562,12.9789530726777],[77.58990704349782,12.978959105195123],[77.58988730039061,12.978937833539444],[77.58991388822562,12.9789530726777]]]}},{"type":"Feature","properties":{},"geometry":{"type":"Polygon","coordinates":[[[77.58965435960886,12.979196623350838],[77.58967423509017,12.979177840510067],[77.5896967229184,12.979200436167632],[77.58965435960886,12.979196623350838]]]}},{"type":"Feature","properties":{},"geometry":{"type":"Polygon","coordinates":[[[77.59005498805385,12.979103937440794],[77.59004833822576,12.979110178331887],[77.59004211671254,12.979103530978023],[77.59005498805385,12.979103937440794]]]}},{"type":"Feature","properties":{},"geometry":{"type":"Polygon","coordinates":[[[77.59033058445954,12.979385765993104],[77.59033711655917,12.979392119127683],[77.59033059033897,12.979398481833588],[77.59033058445954,12.979385765993104]]]}},{"type":"Feature","properties":{},"geometry":{"type":"Polygon","coordinates":[[[77.59092692663341,12.979995515808369],[77.5909293047028,12.98000461792714],[77.59092012425828,12.980001595951967],[77.59092692663341,12.979995515808369]]]}},{"type":"Feature","properties":{},"geometry":{"type":"Polygon","coordinates":[[[77.59092376646532,12.98008862548056],[77.59092520765336,12.98009094513592],[77.59091587158127,12.980093283042223],[77.59092376646532,12.98008862548056]]]}},{"type":"Feature","properties":{},"geometry":{"type":"Polygon","coordinates":[[[77.5915587795381,12.980050305176363],[77.59155235242247,12.980043851215187],[77.59155899633595,12.980037608786585],[77.5915587795381,12.980050305176363]]]}},{"type":"Feature","properties":{},"geometry":{"type":"Polygon","coordinates":[[[77.59125802740226,12.980334695385904],[77.59136545502122,12.980442932894325],[77.5912513935225,12.98034096900862],[77.59125802740226,12.980334695385904]]]}},{"type":"Feature","properties":{},"geometry":{"type":"Polygon","coordinates":[[[77.59033775878487,12.98003269095901],[77.59033107114567,12.980038888497928],[77.59032470909057,12.98003237273362],[77.59033775878487,12.98003269095901]]]}},{"type":"Feature","properties":{},"geometry":{"type":"Polygon","coordinates":[[[77.59064426937977,12.980346753698157],[77.59065065283124,12.980353248698908],[77.59064394424462,12.980359468871958],[77.59064426937977,12.980346753698157]]]}},{"type":"Feature","properties":{},"geometry":{"type":"Polygon","coordinates":[[[77.5912889719653,12.980512757169906],[77.59135882174002,12.980449185621767],[77.59131553997935,12.98053065968009],[77.5912889719653,12.980512757169906]]]}},{"type":"Feature","properties":{},"geometry":{"type":"Polygon","coordinates":[[[77.59129803322026,12.980866387392192],[77.59130267912946,12.980869959971361],[77.59127802293563,12.980891096432506],[77.59129803322026,12.980866387392192]]]}},{"type":"Feature","properties":{},"geometry":{"type":"Polygon","coordinates":[[[77.58951345700405,12.979598767050707],[77.58953797769038,12.97957827749798],[77.58954414125475,12.979584980552698],[77.58951345700405,12.979598767050707]]]}},{"type":"Feature","properties":{},"geometry":{"type":"Polygon","coordinates":[[[77.5894128077498,12.979437943869458],[77.58943486508048,12.979461103637755],[77.58941034446451,12.979481593200141],[77.5894128077498,12.979437943869458]]]}},{"type":"Feature","properties":{},"geometry":{"type":"Polygon","coordinates":[[[77.5899358197305,12.980114823834924],[77.5899626723841,12.980132318506138],[77.58994212918805,12.980171181300332],[77.5899358197305,12.980114823834924]]]}},{"type":"Feature","properties":{},"geometry":{"type":"Polygon","coordinates":[[[77.58996300916363,12.980395018777445],[77.58994229761299,12.9803706954961],[77.5899795626882,12.980367367753612],[77.58996300916363,12.980395018777445]]]}},{"type":"Feature","properties":{},"geometry":{"type":"Polygon","coordinates":[[[77.58929624276067,12.979740259650137],[77.58927756378648,12.979782177737066],[77.58926861980228,12.979784395361783],[77.58929624276067,12.979740259650137]]]}},{"type":"Feature","properties":{},"geometry":{"type":"Polygon","coordinates":[[[77.589885169801,12.980497601971743],[77.58986176338084,12.980476040285403],[77.5898681034675,12.980469505080908],[77.589885169801,12.980497601971743]]]}},{"type":"Feature","properties":{},"geometry":{"type":"Polygon","coordinates":[[[77.58989150981722,12.980491066767815],[77.58989240622947,12.980491892450722],[77.589885169801,12.980497601971743],[77.58989150981722,12.980491066767815]]]}},{"type":"Feature","properties":{},"geometry":{"type":"Polygon","coordinates":[[[77.59078711235247,12.981088149371727],[77.59078906051838,12.981155369285355],[77.59077990104339,12.98115426737145],[77.59078711235247,12.981088149371727]]]}},{"type":"Feature","properties":{},"geometry":{"type":"Polygon","coordinates":[[[77.59241734005815,12.979875765335736],[77.59234726176209,12.97994052988732],[77.59232495475123,12.979917764669379],[77.59241734005815,12.979875765335736]]]}},{"type":"Feature","properties":{},"geometry":{"type":"Polygon","coordinates":[[[77.59151922685504,12.97907810530415],[77.59140894421495,12.979197022403259],[77.59140209723398,12.97919099236166],[77.59151922685504,12.97907810530415]]]}},{"type":"Feature","properties":{},"geometry":{"type":"Polygon","coordinates":[[[77.59147089417672,12.978776696557958],[77.59151382606132,12.978754463275676],[77.5914752252749,12.978784637961326],[77.59147089417672,12.978776696557958]]]}},{"type":"Feature","properties":{},"geometry":{"type":"Polygon","coordinates":[[[77.5907366963616,12.978546710546865],[77.59073475146982,12.978578129692337],[77.59066148906123,12.978592044140873],[77.5907366963616,12.978546710546865]]]}},{"type":"Feature","properties":{},"geometry":{"type":"Polygon","coordinates":[[[77.59160939341677,12.979408841612646],[77.59158549017121,12.979430012641656],[77.5915636380908,12.979406831874961],[77.59160939341677,12.979408841612646]]]}},{"type":"Feature","properties":{},"geometry":{"type":"Polygon","coordinates":[[[77.59105938531843,12.979065582832723],[77.59105117150426,12.979105827588665],[77.5908661667537,12.979065088270934],[77.59105938531843,12.979065582832723]]]}},{"type":"Feature","properties":{},"geometry":{"type":"Polygon","coordinates":[[[77.59077268631495,12.979023537461638],[77.59079671301873,12.979002499507057],[77.59087641217616,12.97908892974307],[77.59077268631495,12.979023537461638]]]}},{"type":"Feature","properties":{},"geometry":{"type":"Polygon","coordinates":[[[77.59116139549133,12.97939764688433],[77.59113737782661,12.979418694582792],[77.59106249970125,12.979337653587217],[77.59116139549133,12.97939764688433]]]}},{"type":"Feature","properties":{},"geometry":{"type":"Polygon","coordinates":[[[77.59096016230728,12.979435811040645],[77.59095380819105,12.979429286752563],[77.59096674130109,12.979429501922294],[77.59096016230728,12.979435811040645]]]}},{"type":"Feature","properties":{},"geometry":{"type":"Polygon","coordinates":[[[77.5909668564243,12.979429620107837],[77.59128638190367,12.979757687497509],[77.59096016230728,12.979435811040645],[77.5909668564243,12.979429620107837]]]}},{"type":"Feature","properties":{},"geometry":{"type":"Polygon","coordinates":[[[77.59043078892273,12.978493955344709],[77.5904593890732,12.978433165814906],[77.59049067501002,12.978440996624975],[77.59043078892273,12.978493955344709]]]}},{"type":"Feature","properties":{},"geometry":{"type":"Polygon","coordinates":[[[77.58964640997965,12.978664760357258],[77.5898879498688,12.978925124502368],[77.58963956377323,12.978670791234961],[77.58964640997965,12.978664760357258]]]}},{"type":"Feature","properties":{},"geometry":{"type":"Polygon","coordinates":[[[77.58963956377323,12.978670791234961],[77.58941409304612,12.978877483103851],[77.58961742039929,12.978647874763405],[77.58963956377323,12.978670791234961]]]}},{"type":"Feature","properties":{},"geometry":{"type":"Polygon","coordinates":[[[77.58988730039061,12.978937833539444],[77.58989414518885,12.978931801090107],[77.58991388822562,12.9789530726777],[77.58988730039061,12.978937833539444]]]}},{"type":"Feature","properties":{},"geometry":{"type":"Polygon","coordinates":[[[77.58967423509017,12.979177840510067],[77.58990645999552,12.978959860211795],[77.5896967229184,12.979200436167632],[77.58967423509017,12.979177840510067]]]}},{"type":"Feature","properties":{},"geometry":{"type":"Polygon","coordinates":[[[77.59004876682224,12.979097290361203],[77.59005498805385,12.979103937440794],[77.59004211671254,12.979103530978023],[77.59004876682224,12.979097290361203]]]}},{"type":"Feature","properties":{},"geometry":{"type":"Polygon","coordinates":[[[77.59092680726786,12.979995393677862],[77.59092692663341,12.979995515808369],[77.59092012425828,12.980001595951967],[77.59092680726786,12.979995393677862]]]}},{"type":"Feature","properties":{},"geometry":{"type":"Polygon","coordinates":[[[77.59092520765336,12.98009094513592],[77.59092759470025,12.980092657055017],[77.59092212425173,12.980099900077157],[77.59092520765336,12.98009094513592]]]}},{"type":"Feature","properties":{},"geometry":{"type":"Polygon","coordinates":[[[77.59063758174062,12.980352951229223],[77.59033107114567,12.980038888497928],[77.59033775878487,12.98003269095901],[77.59063758174062,12.980352951229223]]]}},{"type":"Feature","properties":{},"geometry":{"type":"Polygon","coordinates":[[[77.59138077479088,12.980472275105237],[77.59131553997935,12.98053065968009],[77.59135882174002,12.980449185621767],[77.59138077479088,12.980472275105237]]]}},{"type":"Feature","properties":{},"geometry":{"type":"Polygon","coordinates":[[[77.58999751649162,12.980050934988837],[77.59000013925947,12.980053630555972],[77.58997407613299,12.980072591877759],[77.58999751649162,12.980050934988837]]]}},{"type":"Feature","properties":{},"geometry":{"type":"Polygon","coordinates":[[[77.58999174216348,12.980098894490661],[77.5899626723841,12.980132318506138],[77.58996961801199,12.980075960568785],[77.58999174216348,12.980098894490661]]]}},{"type":"Feature","properties":{},"geometry":{"type":"Polygon","coordinates":[[[77.5899795626882,12.980367367753612],[77.59001042761548,12.980394777604387],[77.58996300916363,12.980395018777445],[77.5899795626882,12.980367367753612]]]}},{"type":"Feature","properties":{},"geometry":{"type":"Polygon","coordinates":[[[77.58929624276067,12.979740259650137],[77.58930500113945,12.979737424611399],[77.58927756378648,12.979782177737066],[77.58929624276067,12.979740259650137]]]}},{"type":"Feature","properties":{},"geometry":{"type":"Polygon","coordinates":[[[77.58986176338084,12.980476040285403],[77.58986096117957,12.98047530132865],[77.5898681034675,12.980469505080908],[77.58986176338084,12.980476040285403]]]}},{"type":"Feature","properties":{},"geometry":{"type":"Polygon","coordinates":[[[77.59077990104339,12.98115426737145],[77.59077802839846,12.981089737610203],[77.59078711235247,12.981088149371727],[77.59077990104339,12.98115426737145]]]}},{"type":"Feature","properties":{},"geometry":{"type":"Polygon","coordinates":[[[77.59219485901463,12.98003962970303],[77.59232495475123,12.979917764669379],[77.59234726176209,12.97994052988732],[77.59219485901463,12.98003962970303]]]}},{"type":"Feature","properties":{},"geometry":{"type":"Polygon","coordinates":[[[77.59140894421495,12.979197022403259],[77.59140838430056,12.979197626059218],[77.59140209723398,12.97919099236166],[77.59140894421495,12.979197022403259]]]}},{"type":"Feature","properties":{},"geometry":{"type":"Polygon","coordinates":[[[77.59146853988892,12.978777915810609],[77.59147089417672,12.978776696557958],[77.5914752252749,12.978784637961326],[77.59146853988892,12.978777915810609]]]}},{"type":"Feature","properties":{},"geometry":{"type":"Polygon","coordinates":[[[77.59080278969498,12.978567723702092],[77.59078558970242,12.978594366554718],[77.59073475146982,12.978578129692337],[77.59080278969498,12.978567723702092]]]}},{"type":"Feature","properties":{},"geometry":{"type":"Polygon","coordinates":[[[77.59101563060199,12.97921875552685],[77.59100506040522,12.979228442976027],[77.59100203217122,12.979225158993225],[77.59101563060199,12.97921875552685]]]}},{"type":"Feature","properties":{},"geometry":{"type":"Polygon","coordinates":[[[77.59098170366053,12.979250207487237],[77.59087641217616,12.97908892974307],[77.59100203217122,12.979225158993225],[77.59098170366053,12.979250207487237]]]}},{"type":"Feature","properties":{},"geometry":{"type":"Polygon","coordinates":[[[77.59127968778665,12.979763878402851],[77.59096016230728,12.979435811040645],[77.59128638190367,12.979757687497509],[77.59127968778665,12.979763878402851]]]}},{"type":"Feature","properties":{},"geometry":{"type":"Polygon","coordinates":[[[77.59049067501002,12.978440996624975],[77.59045699778397,12.978512353798203],[77.59043078892273,12.978493955344709],[77.59049067501002,12.978440996624975]]]}},{"type":"Feature","properties":{},"geometry":{"type":"Polygon","coordinates":[[[77.58988110366232,12.978931155373754],[77.58963956377323,12.978670791234961],[77.5898879498688,12.978925124502368],[77.58988110366232,12.978931155373754]]]}},{"type":"Feature","properties":{},"geometry":{"type":"Polygon","coordinates":[[[77.5898879498688,12.978925124502368],[77.58989414518885,12.978931801090107],[77.58988110366232,12.978931155373754],[77.5898879498688,12.978925124502368]]]}},{"type":"Feature","properties":{},"geometry":{"type":"Polygon","coordinates":[[[77.589928872624,12.978982526697722],[77.5896967229184,12.979200436167632],[77.58990645999552,12.978959860211795],[77.589928872624,12.978982526697722]]]}},{"type":"Feature","properties":{},"geometry":{"type":"Polygon","coordinates":[[[77.59005515697163,12.979104117961302],[77.59023950863548,12.979314420803373],[77.59004833822576,12.979110178331887],[77.59005515697163,12.979104117961302]]]}},{"type":"Feature","properties":{},"geometry":{"type":"Polygon","coordinates":[[[77.59092012425828,12.980001595951967],[77.59065402387375,12.979729335343764],[77.59066070688777,12.979723133062848],[77.59092012425828,12.980001595951967]]]}},{"type":"Feature","properties":{},"geometry":{"type":"Polygon","coordinates":[[[77.59092759470025,12.980092657055017],[77.59094491539622,12.980105184689267],[77.59092212425173,12.980099900077157],[77.59092759470025,12.980092657055017]]]}},{"type":"Feature","properties":{},"geometry":{"type":"Polygon","coordinates":[[[77.59064394424462,12.980359468871958],[77.59063758174062,12.980352951229223],[77.59064426937977,12.980346753698157],[77.59064394424462,12.980359468871958]]]}},{"type":"Feature","properties":{},"geometry":{"type":"Polygon","coordinates":[[[77.59136561893985,12.980443097976043],[77.59138736321984,12.980466374291948],[77.59135882174002,12.980449185621767],[77.59136561893985,12.980443097976043]]]}},{"type":"Feature","properties":{},"geometry":{"type":"Polygon","coordinates":[[[77.58996961801199,12.980075960568785],[77.58997407613299,12.980072591877759],[77.58999174216348,12.980098894490661],[77.58996961801199,12.980075960568785]]]}},{"type":"Feature","properties":{},"geometry":{"type":"Polygon","coordinates":[[[77.5892621443138,12.979720717809391],[77.58930500113945,12.979737424611399],[77.58929624276067,12.979740259650137],[77.5892621443138,12.979720717809391]]]}},{"type":"Feature","properties":{},"geometry":{"type":"Polygon","coordinates":[[[77.59074436717344,12.980992827736761],[77.59078711235247,12.981088149371727],[77.59077802839846,12.981089737610203],[77.59074436717344,12.980992827736761]]]}},{"type":"Feature","properties":{},"geometry":{"type":"Polygon","coordinates":[[[77.59234726176209,12.97994052988732],[77.59221724460502,12.980062321511472],[77.59219485901463,12.98003962970303],[77.59234726176209,12.97994052988732]]]}},{"type":"Feature","properties":{},"geometry":{"type":"Polygon","coordinates":[[[77.5913783369947,12.979212315729775],[77.59140209723398,12.97919099236166],[77.59140838430056,12.979197626059218],[77.5913783369947,12.979212315729775]]]}},{"type":"Feature","properties":{},"geometry":{"type":"Polygon","coordinates":[[[77.59146086451352,12.978784202063075],[77.59146137422431,12.9787836327812],[77.5914678191541,12.97879011403161],[77.59146086451352,12.978784202063075]]]}},{"type":"Feature","properties":{},"geometry":{"type":"Polygon","coordinates":[[[77.59099844682163,12.978766159525236],[77.59102093489633,12.978789376785171],[77.59097511593569,12.978787928433864],[77.59099844682163,12.978766159525236]]]}},{"type":"Feature","properties":{},"geometry":{"type":"Polygon","coordinates":[[[77.59100506040522,12.979228442976027],[77.59098170366053,12.979250207487237],[77.59100203217122,12.979225158993225],[77.59100506040522,12.979228442976027]]]}},{"type":"Feature","properties":{},"geometry":{"type":"Polygon","coordinates":[[[77.59128604107553,12.979770401747308],[77.59127968778665,12.979763878402851],[77.59128638190367,12.979757687497509],[77.59128604107553,12.979770401747308]]]}},{"type":"Feature","properties":{},"geometry":{"type":"Polygon","coordinates":[[[77.59033013938677,12.978583753353801],[77.59039400042957,12.978527132363157],[77.59035188254023,12.978607030873007],[77.59033013938677,12.978583753353801]]]}},{"type":"Feature","properties":{},"geometry":{"type":"Polygon","coordinates":[[[77.58988730039061,12.978937833539444],[77.58988110366232,12.978931155373754],[77.58989414518885,12.978931801090107],[77.58988730039061,12.978937833539444]]]}},{"type":"Feature","properties":{},"geometry":{"type":"Polygon","coordinates":[[[77.58990645999552,12.978959860211795],[77.5899071462286,12.978959215867787],[77.589928872624,12.978982526697722],[77.58990645999552,12.978959860211795]]]}},{"type":"Feature","properties":{},"geometry":{"type":"Polygon","coordinates":[[[77.59094098886652,12.980113323345746],[77.59094491539622,12.980105184689267],[77.59096869135493,12.980110967463125],[77.59094098886652,12.980113323345746]]]}},{"type":"Feature","properties":{},"geometry":{"type":"Polygon","coordinates":[[[77.5912513935225,12.98034096900862],[77.59093288890818,12.980642208683792],[77.59092646110605,12.980635755338346],[77.5912513935225,12.98034096900862]]]}},{"type":"Feature","properties":{},"geometry":{"type":"Polygon","coordinates":[[[77.58999339845946,12.980097815557302],[77.58999174216348,12.980098894490661],[77.58997407613299,12.980072591877759],[77.58999339845946,12.980097815557302]]]}},{"type":"Feature","properties":{},"geometry":{"type":"Polygon","coordinates":[[[77.58929624276067,12.979740259650137],[77.58925319582329,12.9797229181764],[77.5892621443138,12.979720717809391],[77.58929624276067,12.979740259650137]]]}},{"type":"Feature","properties":{},"geometry":{"type":"Polygon","coordinates":[[[77.59074436717344,12.980992827736761],[77.59075231277603,12.980988252801243],[77.59078711235247,12.981088149371727],[77.59074436717344,12.980992827736761]]]}},{"type":"Feature","properties":{},"geometry":{"type":"Polygon","coordinates":[[[77.59217178845864,12.980061760809093],[77.59219485901463,12.98003962970303],[77.59219475987493,12.98008388963182],[77.59217178845864,12.980061760809093]]]}},{"type":"Feature","properties":{},"geometry":{"type":"Polygon","coordinates":[[[77.5913783369947,12.979212315729775],[77.59132635846555,12.979110855403869],[77.59140209723398,12.97919099236166],[77.5913783369947,12.979212315729775]]]}},{"type":"Feature","properties":{},"geometry":{"type":"Polygon","coordinates":[[[77.59123514980968,12.97901362365048],[77.59135228893632,12.978905492281456],[77.59124149700796,12.97902015230641],[77.59123514980968,12.97901362365048]]]}},{"type":"Feature","properties":{},"geometry":{"type":"Polygon","coordinates":[[[77.59099729152302,12.978810823210802],[77.59097511593569,12.978787928433864],[77.59102093489633,12.978789376785171],[77.59099729152302,12.978810823210802]]]}},{"type":"Feature","properties":{},"geometry":{"type":"Polygon","coordinates":[[[77.59098170366053,12.979250207487237],[77.59100506040522,12.979228442976027],[77.5910057197234,12.97922915799058],[77.59098170366053,12.979250207487237]]]}},{"type":"Feature","properties":{},"geometry":{"type":"Polygon","coordinates":[[[77.59030966417328,12.978601914262338],[77.59033013938677,12.978583753353801],[77.59035188254023,12.978607030873007],[77.59030966417328,12.978601914262338]]]}},{"type":"Feature","properties":{},"geometry":{"type":"Polygon","coordinates":[[[77.58991388822562,12.9789530726777],[77.59030966417328,12.978601914262338],[77.59033140736187,12.978625191779859],[77.58991388822562,12.9789530726777]]]}},{"type":"Feature","properties":{},"geometry":{"type":"Polygon","coordinates":[[[77.58993569179233,12.978976466804298],[77.5900419476539,12.979103350320287],[77.589928872624,12.978982526697722],[77.58993569179233,12.978976466804298]]]}},{"type":"Feature","properties":{},"geometry":{"type":"Polygon","coordinates":[[[77.59099608580954,12.980115784171325],[77.59096826779296,12.980119951186621],[77.59096869135493,12.980110967463125],[77.59099608580954,12.980115784171325]]]}},{"type":"Feature","properties":{},"geometry":{"type":"Polygon","coordinates":[[[77.59092646110605,12.980635755338346],[77.5912449657028,12.980334515689643],[77.5912513935225,12.98034096900862],[77.59092646110605,12.980635755338346]]]}},{"type":"Feature","properties":{},"geometry":{"type":"Polygon","coordinates":[[[77.58999339845946,12.980097815557302],[77.58997407613299,12.980072591877759],[77.59000013925947,12.980053630555972],[77.58999339845946,12.980097815557302]]]}},{"type":"Feature","properties":{},"geometry":{"type":"Polygon","coordinates":[[[77.58938511466124,12.97957845055651],[77.5892621443138,12.979720717809391],[77.58937799758081,12.97957272514766],[77.58938511466124,12.97957845055651]]]}},{"type":"Feature","properties":{},"geometry":{"type":"Polygon","coordinates":[[[77.59062895923012,12.980856616025267],[77.59063519523943,12.980863263675296],[77.59062838338514,12.980869331344532],[77.59062895923012,12.980856616025267]]]}},{"type":"Feature","properties":{},"geometry":{"type":"Polygon","coordinates":[[[77.59124140783143,12.979020234641897],[77.59132021018058,12.979104319202904],[77.5912963582652,12.979125545148161],[77.59124140783143,12.979020234641897]]]}},{"type":"Feature","properties":{},"geometry":{"type":"Polygon","coordinates":[[[77.59124149700796,12.97902015230641],[77.59124140783143,12.979020234641897],[77.59123514980968,12.97901362365048],[77.59124149700796,12.97902015230641]]]}},{"type":"Feature","properties":{},"geometry":{"type":"Polygon","coordinates":[[[77.59102093489633,12.978789376785171],[77.59123514980968,12.97901362365048],[77.59099729152302,12.978810823210802],[77.59102093489633,12.978789376785171]]]}},{"type":"Feature","properties":{},"geometry":{"type":"Polygon","coordinates":[[[77.59113737782661,12.979418694582792],[77.59116139549133,12.97939764688433],[77.59134876151808,12.979600897476663],[77.59113737782661,12.979418694582792]]]}},{"type":"Feature","properties":{},"geometry":{"type":"Polygon","coordinates":[[[77.58991388822562,12.9789530726777],[77.59033140736187,12.978625191779859],[77.58993563525166,12.97897634673168],[77.58991388822562,12.9789530726777]]]}},{"type":"Feature","properties":{},"geometry":{"type":"Polygon","coordinates":[[[77.59096869135493,12.980110967463125],[77.59099294342042,12.980107328353114],[77.59099608580954,12.980115784171325],[77.59096869135493,12.980110967463125]]]}},{"type":"Feature","properties":{},"geometry":{"type":"Polygon","coordinates":[[[77.59135882174002,12.980449185621767],[77.5912513935225,12.98034096900862],[77.59136545502122,12.980442932894325],[77.59135882174002,12.980449185621767]]]}},{"type":"Feature","properties":{},"geometry":{"type":"Polygon","coordinates":[[[77.59005943202203,12.98002513310585],[77.59006891782474,12.980055221476956],[77.59002772898344,12.980072708056085],[77.59005943202203,12.98002513310585]]]}},{"type":"Feature","properties":{},"geometry":{"type":"Polygon","coordinates":[[[77.58937799758081,12.97957272514766],[77.58937859791149,12.979572016600851],[77.58938511466124,12.97957845055651],[77.58937799758081,12.97957272514766]]]}},{"type":"Feature","properties":{},"geometry":{"type":"Polygon","coordinates":[[[77.59062214732302,12.980862683626043],[77.59026937375091,12.98048649161723],[77.59062895923012,12.980856616025267],[77.59062214732302,12.980862683626043]]]}},{"type":"Feature","properties":{},"geometry":{"type":"Polygon","coordinates":[[[77.59121755591605,12.979041460594335],[77.59121150645393,12.979035070056772],[77.59123514980968,12.97901362365048],[77.59121755591605,12.979041460594335]]]}},{"type":"Feature","properties":{},"geometry":{"type":"Polygon","coordinates":[[[77.59121150645393,12.979035070056772],[77.59099729152302,12.978810823210802],[77.59123514980968,12.97901362365048],[77.59121150645393,12.979035070056772]]]}},{"type":"Feature","properties":{},"geometry":{"type":"Polygon","coordinates":[[[77.59132473160173,12.97962193189852],[77.59134876151808,12.979600897476663],[77.59137056592971,12.979624121314085],[77.59132473160173,12.97962193189852]]]}},{"type":"Feature","properties":{},"geometry":{"type":"Polygon","coordinates":[[[77.589928872624,12.978982526697722],[77.5899071462286,12.978959215867787],[77.58993563525166,12.97897634673168],[77.589928872624,12.978982526697722]]]}},{"type":"Feature","properties":{},"geometry":{"type":"Polygon","coordinates":[[[77.59101626902543,12.980104034604645],[77.59101150647922,12.980096331363525],[77.59101385974606,12.9800949498485],[77.59101626902543,12.980104034604645]]]}},{"type":"Feature","properties":{},"geometry":{"type":"Polygon","coordinates":[[[77.59136545502122,12.980442932894325],[77.59136561893985,12.980443097976043],[77.59135882174002,12.980449185621767],[77.59136545502122,12.980442932894325]]]}},{"type":"Feature","properties":{},"geometry":{"type":"Polygon","coordinates":[[[77.59005943202203,12.98002513310585],[77.59011306177746,12.980047161997554],[77.59006891782474,12.980055221476956],[77.59005943202203,12.98002513310585]]]}},{"type":"Feature","properties":{},"geometry":{"type":"Polygon","coordinates":[[[77.58986076240717,12.98004767479118],[77.58938511466124,12.97957845055651],[77.58939168238919,12.979572132453507],[77.58986076240717,12.98004767479118]]]}},{"type":"Feature","properties":{},"geometry":{"type":"Polygon","coordinates":[[[77.59022875619547,12.980467831690339],[77.59027483534516,12.980479242225405],[77.59026937375091,12.98048649161723],[77.59022875619547,12.980467831690339]]]}},{"type":"Feature","properties":{},"geometry":{"type":"Polygon","coordinates":[[[77.59123514980968,12.97901362365048],[77.59124140783143,12.979020234641897],[77.59121755591605,12.979041460594335],[77.59123514980968,12.97901362365048]]]}},{"type":"Feature","properties":{},"geometry":{"type":"Polygon","coordinates":[[[77.59165130017641,12.979963882341723],[77.59164504324605,12.979957269231269],[77.59167515159896,12.979942655953463],[77.59165130017641,12.979963882341723]]]}},{"type":"Feature","properties":{},"geometry":{"type":"Polygon","coordinates":[[[77.58993563525166,12.97897634673168],[77.58993569179233,12.978976466804298],[77.589928872624,12.978982526697722],[77.58993563525166,12.97897634673168]]]}},{"type":"Feature","properties":{},"geometry":{"type":"Polygon","coordinates":[[[77.59101561500574,12.980092618117357],[77.59102837618781,12.980075810873192],[77.59102305661412,12.980097937310383],[77.59101561500574,12.980092618117357]]]}},{"type":"Feature","properties":{},"geometry":{"type":"Polygon","coordinates":[[[77.59136561893985,12.980443097976043],[77.59145636470879,12.980362794418976],[77.59147470655142,12.980388703817049],[77.59136561893985,12.980443097976043]]]}},{"type":"Feature","properties":{},"geometry":{"type":"Polygon","coordinates":[[[77.59015803560322,12.980049108675052],[77.59011306177746,12.980047161997554],[77.590163126726,12.980018025917417],[77.59015803560322,12.980049108675052]]]}},{"type":"Feature","properties":{},"geometry":{"type":"Polygon","coordinates":[[[77.58939168238919,12.979572132453507],[77.58986893108744,12.980043489609484],[77.58986076240717,12.98004767479118],[77.58939168238919,12.979572132453507]]]}},{"type":"Feature","properties":{},"geometry":{"type":"Polygon","coordinates":[[[77.59022875619547,12.980467831690339],[77.59022954927843,12.980458871787972],[77.59027483534516,12.980479242225405],[77.59022875619547,12.980467831690339]]]}},{"type":"Feature","properties":{},"geometry":{"type":"Polygon","coordinates":[[[77.5912963582652,12.979125545148161],[77.59121755591605,12.979041460594335],[77.59124140783143,12.979020234641897],[77.5912963582652,12.979125545148161]]]}},{"type":"Feature","properties":{},"geometry":{"type":"Polygon","coordinates":[[[77.59004211671254,12.979103530978023],[77.5900419476539,12.979103350320287],[77.59004876682224,12.979097290361203],[77.59004211671254,12.979103530978023]]]}},{"type":"Feature","properties":{},"geometry":{"type":"Polygon","coordinates":[[[77.59103673702174,12.980079618890782],[77.59102305661412,12.980097937310383],[77.59102837618781,12.980075810873192],[77.59103673702174,12.980079618890782]]]}},{"type":"Feature","properties":{},"geometry":{"type":"Polygon","coordinates":[[[77.59145636470879,12.980362794418976],[77.591527822653,12.980327399744805],[77.59147470655142,12.980388703817049],[77.59145636470879,12.980362794418976]]]}},{"type":"Feature","properties":{},"geometry":{"type":"Polygon","coordinates":[[[77.590163126726,12.980018025917417],[77.59021339995252,12.98003169724225],[77.59015803560322,12.980049108675052],[77.590163126726,12.980018025917417]]]}},{"type":"Feature","properties":{},"geometry":{"type":"Polygon","coordinates":[[[77.58988026555107,12.98010096395004],[77.58986076240717,12.98004767479118],[77.58986893108744,12.980043489609484],[77.58988026555107,12.98010096395004]]]}},{"type":"Feature","properties":{},"geometry":{"type":"Polygon","coordinates":[[[77.59022875619547,12.980467831690339],[77.59014768996724,12.980480213572697],[77.59022954927843,12.980458871787972],[77.59022875619547,12.980467831690339]]]}},{"type":"Feature","properties":{},"geometry":{"type":"Polygon","coordinates":[[[77.59132021018058,12.979104319202904],[77.59132635846555,12.979110855403869],[77.5912963582652,12.979125545148161],[77.59132021018058,12.979104319202904]]]}},{"type":"Feature","properties":{},"geometry":{"type":"Polygon","coordinates":[[[77.59005498805385,12.979103937440794],[77.59005515697163,12.979104117961302],[77.59004833822576,12.979110178331887],[77.59005498805385,12.979103937440794]]]}},{"type":"Feature","properties":{},"geometry":{"type":"Polygon","coordinates":[[[77.59104346958361,12.980052993607796],[77.59103673702174,12.980079618890782],[77.59102837618781,12.980075810873192],[77.59104346958361,12.980052993607796]]]}},{"type":"Feature","properties":{},"geometry":{"type":"Polygon","coordinates":[[[77.591527822653,12.980327399744805],[77.59153980110273,12.980356631640399],[77.59147470655142,12.980388703817049],[77.591527822653,12.980327399744805]]]}},{"type":"Feature","properties":{},"geometry":{"type":"Polygon","coordinates":[[[77.59021339995252,12.98003169724225],[77.59025937197072,12.980056041500768],[77.5902407778076,12.980081779605106],[77.59021339995252,12.98003169724225]]]}},{"type":"Feature","properties":{},"geometry":{"type":"Polygon","coordinates":[[[77.58988026555107,12.98010096395004],[77.58987106076171,12.980100313090778],[77.58986076240717,12.98004767479118],[77.58988026555107,12.98010096395004]]]}},{"type":"Feature","properties":{},"geometry":{"type":"Polygon","coordinates":[[[77.59014884940262,12.980489135531592],[77.59011091450026,12.980488724062383],[77.59014768996724,12.980480213572697],[77.59014884940262,12.980489135531592]]]}},{"type":"Feature","properties":{},"geometry":{"type":"Polygon","coordinates":[[[77.59211868418623,12.980001645833374],[77.59158549017121,12.979430012641656],[77.59160939341677,12.979408841612646],[77.59211868418623,12.980001645833374]]]}},{"type":"Feature","properties":{},"geometry":{"type":"Polygon","coordinates":[[[77.59023950863548,12.979314420803373],[77.59005515697163,12.979104117961302],[77.59024632738135,12.979308360437768],[77.59023950863548,12.979314420803373]]]}},{"type":"Feature","properties":{},"geometry":{"type":"Polygon","coordinates":[[[77.59103061602133,12.980028988398326],[77.59104346958361,12.980052993607796],[77.59103425043025,12.980052577901038],[77.59103061602133,12.980028988398326]]]}},{"type":"Feature","properties":{},"geometry":{"type":"Polygon","coordinates":[[[77.591527822653,12.980327399744805],[77.59163463659826,12.98032887213584],[77.59153980110273,12.980356631640399],[77.591527822653,12.980327399744805]]]}},{"type":"Feature","properties":{},"geometry":{"type":"Polygon","coordinates":[[[77.59025937197072,12.980056041500768],[77.59027943344472,12.980073363340917],[77.5902407778076,12.980081779605106],[77.59025937197072,12.980056041500768]]]}},{"type":"Feature","properties":{},"geometry":{"type":"Polygon","coordinates":[[[77.58985727561651,12.980165830821518],[77.58987106076171,12.980100313090778],[77.58988026555107,12.98010096395004],[77.58985727561651,12.980165830821518]]]}},{"type":"Feature","properties":{},"geometry":{"type":"Polygon","coordinates":[[[77.59011102793357,12.980479731569828],[77.59014768996724,12.980480213572697],[77.59011091450026,12.980488724062383],[77.59011102793357,12.980479731569828]]]}},{"type":"Feature","properties":{},"geometry":{"type":"Polygon","coordinates":[[[77.59214287823238,12.979980790831414],[77.59219485901463,12.98003962970303],[77.59211868418623,12.980001645833374],[77.59214287823238,12.979980790831414]]]}},{"type":"Feature","properties":{},"geometry":{"type":"Polygon","coordinates":[[[77.59024631759405,12.979321082423068],[77.59023979172599,12.979314723248736],[77.59024632738135,12.979308360437768],[77.59024631759405,12.979321082423068]]]}},{"type":"Feature","properties":{},"geometry":{"type":"Polygon","coordinates":[[[77.59103929624303,12.980025933437933],[77.59104346958361,12.980052993607796],[77.59103061602133,12.980028988398326],[77.59103929624303,12.980025933437933]]]}},{"type":"Feature","properties":{},"geometry":{"type":"Polygon","coordinates":[[[77.59175982864815,12.980330696886645],[77.59163463659826,12.98032887213584],[77.59163021114836,12.98029769280672],[77.59175982864815,12.980330696886645]]]}},{"type":"Feature","properties":{},"geometry":{"type":"Polygon","coordinates":[[[77.59025791420078,12.980096837450164],[77.5902407778076,12.980081779605106],[77.59027943344472,12.980073363340917],[77.59025791420078,12.980096837450164]]]}},{"type":"Feature","properties":{},"geometry":{"type":"Polygon","coordinates":[[[77.5898482009481,12.980164192764386],[77.58987106076171,12.980100313090778],[77.58985727561651,12.980165830821518],[77.5898482009481,12.980164192764386]]]}},{"type":"Feature","properties":{},"geometry":{"type":"Polygon","coordinates":[[[77.59006846169734,12.98048820843939],[77.58998872142826,12.980464119959201],[77.59006989246438,12.980479324011513],[77.59006846169734,12.98048820843939]]]}},{"type":"Feature","properties":{},"geometry":{"type":"Polygon","coordinates":[[[77.59219485901463,12.98003962970303],[77.59217037867427,12.980060164896596],[77.59211868418623,12.980001645833374],[77.59219485901463,12.98003962970303]]]}},{"type":"Feature","properties":{},"geometry":{"type":"Polygon","coordinates":[[[77.59024632738135,12.979308360437768],[77.5902829134759,12.979274630401141],[77.5902829099553,12.979283623623424],[77.59024632738135,12.979308360437768]]]}},{"type":"Feature","properties":{},"geometry":{"type":"Polygon","coordinates":[[[77.59101933235974,12.9800109832418],[77.59101786716133,12.980008623327237],[77.59102722868727,12.980006327994289],[77.59101933235974,12.9800109832418]]]}},{"type":"Feature","properties":{},"geometry":{"type":"Polygon","coordinates":[[[77.59163021114836,12.98029769280672],[77.59176631082579,12.980299861032204],[77.59175982864815,12.980330696886645],[77.59163021114836,12.98029769280672]]]}},{"type":"Feature","properties":{},"geometry":{"type":"Polygon","coordinates":[[[77.59027943344472,12.980073363340917],[77.59028634231765,12.980079384029795],[77.59025791420078,12.980096837450164],[77.59027943344472,12.980073363340917]]]}},{"type":"Feature","properties":{},"geometry":{"type":"Polygon","coordinates":[[[77.58985569501317,12.98021488288796],[77.58985464320222,12.980244886448112],[77.58984647121264,12.980214580409385],[77.58985569501317,12.98021488288796]]]}},{"type":"Feature","properties":{},"geometry":{"type":"Polygon","coordinates":[[[77.58998872142826,12.980464119959201],[77.58998965698942,12.980455173093077],[77.59006989246438,12.980479324011513],[77.58998872142826,12.980464119959201]]]}},{"type":"Feature","properties":{},"geometry":{"type":"Polygon","coordinates":[[[77.59219485901463,12.98003962970303],[77.59217178845864,12.980061760809093],[77.59217037867427,12.980060164896596],[77.59219485901463,12.98003962970303]]]}},{"type":"Feature","properties":{},"geometry":{"type":"Polygon","coordinates":[[[77.5903600939252,12.979358818344231],[77.5902829099553,12.979283623623424],[77.5902829134759,12.979274630401141],[77.5903600939252,12.979358818344231]]]}},{"type":"Feature","properties":{},"geometry":{"type":"Polygon","coordinates":[[[77.59102099668269,12.979999694095305],[77.59102730152824,12.980006261594403],[77.59102722868727,12.980006327994289],[77.59102099668269,12.979999694095305]]]}},{"type":"Feature","properties":{},"geometry":{"type":"Polygon","coordinates":[[[77.59176631082579,12.980299861032204],[77.5918353163986,12.98032756540981],[77.59181635605904,12.980353048590425],[77.59176631082579,12.980299861032204]]]}},{"type":"Feature","properties":{},"geometry":{"type":"Polygon","coordinates":[[[77.59029869169649,12.9800902891993],[77.59030066153605,12.980147397600897],[77.59027455186742,12.980111203696351],[77.59029869169649,12.9800902891993]]]}},{"type":"Feature","properties":{},"geometry":{"type":"Polygon","coordinates":[[[77.58984542517544,12.98024532381897],[77.58984647121264,12.980214580409385],[77.58985464320222,12.980244886448112],[77.58984542517544,12.98024532381897]]]}},{"type":"Feature","properties":{},"geometry":{"type":"Polygon","coordinates":[[[77.5899422420581,12.980468466287467],[77.58998965698942,12.980455173093077],[77.58998872142826,12.980464119959201],[77.5899422420581,12.980468466287467]]]}},{"type":"Feature","properties":{},"geometry":{"type":"Polygon","coordinates":[[[77.59206333814399,12.980168661811529],[77.59217178845864,12.980061760809093],[77.59219475987493,12.98008388963182],[77.59206333814399,12.980168661811529]]]}},{"type":"Feature","properties":{},"geometry":{"type":"Polygon","coordinates":[[[77.5902829134759,12.979274630401141],[77.59036932293617,12.979358813575631],[77.5903600939252,12.979358818344231],[77.5902829134759,12.979274630401141]]]}},{"type":"Feature","properties":{},"geometry":{"type":"Polygon","coordinates":[[[77.59101786716133,12.980008623327237],[77.59101551079635,12.980006926004895],[77.59102099668269,12.979999694095305],[77.59101786716133,12.980008623327237]]]}},{"type":"Feature","properties":{},"geometry":{"type":"Polygon","coordinates":[[[77.5918353163986,12.98032756540981],[77.5918716323232,12.980368501884586],[77.59181635605904,12.980353048590425],[77.5918353163986,12.98032756540981]]]}},{"type":"Feature","properties":{},"geometry":{"type":"Polygon","coordinates":[[[77.59032904511753,12.980132372023979],[77.59034875076566,12.98018008464199],[77.59031759507297,12.980188393832613],[77.59032904511753,12.980132372023979]]]}},{"type":"Feature","properties":{},"geometry":{"type":"Polygon","coordinates":[[[77.58985374615634,12.980342135421921],[77.58985482838517,12.98031488093846],[77.5898640486651,12.9803144898812],[77.58985374615634,12.980342135421921]]]}},{"type":"Feature","properties":{},"geometry":{"type":"Polygon","coordinates":[[[77.5899422420581,12.980468466287467],[77.58993902874676,12.980460035799286],[77.58998965698942,12.980455173093077],[77.5899422420581,12.980468466287467]]]}},{"type":"Feature","properties":{},"geometry":{"type":"Polygon","coordinates":[[[77.59208609170622,12.98019100334092],[77.5919925154547,12.98027978650605],[77.59206333814399,12.980168661811529],[77.59208609170622,12.98019100334092]]]}},{"type":"Feature","properties":{},"geometry":{"type":"Polygon","coordinates":[[[77.59033711655917,12.979392119127683],[77.5903600939252,12.979358818344231],[77.59036932293617,12.979358813575631],[77.59033711655917,12.979392119127683]]]}},{"type":"Feature","properties":{},"geometry":{"type":"Polygon","coordinates":[[[77.59184702207307,12.980388889139515],[77.59181635605904,12.980353048590425],[77.5918716323232,12.980368501884586],[77.59184702207307,12.980388889139515]]]}},{"type":"Feature","properties":{},"geometry":{"type":"Polygon","coordinates":[[[77.59034875076566,12.98018008464199],[77.59035672356038,12.980230908213771],[77.59031759507297,12.980188393832613],[77.59034875076566,12.98018008464199]]]}},{"type":"Feature","properties":{},"geometry":{"type":"Polygon","coordinates":[[[77.5898640486651,12.9803144898812],[77.5898625284047,12.980344899684217],[77.58985374615634,12.980342135421921],[77.5898640486651,12.9803144898812]]]}},{"type":"Feature","properties":{},"geometry":{"type":"Polygon","coordinates":[[[77.58989240622947,12.980491892450722],[77.58993902874676,12.980460035799286],[77.5899422420581,12.980468466287467],[77.58989240622947,12.980491892450722]]]}},{"type":"Feature","properties":{},"geometry":{"type":"Polygon","coordinates":[[[77.5919925154547,12.98027978650605],[77.59196998185877,12.980257234344045],[77.59206333814399,12.980168661811529],[77.5919925154547,12.98027978650605]]]}},{"type":"Feature","properties":{},"geometry":{"type":"Polygon","coordinates":[[[77.59033058445954,12.979385765993104],[77.5903600939252,12.979358818344231],[77.59033711655917,12.979392119127683],[77.59033058445954,12.979385765993104]]]}},{"type":"Feature","properties":{},"geometry":{"type":"Polygon","coordinates":[[[77.59035672356038,12.980230908213771],[77.59032444406068,12.980232070682387],[77.59031759507297,12.980188393832613],[77.59035672356038,12.980230908213771]]]}},{"type":"Feature","properties":{},"geometry":{"type":"Polygon","coordinates":[[[77.58982629993153,12.980382645604612],[77.58985374615634,12.980342135421921],[77.58983332688496,12.980388475748994],[77.58982629993153,12.980382645604612]]]}},{"type":"Feature","properties":{},"geometry":{"type":"Polygon","coordinates":[[[77.5899422420581,12.980468466287467],[77.58989772520471,12.98049924181059],[77.58989240622947,12.980491892450722],[77.5899422420581,12.980468466287467]]]}},{"type":"Feature","properties":{},"geometry":{"type":"Polygon","coordinates":[[[77.59167515159896,12.979942655953463],[77.59196998185877,12.980257234344045],[77.59165130017641,12.979963882341723],[77.59167515159896,12.979942655953463]]]}},{"type":"Feature","properties":{},"geometry":{"type":"Polygon","coordinates":[[[77.59065423671098,12.979716513787988],[77.59064755436151,12.979722716742321],[77.59033059033897,12.979398481833588],[77.59065423671098,12.979716513787988]]]}},{"type":"Feature","properties":{},"geometry":{"type":"Polygon","coordinates":[[[77.59035262520831,12.980282152576024],[77.59032091924763,12.980276136111742],[77.59032444406068,12.980232070682387],[77.59035262520831,12.980282152576024]]]}},{"type":"Feature","properties":{},"geometry":{"type":"Polygon","coordinates":[[[77.58983332688496,12.980388475748994],[77.58980700682594,12.980411990361329],[77.58982629993153,12.980382645604612],[77.58983332688496,12.980388475748994]]]}},{"type":"Feature","properties":{},"geometry":{"type":"Polygon","coordinates":[[[77.5898445831915,12.980447554359142],[77.5898681034675,12.980469505080908],[77.58986096117957,12.98047530132865],[77.5898445831915,12.980447554359142]]]}},{"type":"Feature","properties":{},"geometry":{"type":"Polygon","coordinates":[[[77.590660602806,12.979723026575925],[77.59066070688777,12.979723133062848],[77.59065402387375,12.979729335343764],[77.590660602806,12.979723026575925]]]}},{"type":"Feature","properties":{},"geometry":{"type":"Polygon","coordinates":[[[77.59030722845421,12.980318242953635],[77.59032091924763,12.980276136111742],[77.59035262520831,12.980282152576024],[77.59030722845421,12.980318242953635]]]}},{"type":"Feature","properties":{},"geometry":{"type":"Polygon","coordinates":[[[77.58980077672243,12.98040535546114],[77.58982629993153,12.980382645604612],[77.58980700682594,12.980411990361329],[77.58980077672243,12.98040535546114]]]}},{"type":"Feature","properties":{},"geometry":{"type":"Polygon","coordinates":[[[77.58986096117957,12.98047530132865],[77.58983757137662,12.98045345496705],[77.5898445831915,12.980447554359142],[77.58986096117957,12.98047530132865]]]}},{"type":"Feature","properties":{},"geometry":{"type":"Polygon","coordinates":[[[77.59093168682085,12.980003220424864],[77.5909293047028,12.98000461792714],[77.59092692663341,12.979995515808369],[77.59093168682085,12.980003220424864]]]}},{"type":"Feature","properties":{},"geometry":{"type":"Polygon","coordinates":[[[77.59030965449165,12.980375305023687],[77.59028400362604,12.980356174440711],[77.59030722845421,12.980318242953635],[77.59030965449165,12.980375305023687]]]}},{"type":"Feature","properties":{},"geometry":{"type":"Polygon","coordinates":[[[77.58980057675302,12.980418441516981],[77.5898001877984,12.980418073342172],[77.58980700682594,12.980411990361329],[77.58980057675302,12.980418441516981]]]}},{"type":"Feature","properties":{},"geometry":{"type":"Polygon","coordinates":[[[77.58984400144953,12.980447003812307],[77.5898445831915,12.980447554359142],[77.58983757137662,12.98045345496705],[77.58984400144953,12.980447003812307]]]}},{"type":"Feature","properties":{},"geometry":{"type":"Polygon","coordinates":[[[77.59097438090731,12.979988605726062],[77.59095022747113,12.979992244460437],[77.59094708384976,12.97998378904971],[77.59097438090731,12.979988605726062]]]}},{"type":"Feature","properties":{},"geometry":{"type":"Polygon","coordinates":[[[77.59030965449165,12.980375305023687],[77.5903066373827,12.980378495918393],[77.59028400362604,12.980356174440711],[77.59030965449165,12.980375305023687]]]}},{"type":"Feature","properties":{},"geometry":{"type":"Polygon","coordinates":[[[77.58980700682594,12.980411990361329],[77.58984400144953,12.980447003812307],[77.58980057675302,12.980418441516981],[77.58980700682594,12.980411990361329]]]}},{"type":"Feature","properties":{},"geometry":{"type":"Polygon","coordinates":[[[77.59094708384976,12.97998378904971],[77.59097479744571,12.979979621689065],[77.59097438090731,12.979988605726062],[77.59094708384976,12.97998378904971]]]}},{"type":"Feature","properties":{},"geometry":{"type":"Polygon","coordinates":[[[77.59028341600464,12.980356616236868],[77.59028400362604,12.980356174440711],[77.5903066373827,12.980378495918393],[77.59028341600464,12.980356616236868]]]}},{"type":"Feature","properties":{},"geometry":{"type":"Polygon","coordinates":[[[77.58983757137662,12.98045345496705],[77.58980057675302,12.980418441516981],[77.58984400144953,12.980447003812307],[77.58983757137662,12.98045345496705]]]}},{"type":"Feature","properties":{},"geometry":{"type":"Polygon","coordinates":[[[77.59099825246756,12.979994387233301],[77.59097438090731,12.979988605726062],[77.59100218382054,12.97998625078569],[77.59099825246756,12.979994387233301]]]}},{"type":"Feature","properties":{},"geometry":{"type":"Polygon","coordinates":[[[77.5903066373827,12.980378495918393],[77.59030791063867,12.980379839008812],[77.59028418373936,12.98040119747318],[77.5903066373827,12.980378495918393]]]}},{"type":"Feature","properties":{},"geometry":{"type":"Polygon","coordinates":[[[77.58996111487585,12.98039634540075],[77.5898681034675,12.980469505080908],[77.58984781480996,12.980445012471161],[77.58996111487585,12.98039634540075]]]}},{"type":"Feature","properties":{},"geometry":{"type":"Polygon","coordinates":[[[77.59100218382054,12.97998625078569],[77.59102099668269,12.979999694095305],[77.59099825246756,12.979994387233301],[77.59100218382054,12.97998625078569]]]}},{"type":"Feature","properties":{},"geometry":{"type":"Polygon","coordinates":[[[77.58994082621831,12.980371852783811],[77.58994229761299,12.9803706954961],[77.58996111487585,12.98039634540075],[77.58994082621831,12.980371852783811]]]}},{"type":"Feature","properties":{},"geometry":{"type":"Polygon","coordinates":[[[77.59101551079635,12.980006926004895],[77.59099825246756,12.979994387233301],[77.59102099668269,12.979999694095305],[77.59101551079635,12.980006926004895]]]}},{"type":"Feature","properties":{},"geometry":{"type":"Polygon","coordinates":[[[77.58994229761299,12.9803706954961],[77.58996300916363,12.980395018777445],[77.58996111487585,12.98039634540075],[77.58994229761299,12.9803706954961]]]}},{"type":"Feature","properties":{},"geometry":{"type":"Polygon","coordinates":[[[77.59127968778665,12.979763878402851],[77.59102730152824,12.980006261594403],[77.59102099668269,12.979999694095305],[77.59127968778665,12.979763878402851]]]}},{"type":"Feature","properties":{},"geometry":{"type":"Polygon","coordinates":[[[77.58999137398035,12.980420194567028],[77.58996300916363,12.980395018777445],[77.59001042761548,12.980394777604387],[77.58999137398035,12.980420194567028]]]}},{"type":"Feature","properties":{},"geometry":{"type":"Polygon","coordinates":[[[77.59127968778665,12.979763878402851],[77.59128604107553,12.979770401747308],[77.59102730152824,12.980006261594403],[77.59127968778665,12.979763878402851]]]}},{"type":"Feature","properties":{},"geometry":{"type":"Polygon","coordinates":[[[77.59001042761548,12.980394777604387],[77.5900471569276,12.980415406784907],[77.59003412497708,12.980444207509095],[77.59001042761548,12.980394777604387]]]}},{"type":"Feature","properties":{},"geometry":{"type":"Polygon","coordinates":[[[77.59129273540378,12.979764211071547],[77.59155899633595,12.980037608786585],[77.59128604107553,12.979770401747308],[77.59129273540378,12.979764211071547]]]}},{"type":"Feature","properties":{},"geometry":{"type":"Polygon","coordinates":[[[77.59008106807914,12.9804587447862],[77.5900471569276,12.980415406784907],[77.59008752026136,12.980427902978361],[77.59008106807914,12.9804587447862]]]}},{"type":"Feature","properties":{},"geometry":{"type":"Polygon","coordinates":[[[77.59155235242247,12.980043851215187],[77.59128604107553,12.979770401747308],[77.59155899633595,12.980037608786585],[77.59155235242247,12.980043851215187]]]}},{"type":"Feature","properties":{},"geometry":{"type":"Polygon","coordinates":[[[77.59008106807914,12.9804587447862],[77.59008752026136,12.980427902978361],[77.59012963332748,12.980431796052937],[77.59008106807914,12.9804587447862]]]}},{"type":"Feature","properties":{},"geometry":{"type":"Polygon","coordinates":[[[77.59165130017641,12.979963882341723],[77.59156538134528,12.980044102337406],[77.59164491516708,12.979957388771654],[77.59165130017641,12.979963882341723]]]}},{"type":"Feature","properties":{},"geometry":{"type":"Polygon","coordinates":[[[77.5901716842904,12.980426810461134],[77.59013006382503,12.980463269369874],[77.59012963332748,12.980431796052937],[77.5901716842904,12.980426810461134]]]}},{"type":"Feature","properties":{},"geometry":{"type":"Polygon","coordinates":[[[77.59164491516708,12.979957388771654],[77.59164504324605,12.979957269231269],[77.59165130017641,12.979963882341723],[77.59164491516708,12.979957388771654]]]}},{"type":"Feature","properties":{},"geometry":{"type":"Polygon","coordinates":[[[77.59017910319102,12.98045744512793],[77.59013006382503,12.980463269369874],[77.5901716842904,12.980426810461134],[77.59017910319102,12.98045744512793]]]}},{"type":"Feature","properties":{},"geometry":{"type":"Polygon","coordinates":[[[77.59194613043627,12.980278460705458],[77.59165130017641,12.979963882341723],[77.59196998185877,12.980257234344045],[77.59194613043627,12.980278460705458]]]}},{"type":"Feature","properties":{},"geometry":{"type":"Polygon","coordinates":[[[77.5901716842904,12.980426810461134],[77.59021441243857,12.980411983225627],[77.59017910319102,12.98045744512793],[77.5901716842904,12.980426810461134]]]}},{"type":"Feature","properties":{},"geometry":{"type":"Polygon","coordinates":[[[77.59194782637405,12.980280270258932],[77.59194613043627,12.980278460705458],[77.59196998185877,12.980257234344045],[77.59194782637405,12.980280270258932]]]}},{"type":"Feature","properties":{},"geometry":{"type":"Polygon","coordinates":[[[77.59022868360091,12.980440220710001],[77.59021441243857,12.980411983225627],[77.59025252315905,12.980388027640526],[77.59022868360091,12.980440220710001]]]}},{"type":"Feature","properties":{},"geometry":{"type":"Polygon","coordinates":[[[77.59197254146733,12.980300536694386],[77.59194782637405,12.980280270258932],[77.59196998185877,12.980257234344045],[77.59197254146733,12.980300536694386]]]}},{"type":"Feature","properties":{},"geometry":{"type":"Polygon","coordinates":[[[77.59026089385065,12.980379387058019],[77.59028341600464,12.980356616236868],[77.5903066373827,12.980378495918393],[77.59026089385065,12.980379387058019]]]}},{"type":"Feature","properties":{},"geometry":{"type":"Polygon","coordinates":[[[77.59197254146733,12.980300536694386],[77.5918716323232,12.980368501884586],[77.59194782637405,12.980280270258932],[77.59197254146733,12.980300536694386]]]}},{"type":"Feature","properties":{},"geometry":{"type":"Polygon","coordinates":[[[77.59070198513876,12.980841911562969],[77.59028418373936,12.98040119747318],[77.59030791063867,12.980379839008812],[77.59070198513876,12.980841911562969]]]}},{"type":"Feature","properties":{},"geometry":{"type":"Polygon","coordinates":[[[77.59189634748685,12.980388768312826],[77.59184921258316,12.9803914000152],[77.5918716323232,12.980368501884586],[77.59189634748685,12.980388768312826]]]}},{"type":"Feature","properties":{},"geometry":{"type":"Polygon","coordinates":[[[77.59030791063867,12.980379839008812],[77.59072571204797,12.98082055313647],[77.59070198513876,12.980841911562969],[77.59030791063867,12.980379839008812]]]}},{"type":"Feature","properties":{},"geometry":{"type":"Polygon","coordinates":[[[77.5913242689964,12.980893372374297],[77.59130267912946,12.980869959971361],[77.59184921258316,12.9803914000152],[77.5913242689964,12.980893372374297]]]}},{"type":"Feature","properties":{},"geometry":{"type":"Polygon","coordinates":[[[77.5907089749341,12.980849076070674],[77.59070198513876,12.980841911562969],[77.59072571204797,12.98082055313647],[77.5907089749341,12.980849076070674]]]}},{"type":"Feature","properties":{},"geometry":{"type":"Polygon","coordinates":[[[77.59129918047438,12.980914880575382],[77.59127802293563,12.980891096432506],[77.59130267912946,12.980869959971361],[77.59129918047438,12.980914880575382]]]}},{"type":"Feature","properties":{},"geometry":{"type":"Polygon","coordinates":[[[77.59072571204797,12.98082055313647],[77.5907320710644,12.980827070904196],[77.5907089749341,12.980849076070674],[77.59072571204797,12.98082055313647]]]}},{"type":"Feature","properties":{},"geometry":{"type":"Polygon","coordinates":[[[77.59129918047438,12.980914880575382],[77.59112594239252,12.981019816410202],[77.59127802293563,12.980891096432506],[77.59129918047438,12.980914880575382]]]}},{"type":"Feature","properties":{},"geometry":{"type":"Polygon","coordinates":[[[77.59098360990072,12.981047170647333],[77.59097557269683,12.98107765676056],[77.59093213794904,12.981026932060784],[77.59098360990072,12.981047170647333]]]}},{"type":"Feature","properties":{},"geometry":{"type":"Polygon","coordinates":[[[77.59104252684051,12.98105371379567],[77.59112594239252,12.981019816410202],[77.59105502626676,12.981082737641835],[77.59104252684051,12.98105371379567]]]}},{"type":"Feature","properties":{},"geometry":{"type":"Polygon","coordinates":[[[77.59098360990072,12.981047170647333],[77.59101545316429,12.981050640236763],[77.5910117153557,12.981081904962432],[77.59098360990072,12.981047170647333]]]}},{"type":"Feature","properties":{},"geometry":{"type":"Polygon","coordinates":[[[77.59105502626676,12.981082737641835],[77.59105440396763,12.981082992193633],[77.59104252684051,12.98105371379567],[77.59105502626676,12.981082737641835]]]}},{"type":"Feature","properties":{},"geometry":{"type":"Polygon","coordinates":[[[77.59101545316429,12.981050640236763],[77.59104252684051,12.98105371379567],[77.5910117153557,12.981081904962432],[77.59101545316429,12.981050640236763]]]}},{"type":"Feature","properties":{},"geometry":{"type":"Polygon","coordinates":[[[77.59237733237421,12.979963178753291],[77.59238042922453,12.97997276608476],[77.59237401851487,12.97996629666657],[77.59237733237421,12.979963178753291]]]}},{"type":"Feature","properties":{},"geometry":{"type":"Polygon","coordinates":[[[77.59237733237421,12.979963178753291],[77.59243938640464,12.979902871115076],[77.59244521438654,12.979909908441963],[77.59237733237421,12.979963178753291]]]}},{"type":"Feature","properties":{},"geometry":{"type":"Polygon","coordinates":[[[77.59245169043828,12.979903614713438],[77.59249869564354,12.979963175442736],[77.59248948522122,12.979962604088026],[77.59245169043828,12.979903614713438]]]}},{"type":"Feature","properties":{},"geometry":{"type":"Polygon","coordinates":[[[77.59244596356768,12.979896479030115],[77.59250204513125,12.979841975970395],[77.59250856230352,12.979848343600612],[77.59244596356768,12.979896479030115]]]}},{"type":"Feature","properties":{},"geometry":{"type":"Polygon","coordinates":[[[77.59244596356768,12.979896479030115],[77.59244147735245,12.979897366406364],[77.5924443812745,12.979894533552155],[77.59244596356768,12.979896479030115]]]}},{"type":"Feature","properties":{},"geometry":{"type":"Polygon","coordinates":[[[77.59244147735245,12.979897366406364],[77.59243938640464,12.979902871115076],[77.59243777129956,12.979900885430121],[77.59244147735245,12.979897366406364]]]}},{"type":"Feature","properties":{},"geometry":{"type":"Polygon","coordinates":[[[77.59238379645603,12.979969597483969],[77.59238042922453,12.97997276608476],[77.59237733237421,12.979963178753291],[77.59238379645603,12.979969597483969]]]}},{"type":"Feature","properties":{},"geometry":{"type":"Polygon","coordinates":[[[77.59248948522122,12.979962604088026],[77.59244521438654,12.979909908441963],[77.59245169043828,12.979903614713438],[77.59248948522122,12.979962604088026]]]}},{"type":"Feature","properties":{},"geometry":{"type":"Polygon","coordinates":[[[77.59250856230352,12.979848343600612],[77.59245169043828,12.979903614713438],[77.59244596356768,12.979896479030115],[77.59250856230352,12.979848343600612]]]}},{"type":"Feature","properties":{},"geometry":{"type":"Polygon","coordinates":[[[77.59244596356768,12.979896479030115],[77.59243938640464,12.979902871115076],[77.59244147735245,12.979897366406364],[77.59244596356768,12.979896479030115]]]}},{"type":"Feature","properties":{},"geometry":{"type":"Polygon","coordinates":[[[77.59244521438654,12.979909908441963],[77.59238379645603,12.979969597483969],[77.59237733237421,12.979963178753291],[77.59244521438654,12.979909908441963]]]}},{"type":"Feature","properties":{},"geometry":{"type":"Polygon","coordinates":[[[77.59243938640464,12.979902871115076],[77.59244596356768,12.979896479030115],[77.59245169043828,12.979903614713438],[77.59243938640464,12.979902871115076]]]}},{"type":"Feature","properties":{},"geometry":{"type":"Polygon","coordinates":[[[77.59245169043828,12.979903614713438],[77.59244521438654,12.979909908441963],[77.59243938640464,12.979902871115076],[77.59245169043828,12.979903614713438]]]}},{"type":"Feature","properties":{},"geometry":{"type":"Polygon","coordinates":[[[77.59241458892961,12.979746337548633],[77.59242149660554,12.979752301429825],[77.59242149660554,12.979752301438392],[77.59241458892961,12.979746337548633]]]}},{"type":"Feature","properties":{},"geometry":{"type":"Polygon","coordinates":[[[77.59242149660554,12.979752301438392],[77.59239759730303,12.979765025457205],[77.59241458892961,12.979746337548633],[77.59242149660554,12.979752301438392]]]}},{"type":"Feature","properties":{},"geometry":{"type":"Polygon","coordinates":[[[77.59236392020017,12.979801916754624],[77.59236047636068,12.979805852154271],[77.59236025822503,12.979805583982634],[77.59236392020017,12.979801916754624]]]}},{"type":"Feature","properties":{},"geometry":{"type":"Polygon","coordinates":[[[77.59233355554846,12.979832324721167],[77.59232734213259,12.97982565147031],[77.59233395647306,12.97983192321687],[77.59233355554846,12.979832324721167]]]}},{"type":"Feature","properties":{},"geometry":{"type":"Polygon","coordinates":[[[77.59214654344646,12.979493747645957],[77.59215320608945,12.979487521550535],[77.5921595413177,12.979494152975963],[77.59214654344646,12.979493747645957]]]}},{"type":"Feature","properties":{},"geometry":{"type":"Polygon","coordinates":[[[77.59215320608945,12.979487521550535],[77.5921598162052,12.97949379752745],[77.5921595413177,12.979494152975963],[77.59215320608945,12.979487521550535]]]}},{"type":"Feature","properties":{},"geometry":{"type":"Polygon","coordinates":[[[77.59215320608945,12.979487521550535],[77.59217499740447,12.979465727728126],[77.59218160752027,12.979472003705588],[77.59215320608945,12.979487521550535]]]}},{"type":"Feature","properties":{},"geometry":{"type":"Polygon","coordinates":[[[77.59215320608945,12.979487521550535],[77.59214654344646,12.979493747645957],[77.59214640727009,12.979493603147436],[77.59215320608945,12.979487521550535]]]}},{"type":"Feature","properties":{},"geometry":{"type":"Polygon","coordinates":[[[77.59233355554846,12.979832324721167],[77.5923340954659,12.979832936437594],[77.5923270986487,12.97983880084974],[77.59233355554846,12.979832324721167]]]}},{"type":"Feature","properties":{},"geometry":{"type":"Polygon","coordinates":[[[77.59232090537057,12.979832106151163],[77.5923270986487,12.97983880084974],[77.59232047515468,12.979832538248141],[77.59232090537057,12.979832106151163]]]}},{"type":"Feature","properties":{},"geometry":{"type":"Polygon","coordinates":[[[77.59233495998154,12.979833915840832],[77.59234186779827,12.979839879728488],[77.59232855462318,12.979840450285844],[77.59233495998154,12.979833915840832]]]}},{"type":"Feature","properties":{},"geometry":{"type":"Polygon","coordinates":[[[77.59233493069024,12.979846952062472],[77.59229069125917,12.979888148199597],[77.5922843150513,12.979881646419743],[77.59233493069024,12.979846952062472]]]}},{"type":"Feature","properties":{},"geometry":{"type":"Polygon","coordinates":[[[77.59232855462318,12.979840450285844],[77.59234186779827,12.979839879728488],[77.59233493069024,12.979846952062472],[77.59232855462318,12.979840450285844]]]}},{"type":"Feature","properties":{},"geometry":{"type":"Polygon","coordinates":[[[77.59236629828717,12.979813010240106],[77.59237040005422,12.979811696856988],[77.5923675669664,12.979814570048916],[77.59236629828717,12.979813010240106]]]}},{"type":"Feature","properties":{},"geometry":{"type":"Polygon","coordinates":[[[77.59237040005422,12.979811696856988],[77.59237251409706,12.979806173862055],[77.59237406231097,12.979808077316507],[77.59237040005422,12.979811696856988]]]}},{"type":"Feature","properties":{},"geometry":{"type":"Polygon","coordinates":[[[77.59242149660554,12.979752301438392],[77.5923971401898,12.979768310828712],[77.59239759730303,12.979765025457205],[77.59242149660554,12.979752301438392]]]}},{"type":"Feature","properties":{},"geometry":{"type":"Polygon","coordinates":[[[77.59236629828717,12.979813010240106],[77.59236047636068,12.979805852154271],[77.59236392020017,12.979801916754624],[77.59236629828717,12.979813010240106]]]}},{"type":"Feature","properties":{},"geometry":{"type":"Polygon","coordinates":[[[77.59232090537057,12.979832106151163],[77.59232734213259,12.97982565147031],[77.59233355554846,12.979832324721167],[77.59232090537057,12.979832106151163]]]}},{"type":"Feature","properties":{},"geometry":{"type":"Polygon","coordinates":[[[77.5921595413177,12.979494152975963],[77.5921528341745,12.979500330596297],[77.59214654344646,12.979493747645957],[77.5921595413177,12.979494152975963]]]}},{"type":"Feature","properties":{},"geometry":{"type":"Polygon","coordinates":[[[77.59218160752027,12.979472003705588],[77.5921598162052,12.97949379752745],[77.59215320608945,12.979487521550535],[77.59218160752027,12.979472003705588]]]}},{"type":"Feature","properties":{},"geometry":{"type":"Polygon","coordinates":[[[77.5922843150513,12.979881646419743],[77.59232855462318,12.979840450285844],[77.59233493069024,12.979846952062472],[77.5922843150513,12.979881646419743]]]}},{"type":"Feature","properties":{},"geometry":{"type":"Polygon","coordinates":[[[77.59236629828717,12.979813010240106],[77.59237251409706,12.979806173862055],[77.59237040005422,12.979811696856988],[77.59236629828717,12.979813010240106]]]}},{"type":"Feature","properties":{},"geometry":{"type":"Polygon","coordinates":[[[77.59242149660554,12.979752301438392],[77.59237251409706,12.979806173862055],[77.5923971401898,12.979768310828712],[77.59242149660554,12.979752301438392]]]}},{"type":"Feature","properties":{},"geometry":{"type":"Polygon","coordinates":[[[77.59236629828717,12.979813010240106],[77.59234186779827,12.979839879728488],[77.59233495998154,12.979833915840832],[77.59236629828717,12.979813010240106]]]}},{"type":"Feature","properties":{},"geometry":{"type":"Polygon","coordinates":[[[77.5923270986487,12.97983880084974],[77.59232090537057,12.979832106151163],[77.59233355554846,12.979832324721167],[77.5923270986487,12.97983880084974]]]}},{"type":"Feature","properties":{},"geometry":{"type":"Polygon","coordinates":[[[77.5921528341745,12.979500330596297],[77.5921526910978,12.979500455128491],[77.59214654344646,12.979493747645957],[77.5921528341745,12.979500330596297]]]}},{"type":"Feature","properties":{},"geometry":{"type":"Polygon","coordinates":[[[77.59232855462318,12.979840450285844],[77.59232796316434,12.979839780252956],[77.59233495998154,12.979833915840832],[77.59232855462318,12.979840450285844]]]}},{"type":"Feature","properties":{},"geometry":{"type":"Polygon","coordinates":[[[77.59236392020017,12.979801916754624],[77.5923971401898,12.979768310828712],[77.59237251409706,12.979806173862055],[77.59236392020017,12.979801916754624]]]}},{"type":"Feature","properties":{},"geometry":{"type":"Polygon","coordinates":[[[77.59232065400056,12.979831848579117],[77.59206429926456,12.979567158319938],[77.59207352067114,12.979567524969385],[77.59232065400056,12.979831848579117]]]}},{"type":"Feature","properties":{},"geometry":{"type":"Polygon","coordinates":[[[77.5921526910978,12.979500455128491],[77.59207352067114,12.979567524969385],[77.59214654344646,12.979493747645957],[77.5921526910978,12.979500455128491]]]}},{"type":"Feature","properties":{},"geometry":{"type":"Polygon","coordinates":[[[77.5923340954659,12.979832936437594],[77.59233495998154,12.979833915840832],[77.59232796316434,12.979839780252956],[77.5923340954659,12.979832936437594]]]}},{"type":"Feature","properties":{},"geometry":{"type":"Polygon","coordinates":[[[77.59237251409706,12.979806173862055],[77.59236629828717,12.979813010240106],[77.59236392020017,12.979801916754624],[77.59237251409706,12.979806173862055]]]}},{"type":"Feature","properties":{},"geometry":{"type":"Polygon","coordinates":[[[77.59207352067114,12.979567524969385],[77.59206429926456,12.979567158319938],[77.59214654344646,12.979493747645957],[77.59207352067114,12.979567524969385]]]}},{"type":"Feature","properties":{},"geometry":{"type":"Polygon","coordinates":[[[77.59233495998154,12.979833915840832],[77.59236047636068,12.979805852154271],[77.59236629828717,12.979813010240106],[77.59233495998154,12.979833915840832]]]}},{"type":"Feature","properties":{},"geometry":{"type":"Polygon","coordinates":[[[77.59207352067114,12.979567524969385],[77.59232734213259,12.97982565147031],[77.59232065400056,12.979831848579117],[77.59207352067114,12.979567524969385]]]}},{"type":"Feature","properties":{},"geometry":{"type":"Polygon","coordinates":[[[77.59232796316434,12.979839780252956],[77.5923270986487,12.97983880084974],[77.5923340954659,12.979832936437594],[77.59232796316434,12.979839780252956]]]}},{"type":"Feature","properties":{},"geometry":{"type":"Polygon","coordinates":[[[77.59232090537057,12.979832106151163],[77.59232065400056,12.979831848579117],[77.59232734213259,12.97982565147031],[77.59232090537057,12.979832106151163]]]}},{"type":"Feature","properties":{},"geometry":{"type":"Polygon","coordinates":[[[77.59235730585965,12.97979564500604],[77.59235447784147,12.979798477066103],[77.59232558859793,12.979762958021263],[77.59235730585965,12.97979564500604]]]}},{"type":"Feature","properties":{},"geometry":{"type":"Polygon","coordinates":[[[77.59232558859793,12.979762958021263],[77.59233282129458,12.979757372020556],[77.59236098557858,12.979791999586759],[77.59232558859793,12.979762958021263]]]}},{"type":"Feature","properties":{},"geometry":{"type":"Polygon","coordinates":[[[77.59236098557858,12.979791999586759],[77.59235730585965,12.97979564500604],[77.59232558859793,12.979762958021263],[77.59236098557858,12.979791999586759]]]}},{"type":"Feature","properties":{},"geometry":{"type":"Polygon","coordinates":[[[77.58940347607836,12.97914484855879],[77.58947541831475,12.979077408883242],[77.58947845263941,12.979080780795426],[77.58940347607836,12.97914484855879]]]}},{"type":"Feature","properties":{},"geometry":{"type":"Polygon","coordinates":[[[77.5893973912344,12.979138086896793],[77.58947235244563,12.979074032236742],[77.58947541014697,12.979077399963579],[77.5893973912344,12.979138086896793]]]}},{"type":"Feature","properties":{},"geometry":{"type":"Polygon","coordinates":[[[77.58947541014697,12.979077399963579],[77.58940347607836,12.97914484855879],[77.5893973912344,12.979138086896793],[77.58947541014697,12.979077399963579]]]}},{"type":"Feature","properties":{},"geometry":{"type":"Polygon","coordinates":[[[77.58947541014697,12.979077399963579],[77.58947541831475,12.979077408883242],[77.58940347607836,12.97914484855879],[77.58947541014697,12.979077399963579]]]}},{"type":"Feature","properties":{},"geometry":{"type":"Polygon","coordinates":[[[77.59108398120458,12.978387682478184],[77.5910903128418,12.978381102620274],[77.59109079477514,12.978381616669528],[77.59108398120458,12.978387682478184]]]}},{"type":"Feature","properties":{},"geometry":{"type":"Polygon","coordinates":[[[77.5910844849655,12.978374129197512],[77.59110764297299,12.978355751317705],[77.59111347088447,12.978362724740984],[77.5910844849655,12.978374129197512]]]}},{"type":"Feature","properties":{},"geometry":{"type":"Polygon","coordinates":[[[77.5910903128418,12.978381102620274],[77.59107762249397,12.978380940830606],[77.59108405305977,12.978374471988513],[77.5910903128418,12.978381102620274]]]}},{"type":"Feature","properties":{},"geometry":{"type":"Polygon","coordinates":[[[77.59108405305977,12.978374471988513],[77.59107762249397,12.978380940830606],[77.59107728536242,12.978380586512612],[77.59108405305977,12.978374471988513]]]}},{"type":"Feature","properties":{},"geometry":{"type":"Polygon","coordinates":[[[77.59107656945076,12.978382323933253],[77.59102695041997,12.978462585452771],[77.59101953863097,12.978457226772228],[77.59107656945076,12.978382323933253]]]}},{"type":"Feature","properties":{},"geometry":{"type":"Polygon","coordinates":[[[77.59111347088447,12.978362724740984],[77.5910903128418,12.978381102620274],[77.5910844849655,12.978374129197512],[77.59111347088447,12.978362724740984]]]}},{"type":"Feature","properties":{},"geometry":{"type":"Polygon","coordinates":[[[77.59108398120458,12.978387682478184],[77.59107656945076,12.978382323933253],[77.59107762249397,12.978380940830606],[77.59108398120458,12.978387682478184]]]}},{"type":"Feature","properties":{},"geometry":{"type":"Polygon","coordinates":[[[77.59108398120458,12.978387682478184],[77.59102695041997,12.978462585452771],[77.59107656945076,12.978382323933253],[77.59108398120458,12.978387682478184]]]}},{"type":"Feature","properties":{},"geometry":{"type":"Polygon","coordinates":[[[77.59107762249397,12.978380940830606],[77.5910903128418,12.978381102620274],[77.59108398120458,12.978387682478184],[77.59107762249397,12.978380940830606]]]}},{"type":"Feature","properties":{},"geometry":{"type":"Polygon","coordinates":[[[77.59108405305977,12.978374471988513],[77.5910844849655,12.978374129197512],[77.5910903128418,12.978381102620274],[77.59108405305977,12.978374471988513]]]}},{"type":"Feature","properties":{},"geometry":{"type":"Polygon","coordinates":[[[77.59136192154756,12.979536611830909],[77.59133869214259,12.979536611830909],[77.59132057554723,12.979531710529109],[77.59136192154756,12.979536611830909]]]}},{"type":"Feature","properties":{},"geometry":{"type":"Polygon","coordinates":[[[77.59138034267386,12.979351306612688],[77.59138304676736,12.979534606348267],[77.59136192154756,12.979536611830909],[77.59138034267386,12.979351306612688]]]}},{"type":"Feature","properties":{},"geometry":{"type":"Polygon","coordinates":[[[77.59144451194413,12.979501268498677],[77.59143240351432,12.979511080108832],[77.59138034267386,12.979351306612688],[77.59144451194413,12.979501268498677]]]}},{"type":"Feature","properties":{},"geometry":{"type":"Polygon","coordinates":[[[77.59147374944428,12.97945812803823],[77.591463634442,12.979477742238949],[77.5914430168911,12.97937072297678],[77.59147374944428,12.97945812803823]]]}},{"type":"Feature","properties":{},"geometry":{"type":"Polygon","coordinates":[[[77.5914430168911,12.97937072297678],[77.59147875156657,12.979421786447187],[77.59147374944428,12.97945812803823],[77.5914430168911,12.97937072297678]]]}},{"type":"Feature","properties":{},"geometry":{"type":"Polygon","coordinates":[[[77.5914430168911,12.97937072297678],[77.5914555221616,12.979361918614433],[77.59147775488799,12.979389347924892],[77.5914430168911,12.97937072297678]]]}},{"type":"Feature","properties":{},"geometry":{"type":"Polygon","coordinates":[[[77.5914430168911,12.97937072297678],[77.59140116329229,12.979333482064664],[77.59140696831997,12.9793285807417],[77.5914430168911,12.97937072297678]]]}},{"type":"Feature","properties":{},"geometry":{"type":"Polygon","coordinates":[[[77.5914430168911,12.97937072297678],[77.59139065144933,12.97934239432169],[77.59139545979843,12.979338293436124],[77.5914430168911,12.97937072297678]]]}},{"type":"Feature","properties":{},"geometry":{"type":"Polygon","coordinates":[[[77.5914430168911,12.97937072297678],[77.59138034267386,12.979351306612688],[77.59138624923526,12.979346198456742],[77.5914430168911,12.97937072297678]]]}},{"type":"Feature","properties":{},"geometry":{"type":"Polygon","coordinates":[[[77.59138034267386,12.979351306612688],[77.59135431686559,12.97933808656845],[77.59136082326489,12.979331881258823],[77.59138034267386,12.979351306612688]]]}},{"type":"Feature","properties":{},"geometry":{"type":"Polygon","coordinates":[[[77.59138034267386,12.979351306612688],[77.59133969811552,12.979351909170497],[77.59134740433126,12.979344597685275],[77.59138034267386,12.979351306612688]]]}},{"type":"Feature","properties":{},"geometry":{"type":"Polygon","coordinates":[[[77.59133969811552,12.979351909170497],[77.59131166958537,12.9793415939188],[77.591320677081,12.979332987434805],[77.59133969811552,12.979351909170497]]]}},{"type":"Feature","properties":{},"geometry":{"type":"Polygon","coordinates":[[[77.59133969811552,12.979351909170497],[77.59129754917456,12.979355110747605],[77.59130516311575,12.979347799262497],[77.59133969811552,12.979351909170497]]]}},{"type":"Feature","properties":{},"geometry":{"type":"Polygon","coordinates":[[[77.59129754917456,12.979355110747605],[77.5912646108672,12.979344597685275],[77.59127602714932,12.97933368889803],[77.59129754917456,12.979355110747605]]]}},{"type":"Feature","properties":{},"geometry":{"type":"Polygon","coordinates":[[[77.59125250240226,12.979356108995523],[77.59119994318723,12.979359814190683],[77.591228673089,12.979332384876967],[77.59125250240226,12.979356108995523]]]}},{"type":"Feature","properties":{},"geometry":{"type":"Polygon","coordinates":[[[77.59125250240226,12.979356108995523],[77.59117661221336,12.97938374513995],[77.59119253227846,12.979366918842123],[77.59125250240226,12.979356108995523]]]}},{"type":"Feature","properties":{},"geometry":{"type":"Polygon","coordinates":[[[77.59117661221336,12.97938374513995],[77.59129744767603,12.979519893454166],[77.59116910902992,12.979390445112342],[77.59117661221336,12.97938374513995]]]}},{"type":"Feature","properties":{},"geometry":{"type":"Polygon","coordinates":[[[77.59136192154756,12.979536611830909],[77.59132057554723,12.979531710529109],[77.59129744767603,12.979519893454166],[77.59136192154756,12.979536611830909]]]}},{"type":"Feature","properties":{},"geometry":{"type":"Polygon","coordinates":[[[77.59138034267386,12.979351306612688],[77.5914430168911,12.97937072297678],[77.591463634442,12.979477742238949],[77.59138034267386,12.979351306612688]]]}},{"type":"Feature","properties":{},"geometry":{"type":"Polygon","coordinates":[[[77.59147775488799,12.979389347924892],[77.59147875156657,12.979421786447187],[77.5914430168911,12.97937072297678],[77.59147775488799,12.979389347924892]]]}},{"type":"Feature","properties":{},"geometry":{"type":"Polygon","coordinates":[[[77.59139545979843,12.979338293436124],[77.59140116329229,12.979333482064664],[77.5914430168911,12.97937072297678],[77.59139545979843,12.979338293436124]]]}},{"type":"Feature","properties":{},"geometry":{"type":"Polygon","coordinates":[[[77.59134740433126,12.979344597685275],[77.59135431686559,12.97933808656845],[77.59138034267386,12.979351306612688],[77.59134740433126,12.979344597685275]]]}},{"type":"Feature","properties":{},"geometry":{"type":"Polygon","coordinates":[[[77.59130516311575,12.979347799262497],[77.59131166958537,12.9793415939188],[77.59133969811552,12.979351909170497],[77.59130516311575,12.979347799262497]]]}},{"type":"Feature","properties":{},"geometry":{"type":"Polygon","coordinates":[[[77.59129754917456,12.979355110747605],[77.59125250240226,12.979356108995523],[77.5912646108672,12.979344597685275],[77.59129754917456,12.979355110747605]]]}},{"type":"Feature","properties":{},"geometry":{"type":"Polygon","coordinates":[[[77.59119253227846,12.979366918842123],[77.59119994318723,12.979359814190683],[77.59125250240226,12.979356108995523],[77.59119253227846,12.979366918842123]]]}},{"type":"Feature","properties":{},"geometry":{"type":"Polygon","coordinates":[[[77.59133969811552,12.979351909170497],[77.59136192154756,12.979536611830909],[77.59129744767603,12.979519893454166],[77.59133969811552,12.979351909170497]]]}},{"type":"Feature","properties":{},"geometry":{"type":"Polygon","coordinates":[[[77.591463634442,12.979477742238949],[77.59144451194413,12.979501268498677],[77.59138034267386,12.979351306612688],[77.591463634442,12.979477742238949]]]}},{"type":"Feature","properties":{},"geometry":{"type":"Polygon","coordinates":[[[77.59138624923526,12.979346198456742],[77.59139065144933,12.97934239432169],[77.5914430168911,12.97937072297678],[77.59138624923526,12.979346198456742]]]}},{"type":"Feature","properties":{},"geometry":{"type":"Polygon","coordinates":[[[77.59129744767603,12.979519893454166],[77.59129754917456,12.979355110747605],[77.59133969811552,12.979351909170497],[77.59129744767603,12.979519893454166]]]}},{"type":"Feature","properties":{},"geometry":{"type":"Polygon","coordinates":[[[77.59129744767603,12.979519893454166],[77.59117661221336,12.97938374513995],[77.59125250240226,12.979356108995523],[77.59129744767603,12.979519893454166]]]}},{"type":"Feature","properties":{},"geometry":{"type":"Polygon","coordinates":[[[77.59143240351432,12.979511080108832],[77.5914102723217,12.979524794756198],[77.59138034267386,12.979351306612688],[77.59143240351432,12.979511080108832]]]}},{"type":"Feature","properties":{},"geometry":{"type":"Polygon","coordinates":[[[77.59136192154756,12.979536611830909],[77.59133969811552,12.979351909170497],[77.59138034267386,12.979351306612688],[77.59136192154756,12.979536611830909]]]}},{"type":"Feature","properties":{},"geometry":{"type":"Polygon","coordinates":[[[77.59125250240226,12.979356108995523],[77.59129754917456,12.979355110747605],[77.59129744767603,12.979519893454166],[77.59125250240226,12.979356108995523]]]}},{"type":"Feature","properties":{},"geometry":{"type":"Polygon","coordinates":[[[77.59138034267386,12.979351306612688],[77.5914102723217,12.979524794756198],[77.59138304676736,12.979534606348267],[77.59138034267386,12.979351306612688]]]}},{"type":"Feature","properties":{},"geometry":{"type":"Polygon","coordinates":[[[77.59134867498199,12.978672305798517],[77.5913560803283,12.978677672913827],[77.59130866272136,12.978739797455368],[77.59134867498199,12.978672305798517]]]}},{"type":"Feature","properties":{},"geometry":{"type":"Polygon","coordinates":[[[77.5913560803283,12.978677672913827],[77.59136316692047,12.978671876281087],[77.59135653687821,12.978678132346515],[77.5913560803283,12.978677672913827]]]}},{"type":"Feature","properties":{},"geometry":{"type":"Polygon","coordinates":[[[77.59136316692047,12.978671876281087],[77.59140674835362,12.97863867245427],[77.59141114028756,12.978646582025585],[77.59136316692047,12.978671876281087]]]}},{"type":"Feature","properties":{},"geometry":{"type":"Polygon","coordinates":[[[77.59136316692047,12.978671876281087],[77.59135659313716,12.9786651170763],[77.59135877498659,12.978663966641955],[77.59136316692047,12.978671876281087]]]}},{"type":"Feature","properties":{},"geometry":{"type":"Polygon","coordinates":[[[77.59135659313716,12.9786651170763],[77.59134964307339,12.97867103741845],[77.5913564566792,12.978664971548103],[77.59135659313716,12.9786651170763]]]}},{"type":"Feature","properties":{},"geometry":{"type":"Polygon","coordinates":[[[77.59130866272136,12.978739797455368],[77.59130125744548,12.97873443034142],[77.59134867498199,12.978672305798517],[77.59130866272136,12.978739797455368]]]}},{"type":"Feature","properties":{},"geometry":{"type":"Polygon","coordinates":[[[77.59135877498659,12.978663966641955],[77.59140674835362,12.97863867245427],[77.59136316692047,12.978671876281087],[77.59135877498659,12.978663966641955]]]}},{"type":"Feature","properties":{},"geometry":{"type":"Polygon","coordinates":[[[77.5913560803283,12.978677672913827],[77.59134867498199,12.978672305798517],[77.59134964307339,12.97867103741845],[77.5913560803283,12.978677672913827]]]}},{"type":"Feature","properties":{},"geometry":{"type":"Polygon","coordinates":[[[77.59135659313716,12.9786651170763],[77.59136316692047,12.978671876281087],[77.5913560803283,12.978677672913827],[77.59135659313716,12.9786651170763]]]}},{"type":"Feature","properties":{},"geometry":{"type":"Polygon","coordinates":[[[77.5913560803283,12.978677672913827],[77.59134964307339,12.97867103741845],[77.59135659313716,12.9786651170763],[77.5913560803283,12.978677672913827]]]}},{"type":"Feature","properties":{},"geometry":{"type":"Polygon","coordinates":[[[77.59175939223604,12.98089617402421],[77.59175072567422,12.980893082486924],[77.59176734461136,12.980864131553599],[77.59175939223604,12.98089617402421]]]}},{"type":"Feature","properties":{},"geometry":{"type":"Polygon","coordinates":[[[77.59175346947995,12.980925896637324],[77.59174874055526,12.980958602238607],[77.59174424462321,12.980925628568716],[77.59175346947995,12.980925896637324]]]}},{"type":"Feature","properties":{},"geometry":{"type":"Polygon","coordinates":[[[77.59177448021012,12.98098635964876],[77.59176789959685,12.980992664988214],[77.59176365587973,12.98098845959892],[77.59177448021012,12.98098635964876]]]}},{"type":"Feature","properties":{},"geometry":{"type":"Polygon","coordinates":[[[77.59179303279518,12.981004828176836],[77.59178757623533,12.9810120811898],[77.59176789959685,12.980992664988214],[77.59179303279518,12.981004828176836]]]}},{"type":"Feature","properties":{},"geometry":{"type":"Polygon","coordinates":[[[77.59182073545963,12.981018587837271],[77.59185183492855,12.981032070303021],[77.59181792412909,12.981027153541483],[77.59182073545963,12.981018587837271]]]}},{"type":"Feature","properties":{},"geometry":{"type":"Polygon","coordinates":[[[77.5918825768465,12.981017729633868],[77.59191036337143,12.981013100769491],[77.59188563954712,12.981026213140492],[77.5918825768465,12.981017729633868]]]}},{"type":"Feature","properties":{},"geometry":{"type":"Polygon","coordinates":[[[77.59191318702403,12.980999647257137],[77.59191997725316,12.981005737839572],[77.59191571903114,12.981010245809099],[77.59191318702403,12.980999647257137]]]}},{"type":"Feature","properties":{},"geometry":{"type":"Polygon","coordinates":[[[77.5919440190691,12.980952843876143],[77.59195294207052,12.980955140469698],[77.59193891407517,12.98098560518714],[77.5919440190691,12.980952843876143]]]}},{"type":"Feature","properties":{},"geometry":{"type":"Polygon","coordinates":[[[77.59194697537748,12.980922426016944],[77.59194948992251,12.980891933297906],[77.5919561877713,12.980921886586357],[77.59194697537748,12.980922426016944]]]}},{"type":"Feature","properties":{},"geometry":{"type":"Polygon","coordinates":[[[77.59192332096711,12.980867558331456],[77.59192971196148,12.980861070342584],[77.59193414466381,12.980865216590136],[77.59192332096711,12.980867558331456]]]}},{"type":"Feature","properties":{},"geometry":{"type":"Polygon","coordinates":[[[77.59190617358962,12.980851448756338],[77.59191149193117,12.980844098995199],[77.59192971196148,12.980861070342584],[77.59190617358962,12.980851448756338]]]}},{"type":"Feature","properties":{},"geometry":{"type":"Polygon","coordinates":[[[77.59185228063501,12.980834256270484],[77.5918524587064,12.980825264819615],[77.59188333665986,12.980830387902687],[77.59185228063501,12.980834256270484]]]}},{"type":"Feature","properties":{},"geometry":{"type":"Polygon","coordinates":[[[77.59182387399369,12.980837866998636],[77.59179354180185,12.980842540738779],[77.59182119053088,12.980829262316066],[77.59182387399369,12.980837866998636]]]}},{"type":"Feature","properties":{},"geometry":{"type":"Polygon","coordinates":[[[77.59179354180185,12.980842540738779],[77.59182387399369,12.980837866998636],[77.5917976384992,12.980850599334728],[77.59179354180185,12.980842540738779]]]}},{"type":"Feature","properties":{},"geometry":{"type":"Polygon","coordinates":[[[77.59192332096711,12.980867558331456],[77.59185675382412,12.980926869217885],[77.59185125565097,12.980919646186054],[77.59192332096711,12.980867558331456]]]}},{"type":"Feature","properties":{},"geometry":{"type":"Polygon","coordinates":[[[77.59192332096711,12.980867558331456],[77.59192899869026,12.980874651550124],[77.59192881914026,12.980874781364781],[77.59192332096711,12.980867558331456]]]}},{"type":"Feature","properties":{},"geometry":{"type":"Polygon","coordinates":[[[77.59185675382412,12.980926869217885],[77.59185114299214,12.980919631777473],[77.59185125565097,12.980919646186054],[77.59185675382412,12.980926869217885]]]}},{"type":"Feature","properties":{},"geometry":{"type":"Polygon","coordinates":[[[77.5917976384992,12.980850599334728],[77.5917919792239,12.980843295063607],[77.59179354180185,12.980842540738779],[77.5917976384992,12.980850599334728]]]}},{"type":"Feature","properties":{},"geometry":{"type":"Polygon","coordinates":[[[77.5917785391668,12.980825939005202],[77.5917791878,12.980826776694157],[77.59177182082811,12.98083219364417],[77.5917785391668,12.980825939005202]]]}},{"type":"Feature","properties":{},"geometry":{"type":"Polygon","coordinates":[[[77.5917785391668,12.980825939005202],[77.59215852893732,12.98045969596149],[77.59216490472272,12.980466198095009],[77.5917785391668,12.980825939005202]]]}},{"type":"Feature","properties":{},"geometry":{"type":"Polygon","coordinates":[[[77.59177182082811,12.98083219364417],[77.59076454039973,12.981769855276205],[77.59075816536239,12.981763352490669],[77.59177182082811,12.98083219364417]]]}},{"type":"Feature","properties":{},"geometry":{"type":"Polygon","coordinates":[[[77.5917919792239,12.980843295063607],[77.59179027392133,12.980856019371782],[77.59178441869011,12.980848461921026],[77.5917919792239,12.980843295063607]]]}},{"type":"Feature","properties":{},"geometry":{"type":"Polygon","coordinates":[[[77.59177467905295,12.980986215837229],[77.59177448021012,12.98098635964876],[77.5917691793307,12.980978993973538],[77.59177467905295,12.980986215837229]]]}},{"type":"Feature","properties":{},"geometry":{"type":"Polygon","coordinates":[[[77.59191318702403,12.980999647257137],[77.59190593404884,12.98100521103383],[77.59190582364317,12.981005068869013],[77.59191318702403,12.980999647257137]]]}},{"type":"Feature","properties":{},"geometry":{"type":"Polygon","coordinates":[[[77.59178369922267,12.980849119159267],[77.59178441869011,12.980848461921026],[77.59179001107424,12.980855680220667],[77.59178369922267,12.980849119159267]]]}},{"type":"Feature","properties":{},"geometry":{"type":"Polygon","coordinates":[[[77.59176734461136,12.980864131553599],[77.59177461335878,12.980869673102914],[77.59175939223604,12.98089617402421],[77.59176734461136,12.980864131553599]]]}},{"type":"Feature","properties":{},"geometry":{"type":"Polygon","coordinates":[[[77.5917691793307,12.980978993973538],[77.59177448021012,12.98098635964876],[77.59176365587973,12.98098845959892],[77.5917691793307,12.980978993973538]]]}},{"type":"Feature","properties":{},"geometry":{"type":"Polygon","coordinates":[[[77.59191571903114,12.981010245809099],[77.59191036337143,12.981013100769491],[77.59190593404884,12.98100521103383],[77.59191571903114,12.981010245809099]]]}},{"type":"Feature","properties":{},"geometry":{"type":"Polygon","coordinates":[[[77.59193414466381,12.980865216590136],[77.5919370447836,12.980870246633977],[77.59192899869026,12.980874651550124],[77.59193414466381,12.980865216590136]]]}},{"type":"Feature","properties":{},"geometry":{"type":"Polygon","coordinates":[[[77.59182119053088,12.980829262316066],[77.5918524587064,12.980825264819615],[77.59182387399369,12.980837866998636],[77.59182119053088,12.980829262316066]]]}},{"type":"Feature","properties":{},"geometry":{"type":"Polygon","coordinates":[[[77.59192881914026,12.980874781364781],[77.59185675382412,12.980926869217885],[77.59192332096711,12.980867558331456],[77.59192881914026,12.980874781364781]]]}},{"type":"Feature","properties":{},"geometry":{"type":"Polygon","coordinates":[[[77.5917785391668,12.980825939005202],[77.59177216338139,12.980819436881093],[77.59215852893732,12.98045969596149],[77.5917785391668,12.980825939005202]]]}},{"type":"Feature","properties":{},"geometry":{"type":"Polygon","coordinates":[[[77.59075816536239,12.981763352490669],[77.59176544581726,12.9808256908341],[77.59177182082811,12.98083219364417],[77.59075816536239,12.981763352490669]]]}},{"type":"Feature","properties":{},"geometry":{"type":"Polygon","coordinates":[[[77.5917976384992,12.980850599334728],[77.59184377841427,12.980925051744393],[77.59179027392133,12.980856019371782],[77.5917976384992,12.980850599334728]]]}},{"type":"Feature","properties":{},"geometry":{"type":"Polygon","coordinates":[[[77.5917691793307,12.980978993973538],[77.59184377841427,12.980925051744393],[77.59177467905295,12.980986215837229],[77.5917691793307,12.980978993973538]]]}},{"type":"Feature","properties":{},"geometry":{"type":"Polygon","coordinates":[[[77.59179001107424,12.980855680220667],[77.59177461335878,12.980869673102914],[77.59178369922267,12.980849119159267],[77.59179001107424,12.980855680220667]]]}},{"type":"Feature","properties":{},"geometry":{"type":"Polygon","coordinates":[[[77.5918524587064,12.980825264819615],[77.59185228063501,12.980834256270484],[77.59182387399369,12.980837866998636],[77.5918524587064,12.980825264819615]]]}},{"type":"Feature","properties":{},"geometry":{"type":"Polygon","coordinates":[[[77.59177182082811,12.98083219364417],[77.59177216338139,12.980819436881093],[77.5917785391668,12.980825939005202],[77.59177182082811,12.98083219364417]]]}},{"type":"Feature","properties":{},"geometry":{"type":"Polygon","coordinates":[[[77.59176544581726,12.9808256908341],[77.59177216338139,12.980819436881093],[77.59177182082811,12.98083219364417],[77.59176544581726,12.9808256908341]]]}},{"type":"Feature","properties":{},"geometry":{"type":"Polygon","coordinates":[[[77.59184377841427,12.980925051744393],[77.59184927813652,12.98093227374688],[77.59177467905295,12.980986215837229],[77.59184377841427,12.980925051744393]]]}},{"type":"Feature","properties":{},"geometry":{"type":"Polygon","coordinates":[[[77.59176734461136,12.980864131553599],[77.59178369922267,12.980849119159267],[77.59177461335878,12.980869673102914],[77.59176734461136,12.980864131553599]]]}},{"type":"Feature","properties":{},"geometry":{"type":"Polygon","coordinates":[[[77.59188333665986,12.980830387902687],[77.59188046829576,12.980838935705535],[77.59185228063501,12.980834256270484],[77.59188333665986,12.980830387902687]]]}},{"type":"Feature","properties":{},"geometry":{"type":"Polygon","coordinates":[[[77.59178441869011,12.980848461921026],[77.59177182082811,12.98083219364417],[77.5917791878,12.980826776694157],[77.59178441869011,12.980848461921026]]]}},{"type":"Feature","properties":{},"geometry":{"type":"Polygon","coordinates":[[[77.5917791878,12.980826776694157],[77.59179178566194,12.980843044971365],[77.59178441869011,12.980848461921026],[77.5917791878,12.980826776694157]]]}},{"type":"Feature","properties":{},"geometry":{"type":"Polygon","coordinates":[[[77.59185675382412,12.980926869217885],[77.59184939044326,12.980932290831353],[77.59184927813652,12.98093227374688],[77.59185675382412,12.980926869217885]]]}},{"type":"Feature","properties":{},"geometry":{"type":"Polygon","coordinates":[[[77.59175346947995,12.980925896637324],[77.59175072567422,12.980893082486924],[77.59175939223604,12.98089617402421],[77.59175346947995,12.980925896637324]]]}},{"type":"Feature","properties":{},"geometry":{"type":"Polygon","coordinates":[[[77.59190617358962,12.980851448756338],[77.59188046829576,12.980838935705535],[77.59188333665986,12.980830387902687],[77.59190617358962,12.980851448756338]]]}},{"type":"Feature","properties":{},"geometry":{"type":"Polygon","coordinates":[[[77.59179178566194,12.980843044971365],[77.5917919792239,12.980843295063607],[77.59178441869011,12.980848461921026],[77.59179178566194,12.980843044971365]]]}},{"type":"Feature","properties":{},"geometry":{"type":"Polygon","coordinates":[[[77.59184927813652,12.98093227374688],[77.59184377841427,12.980925051744393],[77.59185114299214,12.980919631777473],[77.59184927813652,12.98093227374688]]]}},{"type":"Feature","properties":{},"geometry":{"type":"Polygon","coordinates":[[[77.59174424462321,12.980925628568716],[77.59175072567422,12.980893082486924],[77.59175346947995,12.980925896637324],[77.59174424462321,12.980925628568716]]]}},{"type":"Feature","properties":{},"geometry":{"type":"Polygon","coordinates":[[[77.59188333665986,12.980830387902687],[77.59191149193117,12.980844098995199],[77.59190617358962,12.980851448756338],[77.59188333665986,12.980830387902687]]]}},{"type":"Feature","properties":{},"geometry":{"type":"Polygon","coordinates":[[[77.5917919792239,12.980843295063607],[77.5917976384992,12.980850599334728],[77.59179027392133,12.980856019371782],[77.5917919792239,12.980843295063607]]]}},{"type":"Feature","properties":{},"geometry":{"type":"Polygon","coordinates":[[[77.59191318702403,12.980999647257137],[77.59190582364317,12.981005068869013],[77.59184939044326,12.980932290831353],[77.59191318702403,12.980999647257137]]]}},{"type":"Feature","properties":{},"geometry":{"type":"Polygon","coordinates":[[[77.5917575750492,12.980956001006144],[77.59174874055526,12.980958602238607],[77.59175346947995,12.980925896637324],[77.5917575750492,12.980956001006144]]]}},{"type":"Feature","properties":{},"geometry":{"type":"Polygon","coordinates":[[[77.59192332096711,12.980867558331456],[77.59190617358962,12.980851448756338],[77.59192971196148,12.980861070342584],[77.59192332096711,12.980867558331456]]]}},{"type":"Feature","properties":{},"geometry":{"type":"Polygon","coordinates":[[[77.5917976384992,12.980850599334728],[77.59185114299214,12.980919631777473],[77.59184377841427,12.980925051744393],[77.5917976384992,12.980850599334728]]]}},{"type":"Feature","properties":{},"geometry":{"type":"Polygon","coordinates":[[[77.59176088841565,12.980982944262193],[77.59174874055526,12.980958602238607],[77.5917575750492,12.980956001006144],[77.59176088841565,12.980982944262193]]]}},{"type":"Feature","properties":{},"geometry":{"type":"Polygon","coordinates":[[[77.59193414466381,12.980865216590136],[77.59192899869026,12.980874651550124],[77.59192332096711,12.980867558331456],[77.59193414466381,12.980865216590136]]]}},{"type":"Feature","properties":{},"geometry":{"type":"Polygon","coordinates":[[[77.59184927813652,12.98093227374688],[77.59185114299214,12.980919631777473],[77.59185675382412,12.980926869217885],[77.59184927813652,12.98093227374688]]]}},{"type":"Feature","properties":{},"geometry":{"type":"Polygon","coordinates":[[[77.5917575750492,12.980956001006144],[77.5917691793307,12.980978993973538],[77.59176088841565,12.980982944262193],[77.5917575750492,12.980956001006144]]]}},{"type":"Feature","properties":{},"geometry":{"type":"Polygon","coordinates":[[[77.59194086321372,12.980895128851612],[77.59192899869026,12.980874651550124],[77.5919370447836,12.980870246633977],[77.59194086321372,12.980895128851612]]]}},{"type":"Feature","properties":{},"geometry":{"type":"Polygon","coordinates":[[[77.59184939044326,12.980932290831353],[77.59185675382412,12.980926869217885],[77.59191318702403,12.980999647257137],[77.59184939044326,12.980932290831353]]]}},{"type":"Feature","properties":{},"geometry":{"type":"Polygon","coordinates":[[[77.59176365587973,12.98098845959892],[77.59176088841565,12.980982944262193],[77.5917691793307,12.980978993973538],[77.59176365587973,12.98098845959892]]]}},{"type":"Feature","properties":{},"geometry":{"type":"Polygon","coordinates":[[[77.5919370447836,12.980870246633977],[77.59194948992251,12.980891933297906],[77.59194086321372,12.980895128851612],[77.5919370447836,12.980870246633977]]]}},{"type":"Feature","properties":{},"geometry":{"type":"Polygon","coordinates":[[[77.59176789959685,12.980992664988214],[77.59177448021012,12.98098635964876],[77.59179303279518,12.981004828176836],[77.59176789959685,12.980992664988214]]]}},{"type":"Feature","properties":{},"geometry":{"type":"Polygon","coordinates":[[[77.59194948992251,12.980891933297906],[77.59194697537748,12.980922426016944],[77.59194086321372,12.980895128851612],[77.59194948992251,12.980891933297906]]]}},{"type":"Feature","properties":{},"geometry":{"type":"Polygon","coordinates":[[[77.59182073545963,12.981018587837271],[77.59178757623533,12.9810120811898],[77.59179303279518,12.981004828176836],[77.59182073545963,12.981018587837271]]]}},{"type":"Feature","properties":{},"geometry":{"type":"Polygon","coordinates":[[[77.5919440190691,12.980952843876143],[77.59194697537748,12.980922426016944],[77.5919561877713,12.980921886586357],[77.5919440190691,12.980952843876143]]]}},{"type":"Feature","properties":{},"geometry":{"type":"Polygon","coordinates":[[[77.59181792412909,12.981027153541483],[77.59178757623533,12.9810120811898],[77.59182073545963,12.981018587837271],[77.59181792412909,12.981027153541483]]]}},{"type":"Feature","properties":{},"geometry":{"type":"Polygon","coordinates":[[[77.5919561877713,12.980921886586357],[77.59195294207052,12.980955140469698],[77.5919440190691,12.980952843876143],[77.5919561877713,12.980921886586357]]]}},{"type":"Feature","properties":{},"geometry":{"type":"Polygon","coordinates":[[[77.59185170459637,12.981023077967352],[77.59185183492855,12.981032070303021],[77.59182073545963,12.981018587837271],[77.59185170459637,12.981023077967352]]]}},{"type":"Feature","properties":{},"geometry":{"type":"Polygon","coordinates":[[[77.5919312091973,12.9809806548046],[77.5919440190691,12.980952843876143],[77.59193891407517,12.98098560518714],[77.5919312091973,12.9809806548046]]]}},{"type":"Feature","properties":{},"geometry":{"type":"Polygon","coordinates":[[[77.5918825768465,12.981017729633868],[77.59185183492855,12.981032070303021],[77.59185170459637,12.981023077967352],[77.5918825768465,12.981017729633868]]]}},{"type":"Feature","properties":{},"geometry":{"type":"Polygon","coordinates":[[[77.59193891407517,12.98098560518714],[77.59191997725316,12.981005737839572],[77.5919312091973,12.9809806548046],[77.59193891407517,12.98098560518714]]]}},{"type":"Feature","properties":{},"geometry":{"type":"Polygon","coordinates":[[[77.59188563954712,12.981026213140492],[77.59185183492855,12.981032070303021],[77.5918825768465,12.981017729633868],[77.59188563954712,12.981026213140492]]]}},{"type":"Feature","properties":{},"geometry":{"type":"Polygon","coordinates":[[[77.59191997725316,12.981005737839572],[77.59191318702403,12.980999647257137],[77.5919312091973,12.9809806548046],[77.59191997725316,12.981005737839572]]]}},{"type":"Feature","properties":{},"geometry":{"type":"Polygon","coordinates":[[[77.59191036337143,12.981013100769491],[77.5918825768465,12.981017729633868],[77.59190593404884,12.98100521103383],[77.59191036337143,12.981013100769491]]]}},{"type":"Feature","properties":{},"geometry":{"type":"Polygon","coordinates":[[[77.59191571903114,12.981010245809099],[77.59190593404884,12.98100521103383],[77.59191318702403,12.980999647257137],[77.59191571903114,12.981010245809099]]]}},{"type":"Feature","properties":{},"geometry":{"type":"Polygon","coordinates":[[[77.59152809317504,12.97874396795871],[77.59152809958249,12.97874396219522],[77.59152823399853,12.978744116505815],[77.59152809317504,12.97874396795871]]]}},{"type":"Feature","properties":{},"geometry":{"type":"Polygon","coordinates":[[[77.59153459365967,12.9787508225334],[77.59153440544907,12.978750482487431],[77.59153466428268,12.978750758997768],[77.59153459365967,12.9787508225334]]]}},{"type":"Feature","properties":{},"geometry":{"type":"Polygon","coordinates":[[[77.59153440544907,12.978750482487431],[77.59153459365967,12.9787508225334],[77.59153433017889,12.978750544719412],[77.59153440544907,12.978750482487431]]]}},{"type":"Feature","properties":{},"geometry":{"type":"Polygon","coordinates":[[[77.59175927084618,12.979077341917069],[77.59175264531018,12.979083613272966],[77.59175244379173,12.979083393368626],[77.59175927084618,12.979077341917069]]]}},{"type":"Feature","properties":{},"geometry":{"type":"Polygon","coordinates":[[[77.59175264531018,12.979083613272966],[77.59169761351569,12.979148297933984],[77.59169117985175,12.979141850107384],[77.59175264531018,12.979083613272966]]]}},{"type":"Feature","properties":{},"geometry":{"type":"Polygon","coordinates":[[[77.59175907897406,12.97909006103245],[77.59176570260894,12.979083791460642],[77.59175929915165,12.979090267763103],[77.59175907897406,12.97909006103245]]]}},{"type":"Feature","properties":{},"geometry":{"type":"Polygon","coordinates":[[[77.59176570260894,12.979083791460642],[77.59177844136485,12.979059212948245],[77.59178486869172,12.979065666677684],[77.59176570260894,12.979083791460642]]]}},{"type":"Feature","properties":{},"geometry":{"type":"Polygon","coordinates":[[[77.59175907897406,12.97909006103245],[77.59175264531018,12.979083613272966],[77.59175927084618,12.979077341917069],[77.59175907897406,12.97909006103245]]]}},{"type":"Feature","properties":{},"geometry":{"type":"Polygon","coordinates":[[[77.59175264531018,12.979083613272966],[77.59175907897406,12.97909006103245],[77.59169761351569,12.979148297933984],[77.59175264531018,12.979083613272966]]]}},{"type":"Feature","properties":{},"geometry":{"type":"Polygon","coordinates":[[[77.59175927084618,12.979077341917069],[77.59177844136485,12.979059212948245],[77.59176570260894,12.979083791460642],[77.59175927084618,12.979077341917069]]]}},{"type":"Feature","properties":{},"geometry":{"type":"Polygon","coordinates":[[[77.59176570260894,12.979083791460642],[77.59175907897406,12.97909006103245],[77.59175927084618,12.979077341917069],[77.59176570260894,12.979083791460642]]]}}]}