{"type":"FeatureCollection","features":[{"type":"Feature","properties":{"highway":"primary","oneway":"yes","sourceWay":"26807972","sourceSegment":6,"sourceNodes":["665045297","13462186484"],"sourceFractions":[0.4881800365113029,1.0]},"geometry":{"type":"LineString","coordinates":[[77.59109358626074,12.984174413594637],[77.5913843,12.9838469]]}},{"type":"Feature","properties":{"highway":"primary","oneway":"yes","sourceWay":"26807972","sourceSegment":7,"sourceNodes":["13462186484","12078411908"],"sourceFractions":[0.0,1.0]},"geometry":{"type":"LineString","coordinates":[[77.5913843,12.9838469],[77.5916468,12.9835958]]}},{"type":"Feature","properties":{"highway":"primary","oneway":"yes","sourceWay":"26807972","sourceSegment":8,"sourceNodes":["12078411908","10016225540"],"sourceFractions":[0.0,1.0]},"geometry":{"type":"LineString","coordinates":[[77.5916468,12.9835958],[77.5917323,12.9835078]]}},{"type":"Feature","properties":{"highway":"primary","oneway":"yes","sourceWay":"26807972","sourceSegment":9,"sourceNodes":["10016225540","665045358"],"sourceFractions":[0.0,1.0]},"geometry":{"type":"LineString","coordinates":[[77.5917323,12.9835078],[77.5918507,12.9833962]]}},{"type":"Feature","properties":{"highway":"primary","oneway":"yes","sourceWay":"26807972","sourceSegment":10,"sourceNodes":["665045358","9816960501"],"sourceFractions":[0.0,1.0]},"geometry":{"type":"LineString","coordinates":[[77.5918507,12.9833962],[77.5919649,12.9833152]]}},{"type":"Feature","properties":{"highway":"primary","oneway":"yes","sourceWay":"26807972","sourceSegment":11,"sourceNodes":["9816960501","665045356"],"sourceFractions":[0.0,1.0]},"geometry":{"type":"LineString","coordinates":[[77.5919649,12.9833152],[77.5920888,12.9832325]]}},{"type":"Feature","properties":{"highway":"primary","oneway":"yes","sourceWay":"26807972","sourceSegment":12,"sourceNodes":["665045356","665045348"],"sourceFractions":[0.0,1.0]},"geometry":{"type":"LineString","coordinates":[[77.5920888,12.9832325],[77.592149,12.9831975]]}},{"type":"Feature","properties":{"highway":"primary","oneway":"yes","sourceWay":"26807972","sourceSegment":13,"sourceNodes":["665045348","11675668171"],"sourceFractions":[0.0,1.0]},"geometry":{"type":"LineString","coordinates":[[77.592149,12.9831975],[77.5923266,12.9831186]]}},{"type":"Feature","properties":{"highway":"primary","oneway":"yes","sourceWay":"37110390","sourceSegment":0,"sourceNodes":["665045355","665045350"],"sourceFractions":[0.0,1.0]},"geometry":{"type":"LineString","coordinates":[[77.5922923,12.9829367],[77.5922904,12.9829828]]}},{"type":"Feature","properties":{"highway":"primary","oneway":"yes","sourceWay":"37110390","sourceSegment":1,"sourceNodes":["665045350","665045351"],"sourceFractions":[0.0,1.0]},"geometry":{"type":"LineString","coordinates":[[77.5922904,12.9829828],[77.5923066,12.9830536]]}},{"type":"Feature","properties":{"highway":"primary","oneway":"yes","sourceWay":"37110390","sourceSegment":2,"sourceNodes":["665045351","11675668171"],"sourceFractions":[0.0,1.0]},"geometry":{"type":"LineString","coordinates":[[77.5923066,12.9830536],[77.5923266,12.9831186]]}},{"type":"Feature","properties":{"highway":"tertiary","oneway":"yes","sourceWay":"38542534","sourceSegment":6,"sourceNodes":["254665629","254665628"],"sourceFractions":[0.24935524513858146,1.0]},"geometry":{"type":"LineString","coordinates":[[77.58856694653333,12.983605571459764],[77.5886583,12.983144]]}},{"type":"Feature","properties":{"highway":"tertiary","oneway":"yes","sourceWay":"38542534","sourceSegment":7,"sourceNodes":["254665628","11769490829"],"sourceFractions":[-0.0,1.0]},"geometry":{"type":"LineString","coordinates":[[77.5886583,12.983144],[77.5886529,12.9829401]]}},{"type":"Feature","properties":{"highway":"tertiary","oneway":"yes","sourceWay":"38542534","sourceSegment":8,"sourceNodes":["11769490829","3461288201"],"sourceFractions":[-0.0,1.0]},"geometry":{"type":"LineString","coordinates":[[77.5886529,12.9829401],[77.5886226,12.9827346]]}},{"type":"Feature","properties":{"highway":"tertiary","oneway":"yes","sourceWay":"38542543","sourceSegment":0,"sourceNodes":["3461278332","294081982"],"sourceFractions":[0.0,1.0]},"geometry":{"type":"LineString","coordinates":[[77.5885078,12.9810117],[77.5883351,12.9811018]]}},{"type":"Feature","properties":{"highway":"tertiary","oneway":"yes","sourceWay":"38542543","sourceSegment":1,"sourceNodes":["294081982","254665617"],"sourceFractions":[0.0,1.0]},"geometry":{"type":"LineString","coordinates":[[77.5883351,12.9811018],[77.5880015,12.9812175]]}},{"type":"Feature","properties":{"highway":"service","oneway":"no","sourceWay":"38542550","sourceSegment":0,"sourceNodes":["456204179","11760270679"],"sourceFractions":[-0.0,1.0]},"geometry":{"type":"LineString","coordinates":[[77.5879501,12.9780078],[77.5878853,12.9780074]]}},{"type":"Feature","properties":{"highway":"service","oneway":"no","sourceWay":"38542550","sourceSegment":1,"sourceNodes":["11760270679","456204180"],"sourceFractions":[-0.0,1.0]},"geometry":{"type":"LineString","coordinates":[[77.5878853,12.9780074],[77.5872868,12.9780033]]}},{"type":"Feature","properties":{"highway":"service","oneway":"no","sourceWay":"38542550","sourceSegment":2,"sourceNodes":["456204180","456204182"],"sourceFractions":[0.0,1.0]},"geometry":{"type":"LineString","coordinates":[[77.5872868,12.9780033],[77.5868746,12.9782957]]}},{"type":"Feature","properties":{"highway":"service","access":"permissive","oneway":"no","sourceWay":"38871250","sourceSegment":0,"sourceNodes":["461765491","11760270700"],"sourceFractions":[0.0,1.0]},"geometry":{"type":"LineString","coordinates":[[77.5887681,12.9814195],[77.5888469,12.981549]]}},{"type":"Feature","properties":{"highway":"service","access":"permissive","oneway":"no","sourceWay":"38871250","sourceSegment":1,"sourceNodes":["11760270700","461765492"],"sourceFractions":[0.0,1.0]},"geometry":{"type":"LineString","coordinates":[[77.5888469,12.981549],[77.5895202,12.982656]]}},{"type":"Feature","properties":{"highway":"service","access":"permissive","oneway":"no","sourceWay":"38871251","sourceSegment":0,"sourceNodes":["461765494","461765510"],"sourceFractions":[0.0,1.0]},"geometry":{"type":"LineString","coordinates":[[77.5897623,12.9828547],[77.5897366,12.9829003]]}},{"type":"Feature","properties":{"highway":"service","access":"permissive","oneway":"no","sourceWay":"38871251","sourceSegment":1,"sourceNodes":["461765510","11760270696"],"sourceFractions":[0.0,1.0]},"geometry":{"type":"LineString","coordinates":[[77.5897366,12.9829003],[77.5896975,12.9829358]]}},{"type":"Feature","properties":{"highway":"service","access":"permissive","oneway":"no","sourceWay":"38871251","sourceSegment":2,"sourceNodes":["11760270696","11760270697"],"sourceFractions":[0.0,1.0]},"geometry":{"type":"LineString","coordinates":[[77.5896975,12.9829358],[77.5896491,12.9829576]]}},{"type":"Feature","properties":{"highway":"service","access":"permissive","oneway":"no","sourceWay":"38871251","sourceSegment":3,"sourceNodes":["11760270697","10036418007"],"sourceFractions":[0.0,1.0]},"geometry":{"type":"LineString","coordinates":[[77.5896491,12.9829576],[77.5895961,12.9829636]]}},{"type":"Feature","properties":{"highway":"service","access":"permissive","oneway":"no","sourceWay":"38871251","sourceSegment":4,"sourceNodes":["10036418007","461765498"],"sourceFractions":[-0.0,1.0]},"geometry":{"type":"LineString","coordinates":[[77.5895961,12.9829636],[77.5895512,12.9829558]]}},{"type":"Feature","properties":{"highway":"service","access":"permissive","oneway":"no","sourceWay":"38871251","sourceSegment":5,"sourceNodes":["461765498","12009461861"],"sourceFractions":[-0.0,1.0]},"geometry":{"type":"LineString","coordinates":[[77.5895512,12.9829558],[77.5895337,12.9829476]]}},{"type":"Feature","properties":{"highway":"service","access":"permissive","oneway":"no","sourceWay":"38871251","sourceSegment":6,"sourceNodes":["12009461861","11760270691"],"sourceFractions":[-0.0,1.0]},"geometry":{"type":"LineString","coordinates":[[77.5895337,12.9829476],[77.5895102,12.9829365]]}},{"type":"Feature","properties":{"highway":"service","access":"permissive","oneway":"no","sourceWay":"38871251","sourceSegment":7,"sourceNodes":["11760270691","461765495"],"sourceFractions":[-0.0,1.0]},"geometry":{"type":"LineString","coordinates":[[77.5895102,12.9829365],[77.5894759,12.9829073]]}},{"type":"Feature","properties":{"highway":"service","access":"permissive","oneway":"no","sourceWay":"38871251","sourceSegment":8,"sourceNodes":["461765495","461765508"],"sourceFractions":[-0.0,1.0]},"geometry":{"type":"LineString","coordinates":[[77.5894759,12.9829073],[77.5894491,12.9828665]]}},{"type":"Feature","properties":{"highway":"service","access":"permissive","oneway":"no","sourceWay":"38871251","sourceSegment":9,"sourceNodes":["461765508","461765499"],"sourceFractions":[-0.0,1.0]},"geometry":{"type":"LineString","coordinates":[[77.5894491,12.9828665],[77.5894357,12.9828198]]}},{"type":"Feature","properties":{"highway":"service","access":"permissive","oneway":"no","sourceWay":"38871251","sourceSegment":10,"sourceNodes":["461765499","11760270692"],"sourceFractions":[0.0,1.0]},"geometry":{"type":"LineString","coordinates":[[77.5894357,12.9828198],[77.5894368,12.9827714]]}},{"type":"Feature","properties":{"highway":"service","access":"permissive","oneway":"no","sourceWay":"38871251","sourceSegment":11,"sourceNodes":["11760270692","11760270693"],"sourceFractions":[0.0,1.0]},"geometry":{"type":"LineString","coordinates":[[77.5894368,12.9827714],[77.5894524,12.9827254]]}},{"type":"Feature","properties":{"highway":"service","access":"permissive","oneway":"no","sourceWay":"38871251","sourceSegment":12,"sourceNodes":["11760270693","12538079677"],"sourceFractions":[0.0,1.0]},"geometry":{"type":"LineString","coordinates":[[77.5894524,12.9827254],[77.5894628,12.9827109]]}},{"type":"Feature","properties":{"highway":"service","access":"permissive","oneway":"no","sourceWay":"38871251","sourceSegment":13,"sourceNodes":["12538079677","11760270698"],"sourceFractions":[0.0,1.0]},"geometry":{"type":"LineString","coordinates":[[77.5894628,12.9827109],[77.589481,12.9826857]]}},{"type":"Feature","properties":{"highway":"service","access":"permissive","oneway":"no","sourceWay":"38871251","sourceSegment":14,"sourceNodes":["11760270698","461765492"],"sourceFractions":[0.0,1.0]},"geometry":{"type":"LineString","coordinates":[[77.589481,12.9826857],[77.5895202,12.982656]]}},{"type":"Feature","properties":{"highway":"service","access":"permissive","oneway":"no","sourceWay":"38871251","sourceSegment":15,"sourceNodes":["461765492","461765502"],"sourceFractions":[0.0,1.0]},"geometry":{"type":"LineString","coordinates":[[77.5895202,12.982656],[77.5895666,12.9826386]]}},{"type":"Feature","properties":{"highway":"service","access":"permissive","oneway":"no","sourceWay":"38871251","sourceSegment":16,"sourceNodes":["461765502","461765512"],"sourceFractions":[0.0,1.0]},"geometry":{"type":"LineString","coordinates":[[77.5895666,12.9826386],[77.5896161,12.9826352]]}},{"type":"Feature","properties":{"highway":"service","access":"permissive","oneway":"no","sourceWay":"38871251","sourceSegment":17,"sourceNodes":["461765512","12538079678"],"sourceFractions":[0.0,1.0]},"geometry":{"type":"LineString","coordinates":[[77.5896161,12.9826352],[77.589628,12.9826378]]}},{"type":"Feature","properties":{"highway":"service","access":"permissive","oneway":"no","sourceWay":"38871251","sourceSegment":18,"sourceNodes":["12538079678","11760270694"],"sourceFractions":[0.0,1.0]},"geometry":{"type":"LineString","coordinates":[[77.589628,12.9826378],[77.5896645,12.9826459]]}},{"type":"Feature","properties":{"highway":"service","access":"permissive","oneway":"no","sourceWay":"38871251","sourceSegment":19,"sourceNodes":["11760270694","11760270695"],"sourceFractions":[0.0,1.0]},"geometry":{"type":"LineString","coordinates":[[77.5896645,12.9826459],[77.5897077,12.9826699]]}},{"type":"Feature","properties":{"highway":"service","access":"permissive","oneway":"no","sourceWay":"38871251","sourceSegment":20,"sourceNodes":["11760270695","461765496"],"sourceFractions":[0.0,1.0]},"geometry":{"type":"LineString","coordinates":[[77.5897077,12.9826699],[77.5897418,12.9827051]]}},{"type":"Feature","properties":{"highway":"service","access":"permissive","oneway":"no","sourceWay":"38871251","sourceSegment":21,"sourceNodes":["461765496","461765511"],"sourceFractions":[0.0,1.0]},"geometry":{"type":"LineString","coordinates":[[77.5897418,12.9827051],[77.589765,12.982752]]}},{"type":"Feature","properties":{"highway":"service","access":"permissive","oneway":"no","sourceWay":"38871251","sourceSegment":22,"sourceNodes":["461765511","461765500"],"sourceFractions":[0.0,1.0]},"geometry":{"type":"LineString","coordinates":[[77.589765,12.982752],[77.5897721,12.9828035]]}},{"type":"Feature","properties":{"highway":"service","access":"permissive","oneway":"no","sourceWay":"38871251","sourceSegment":23,"sourceNodes":["461765500","461765494"],"sourceFractions":[0.0,1.0]},"geometry":{"type":"LineString","coordinates":[[77.5897721,12.9828035],[77.5897623,12.9828547]]}},{"type":"Feature","properties":{"highway":"service","access":"permissive","oneway":"no","sourceWay":"38871252","sourceSegment":0,"sourceNodes":["461765496","461765503"],"sourceFractions":[0.0,1.0]},"geometry":{"type":"LineString","coordinates":[[77.5897418,12.9827051],[77.590816,12.9821454]]}},{"type":"Feature","properties":{"highway":"unclassified","oneway":"no","sourceWay":"51869441","sourceSegment":0,"sourceNodes":["661987316","663556711"],"sourceFractions":[0.0,1.0]},"geometry":{"type":"LineString","coordinates":[[77.5943662,12.9802826],[77.5945056,12.9803228]]}},{"type":"Feature","properties":{"highway":"unclassified","oneway":"no","sourceWay":"51869441","sourceSegment":1,"sourceNodes":["663556711","663556719"],"sourceFractions":[0.0,1.0]},"geometry":{"type":"LineString","coordinates":[[77.5945056,12.9803228],[77.5946197,12.9803291]]}},{"type":"Feature","properties":{"highway":"unclassified","oneway":"no","sourceWay":"51869441","sourceSegment":2,"sourceNodes":["663556719","663556718"],"sourceFractions":[0.0,1.0]},"geometry":{"type":"LineString","coordinates":[[77.5946197,12.9803291],[77.5947724,12.9803181]]}},{"type":"Feature","properties":{"highway":"unclassified","oneway":"no","sourceWay":"51869441","sourceSegment":3,"sourceNodes":["663556718","663556710"],"sourceFractions":[0.0,1.0]},"geometry":{"type":"LineString","coordinates":[[77.5947724,12.9803181],[77.5948873,12.9802867]]}},{"type":"Feature","properties":{"highway":"unclassified","oneway":"no","sourceWay":"51869441","sourceSegment":4,"sourceNodes":["663556710","663556709"],"sourceFractions":[0.0,1.0]},"geometry":{"type":"LineString","coordinates":[[77.5948873,12.9802867],[77.5950007,12.980225]]}},{"type":"Feature","properties":{"highway":"unclassified","oneway":"no","sourceWay":"51869441","sourceSegment":5,"sourceNodes":["663556709","2623395972"],"sourceFractions":[0.0,0.7190119936829154]},"geometry":{"type":"LineString","coordinates":[[77.5950007,12.980225],[77.59529391309103,12.980002250084357]]}},{"type":"Feature","properties":{"highway":"service","access":"permissive","oneway":"yes","sourceWay":"52032730","sourceSegment":0,"sourceNodes":["663311727","12109661043"],"sourceFractions":[0.0,1.0]},"geometry":{"type":"LineString","coordinates":[[77.5913243,12.9772392],[77.5913592,12.9771987]]}},{"type":"Feature","properties":{"highway":"service","access":"permissive","oneway":"yes","sourceWay":"52032730","sourceSegment":1,"sourceNodes":["12109661043","663311729"],"sourceFractions":[0.0,1.0]},"geometry":{"type":"LineString","coordinates":[[77.5913592,12.9771987],[77.5913724,12.9771834]]}},{"type":"Feature","properties":{"highway":"service","access":"permissive","oneway":"yes","sourceWay":"52032730","sourceSegment":2,"sourceNodes":["663311729","461765578"],"sourceFractions":[0.0,1.0]},"geometry":{"type":"LineString","coordinates":[[77.5913724,12.9771834],[77.5917771,12.9768217]]}},{"type":"Feature","properties":{"highway":"service","access":"permissive","oneway":"yes","sourceWay":"52032730","sourceSegment":3,"sourceNodes":["461765578","461765580"],"sourceFractions":[0.0,1.0]},"geometry":{"type":"LineString","coordinates":[[77.5917771,12.9768217],[77.5921433,12.9766433]]}},{"type":"Feature","properties":{"highway":"service","access":"permissive","oneway":"yes","sourceWay":"52032730","sourceSegment":4,"sourceNodes":["461765580","663195204"],"sourceFractions":[0.0,1.0]},"geometry":{"type":"LineString","coordinates":[[77.5921433,12.9766433],[77.5930645,12.97751]]}},{"type":"Feature","properties":{"highway":"service","access":"permissive","oneway":"yes","sourceWay":"52032730","sourceSegment":5,"sourceNodes":["663195204","461765577"],"sourceFractions":[0.0,1.0]},"geometry":{"type":"LineString","coordinates":[[77.5930645,12.97751],[77.5939744,12.9784399]]}},{"type":"Feature","properties":{"highway":"service","access":"permissive","oneway":"yes","sourceWay":"52032730","sourceSegment":6,"sourceNodes":["461765577","597360368"],"sourceFractions":[0.0,1.0]},"geometry":{"type":"LineString","coordinates":[[77.5939744,12.9784399],[77.5938316,12.9785709]]}},{"type":"Feature","properties":{"highway":"service","oneway":"yes","sourceWay":"52032733","sourceSegment":0,"sourceNodes":["663311722","663311726"],"sourceFractions":[0.0,1.0]},"geometry":{"type":"LineString","coordinates":[[77.5896102,12.9766002],[77.5899119,12.9764841]]}},{"type":"Feature","properties":{"highway":"service","oneway":"yes","sourceWay":"52032733","sourceSegment":1,"sourceNodes":["663311726","663311725"],"sourceFractions":[0.0,1.0]},"geometry":{"type":"LineString","coordinates":[[77.5899119,12.9764841],[77.5902712,12.9764326]]}},{"type":"Feature","properties":{"highway":"service","oneway":"yes","sourceWay":"52032733","sourceSegment":2,"sourceNodes":["663311725","12190250106"],"sourceFractions":[0.0,1.0]},"geometry":{"type":"LineString","coordinates":[[77.5902712,12.9764326],[77.5904343,12.976436]]}},{"type":"Feature","properties":{"highway":"service","oneway":"yes","sourceWay":"52032733","sourceSegment":3,"sourceNodes":["12190250106","663551392"],"sourceFractions":[0.0,1.0]},"geometry":{"type":"LineString","coordinates":[[77.5904343,12.976436],[77.5906004,12.9764665]]}},{"type":"Feature","properties":{"highway":"service","oneway":"yes","sourceWay":"52032733","sourceSegment":4,"sourceNodes":["663551392","663311724"],"sourceFractions":[0.0,1.0]},"geometry":{"type":"LineString","coordinates":[[77.5906004,12.9764665],[77.5907812,12.97655]]}},{"type":"Feature","properties":{"highway":"unclassified","access":"permissive","junction":"circular","oneway":"yes","sourceWay":"52057923","sourceSegment":0,"sourceNodes":["428831254","428831255"],"sourceFractions":[0.0,1.0]},"geometry":{"type":"LineString","coordinates":[[77.5903795,12.9759249],[77.5905811,12.9760842]]}},{"type":"Feature","properties":{"highway":"unclassified","access":"permissive","junction":"circular","oneway":"yes","sourceWay":"52057923","sourceSegment":1,"sourceNodes":["428831255","12150906144"],"sourceFractions":[0.0,1.0]},"geometry":{"type":"LineString","coordinates":[[77.5905811,12.9760842],[77.5907442,12.9761513]]}},{"type":"Feature","properties":{"highway":"unclassified","access":"permissive","junction":"circular","oneway":"yes","sourceWay":"52057923","sourceSegment":2,"sourceNodes":["12150906144","12150906146"],"sourceFractions":[0.0,1.0]},"geometry":{"type":"LineString","coordinates":[[77.5907442,12.9761513],[77.5908512,12.9761713]]}},{"type":"Feature","properties":{"highway":"unclassified","access":"permissive","junction":"circular","oneway":"yes","sourceWay":"52057923","sourceSegment":3,"sourceNodes":["12150906146","428831256"],"sourceFractions":[0.0,1.0]},"geometry":{"type":"LineString","coordinates":[[77.5908512,12.9761713],[77.5909672,12.9761769]]}},{"type":"Feature","properties":{"highway":"unclassified","access":"permissive","junction":"circular","oneway":"yes","sourceWay":"52057923","sourceSegment":4,"sourceNodes":["428831256","428831257"],"sourceFractions":[0.0,1.0]},"geometry":{"type":"LineString","coordinates":[[77.5909672,12.9761769],[77.5911287,12.976158]]}},{"type":"Feature","properties":{"highway":"unclassified","access":"permissive","junction":"circular","oneway":"yes","sourceWay":"52057923","sourceSegment":5,"sourceNodes":["428831257","428831258"],"sourceFractions":[0.0,1.0]},"geometry":{"type":"LineString","coordinates":[[77.5911287,12.976158],[77.5913262,12.9760864]]}},{"type":"Feature","properties":{"highway":"service","access":"yes","motor_vehicle":"yes","oneway":"yes","sourceWay":"52057928","sourceSegment":0,"sourceNodes":["428831252","663564863"],"sourceFractions":[0.0,1.0]},"geometry":{"type":"LineString","coordinates":[[77.5902254,12.9754576],[77.590156,12.9755596]]}},{"type":"Feature","properties":{"highway":"service","access":"yes","motor_vehicle":"yes","oneway":"yes","sourceWay":"52057928","sourceSegment":1,"sourceNodes":["663564863","663551378"],"sourceFractions":[0.0,1.0]},"geometry":{"type":"LineString","coordinates":[[77.590156,12.9755596],[77.5900961,12.9757449]]}},{"type":"Feature","properties":{"highway":"service","access":"yes","motor_vehicle":"yes","oneway":"yes","sourceWay":"52057928","sourceSegment":2,"sourceNodes":["663551378","4058224525"],"sourceFractions":[0.0,1.0]},"geometry":{"type":"LineString","coordinates":[[77.5900961,12.9757449],[77.5899816,12.9760388]]}},{"type":"Feature","properties":{"highway":"service","access":"yes","motor_vehicle":"yes","oneway":"yes","sourceWay":"52057928","sourceSegment":3,"sourceNodes":["4058224525","663551382"],"sourceFractions":[0.0,1.0]},"geometry":{"type":"LineString","coordinates":[[77.5899816,12.9760388],[77.5899611,12.9760913]]}},{"type":"Feature","properties":{"highway":"service","access":"yes","motor_vehicle":"yes","oneway":"yes","sourceWay":"52057928","sourceSegment":4,"sourceNodes":["663551382","663551394"],"sourceFractions":[0.0,1.0]},"geometry":{"type":"LineString","coordinates":[[77.5899611,12.9760913],[77.5897811,12.9763851]]}},{"type":"Feature","properties":{"highway":"service","access":"yes","motor_vehicle":"yes","oneway":"yes","sourceWay":"52057928","sourceSegment":5,"sourceNodes":["663551394","4058224530"],"sourceFractions":[0.0,1.0]},"geometry":{"type":"LineString","coordinates":[[77.5897811,12.9763851],[77.5897246,12.9764796]]}},{"type":"Feature","properties":{"highway":"service","access":"yes","motor_vehicle":"yes","oneway":"yes","sourceWay":"52057928","sourceSegment":6,"sourceNodes":["4058224530","10038553626"],"sourceFractions":[0.0,1.0]},"geometry":{"type":"LineString","coordinates":[[77.5897246,12.9764796],[77.5896878,12.9765282]]}},{"type":"Feature","properties":{"highway":"service","access":"yes","motor_vehicle":"yes","oneway":"yes","sourceWay":"52057928","sourceSegment":7,"sourceNodes":["10038553626","663311722"],"sourceFractions":[0.0,1.0]},"geometry":{"type":"LineString","coordinates":[[77.5896878,12.9765282],[77.5896102,12.9766002]]}},{"type":"Feature","properties":{"highway":"service","oneway":"yes","sourceWay":"52057929","sourceSegment":0,"sourceNodes":["12179846006","12179846007"],"sourceFractions":[0.0,1.0]},"geometry":{"type":"LineString","coordinates":[[77.5892857,12.976766],[77.5892814,12.9767693]]}},{"type":"Feature","properties":{"highway":"service","oneway":"yes","sourceWay":"52057929","sourceSegment":1,"sourceNodes":["12179846007","12691218955"],"sourceFractions":[-0.0,1.0]},"geometry":{"type":"LineString","coordinates":[[77.5892814,12.9767693],[77.5892449,12.9767497]]}},{"type":"Feature","properties":{"highway":"service","oneway":"yes","sourceWay":"52057929","sourceSegment":2,"sourceNodes":["12691218955","12151117035"],"sourceFractions":[-0.0,1.0]},"geometry":{"type":"LineString","coordinates":[[77.5892449,12.9767497],[77.5892235,12.9767381]]}},{"type":"Feature","properties":{"highway":"service","oneway":"yes","sourceWay":"52057929","sourceSegment":3,"sourceNodes":["12151117035","9994551225"],"sourceFractions":[-0.0,1.0]},"geometry":{"type":"LineString","coordinates":[[77.5892235,12.9767381],[77.5888823,12.9765607]]}},{"type":"Feature","properties":{"highway":"service","oneway":"yes","sourceWay":"52057929","sourceSegment":4,"sourceNodes":["9994551225","10099892043"],"sourceFractions":[-0.0,1.0]},"geometry":{"type":"LineString","coordinates":[[77.5888823,12.9765607],[77.588805,12.9765568]]}},{"type":"Feature","properties":{"highway":"service","oneway":"yes","sourceWay":"52057929","sourceSegment":5,"sourceNodes":["10099892043","294081916"],"sourceFractions":[0.0,1.0]},"geometry":{"type":"LineString","coordinates":[[77.588805,12.9765568],[77.5887427,12.9765662]]}},{"type":"Feature","properties":{"highway":"tertiary","oneway":"no","sourceWay":"52245576","sourceSegment":0,"sourceNodes":["254665617","665068883"],"sourceFractions":[0.0,1.0]},"geometry":{"type":"LineString","coordinates":[[77.5880015,12.9812175],[77.5877378,12.981305]]}},{"type":"Feature","properties":{"highway":"tertiary","oneway":"no","sourceWay":"52245576","sourceSegment":1,"sourceNodes":["665068883","10036422021"],"sourceFractions":[0.0,1.0]},"geometry":{"type":"LineString","coordinates":[[77.5877378,12.981305],[77.5871848,12.9815246]]}},{"type":"Feature","properties":{"highway":"tertiary","oneway":"no","sourceWay":"52245576","sourceSegment":2,"sourceNodes":["10036422021","12673061017"],"sourceFractions":[0.0,1.0]},"geometry":{"type":"LineString","coordinates":[[77.5871848,12.9815246],[77.5869807,12.9815812]]}},{"type":"Feature","properties":{"highway":"service","access":"permissive","oneway":"no","sourceWay":"52245596","sourceSegment":0,"sourceNodes":["665068883","10036422066"],"sourceFractions":[-0.0,1.0]},"geometry":{"type":"LineString","coordinates":[[77.5877378,12.981305],[77.5876296,12.9810052]]}},{"type":"Feature","properties":{"highway":"service","access":"permissive","oneway":"no","sourceWay":"52245596","sourceSegment":1,"sourceNodes":["10036422066","665068882"],"sourceFractions":[-0.0,1.0]},"geometry":{"type":"LineString","coordinates":[[77.5876296,12.9810052],[77.5875953,12.9809101]]}},{"type":"Feature","properties":{"highway":"primary","oneway":"yes","sourceWay":"152051153","sourceSegment":0,"sourceNodes":["14022040994","12147813608"],"sourceFractions":[0.0,1.0]},"geometry":{"type":"LineString","coordinates":[[77.5945556,12.981929],[77.5944261,12.981969]]}},{"type":"Feature","properties":{"highway":"primary","oneway":"yes","sourceWay":"152051153","sourceSegment":1,"sourceNodes":["12147813608","12415829617"],"sourceFractions":[0.0,1.0]},"geometry":{"type":"LineString","coordinates":[[77.5944261,12.981969],[77.5943994,12.9819773]]}},{"type":"Feature","properties":{"highway":"primary","oneway":"yes","sourceWay":"152051153","sourceSegment":2,"sourceNodes":["12415829617","12147862879"],"sourceFractions":[0.0,1.0]},"geometry":{"type":"LineString","coordinates":[[77.5943994,12.9819773],[77.5943736,12.9819853]]}},{"type":"Feature","properties":{"highway":"primary","oneway":"yes","sourceWay":"152051153","sourceSegment":3,"sourceNodes":["12147862879","12167450568"],"sourceFractions":[0.0,1.0]},"geometry":{"type":"LineString","coordinates":[[77.5943736,12.9819853],[77.59424,12.9820266]]}},{"type":"Feature","properties":{"highway":"primary","oneway":"yes","sourceWay":"152051153","sourceSegment":4,"sourceNodes":["12167450568","12157630111"],"sourceFractions":[0.0,1.0]},"geometry":{"type":"LineString","coordinates":[[77.59424,12.9820266],[77.594202,12.9820384]]}},{"type":"Feature","properties":{"highway":"primary","oneway":"yes","sourceWay":"152051153","sourceSegment":5,"sourceNodes":["12157630111","12157630121"],"sourceFractions":[0.0,1.0]},"geometry":{"type":"LineString","coordinates":[[77.594202,12.9820384],[77.5940034,12.9820998]]}},{"type":"Feature","properties":{"highway":"primary","oneway":"yes","sourceWay":"152051153","sourceSegment":6,"sourceNodes":["12157630121","7441887249"],"sourceFractions":[0.0,1.0]},"geometry":{"type":"LineString","coordinates":[[77.5940034,12.9820998],[77.5939359,12.9821207]]}},{"type":"Feature","properties":{"highway":"primary","oneway":"yes","sourceWay":"152051153","sourceSegment":7,"sourceNodes":["7441887249","7441887246"],"sourceFractions":[0.0,1.0]},"geometry":{"type":"LineString","coordinates":[[77.5939359,12.9821207],[77.5937446,12.9821788]]}},{"type":"Feature","properties":{"highway":"primary","oneway":"yes","sourceWay":"152051153","sourceSegment":8,"sourceNodes":["7441887246","7135067569"],"sourceFractions":[0.0,1.0]},"geometry":{"type":"LineString","coordinates":[[77.5937446,12.9821788],[77.5929957,12.9824186]]}},{"type":"Feature","properties":{"highway":"primary","oneway":"yes","sourceWay":"152051153","sourceSegment":9,"sourceNodes":["7135067569","7148987409"],"sourceFractions":[0.0,1.0]},"geometry":{"type":"LineString","coordinates":[[77.5929957,12.9824186],[77.592611,12.9825488]]}},{"type":"Feature","properties":{"highway":"primary","oneway":"yes","sourceWay":"152051153","sourceSegment":10,"sourceNodes":["7148987409","10989095122"],"sourceFractions":[0.0,1.0]},"geometry":{"type":"LineString","coordinates":[[77.592611,12.9825488],[77.5924985,12.9826052]]}},{"type":"Feature","properties":{"highway":"primary","oneway":"yes","sourceWay":"152051153","sourceSegment":11,"sourceNodes":["10989095122","249082122"],"sourceFractions":[0.0,1.0]},"geometry":{"type":"LineString","coordinates":[[77.5924985,12.9826052],[77.5924776,12.982616]]}},{"type":"Feature","properties":{"highway":"primary","oneway":"yes","sourceWay":"152051153","sourceSegment":12,"sourceNodes":["249082122","1363298642"],"sourceFractions":[0.0,1.0]},"geometry":{"type":"LineString","coordinates":[[77.5924776,12.982616],[77.5923985,12.9827022]]}},{"type":"Feature","properties":{"highway":"primary","oneway":"yes","sourceWay":"152051153","sourceSegment":13,"sourceNodes":["1363298642","11675668188"],"sourceFractions":[0.0,1.0]},"geometry":{"type":"LineString","coordinates":[[77.5923985,12.9827022],[77.5923086,12.9828837]]}},{"type":"Feature","properties":{"highway":"primary","oneway":"yes","sourceWay":"152051153","sourceSegment":14,"sourceNodes":["11675668188","665045355"],"sourceFractions":[0.0,1.0]},"geometry":{"type":"LineString","coordinates":[[77.5923086,12.9828837],[77.5922923,12.9829367]]}},{"type":"Feature","properties":{"highway":"primary","oneway":"yes","sourceWay":"152051153","sourceSegment":15,"sourceNodes":["665045355","665045354"],"sourceFractions":[0.0,1.0]},"geometry":{"type":"LineString","coordinates":[[77.5922923,12.9829367],[77.5922493,12.9830056]]}},{"type":"Feature","properties":{"highway":"primary","oneway":"yes","sourceWay":"152051153","sourceSegment":16,"sourceNodes":["665045354","7156865446"],"sourceFractions":[0.0,1.0]},"geometry":{"type":"LineString","coordinates":[[77.5922493,12.9830056],[77.5922081,12.9830369]]}},{"type":"Feature","properties":{"highway":"primary","oneway":"yes","sourceWay":"152051153","sourceSegment":17,"sourceNodes":["7156865446","254665650"],"sourceFractions":[0.0,1.0]},"geometry":{"type":"LineString","coordinates":[[77.5922081,12.9830369],[77.5921489,12.983069]]}},{"type":"Feature","properties":{"highway":"primary","oneway":"yes","sourceWay":"152051153","sourceSegment":18,"sourceNodes":["254665650","665045353"],"sourceFractions":[0.0,1.0]},"geometry":{"type":"LineString","coordinates":[[77.5921489,12.983069],[77.591952,12.9831609]]}},{"type":"Feature","properties":{"highway":"primary","oneway":"yes","sourceWay":"152051153","sourceSegment":19,"sourceNodes":["665045353","13462186483"],"sourceFractions":[0.0,1.0]},"geometry":{"type":"LineString","coordinates":[[77.591952,12.9831609],[77.591742,12.9832403]]}},{"type":"Feature","properties":{"highway":"primary","oneway":"yes","sourceWay":"152051153","sourceSegment":20,"sourceNodes":["13462186483","1837595282"],"sourceFractions":[0.0,1.0]},"geometry":{"type":"LineString","coordinates":[[77.591742,12.9832403],[77.5915886,12.9832984]]}},{"type":"Feature","properties":{"highway":"primary","oneway":"yes","sourceWay":"152051153","sourceSegment":21,"sourceNodes":["1837595282","11675587639"],"sourceFractions":[0.0,1.0]},"geometry":{"type":"LineString","coordinates":[[77.5915886,12.9832984],[77.5915341,12.983319]]}},{"type":"Feature","properties":{"highway":"primary","oneway":"yes","sourceWay":"152051153","sourceSegment":22,"sourceNodes":["11675587639","11675587636"],"sourceFractions":[0.0,1.0]},"geometry":{"type":"LineString","coordinates":[[77.5915341,12.983319],[77.5906849,12.9836621]]}},{"type":"Feature","properties":{"highway":"primary","oneway":"yes","sourceWay":"152051153","sourceSegment":23,"sourceNodes":["11675587636","13462217109"],"sourceFractions":[0.0,1.0]},"geometry":{"type":"LineString","coordinates":[[77.5906849,12.9836621],[77.5899728,12.9840004]]}},{"type":"Feature","properties":{"highway":"primary","oneway":"yes","sourceWay":"152051153","sourceSegment":24,"sourceNodes":["13462217109","9910013005"],"sourceFractions":[0.0,0.20931880475096942]},"geometry":{"type":"LineString","coordinates":[[77.5899728,12.9840004],[77.58981815526705,12.984078078208443]]}},{"type":"Feature","properties":{"highway":"primary","oneway":"yes","sourceWay":"161416662","sourceSegment":0,"sourceNodes":["10016225575","12683578901"],"sourceFractions":[0.0,1.0]},"geometry":{"type":"LineString","coordinates":[[77.592341,12.9831551],[77.5925621,12.9837808]]}},{"type":"Feature","properties":{"highway":"primary","oneway":"yes","sourceWay":"161416662","sourceSegment":1,"sourceNodes":["12683578901","10038561353"],"sourceFractions":[0.0,0.21382231456713566]},"geometry":{"type":"LineString","coordinates":[[77.5925621,12.9837808],[77.59257732414879,12.983827135295567]]}},{"type":"Feature","properties":{"highway":"primary_link","oneway":"yes","sourceWay":"172920298","sourceSegment":0,"sourceNodes":["10016225540","9816987558"],"sourceFractions":[-0.0,1.0]},"geometry":{"type":"LineString","coordinates":[[77.5917323,12.9835078],[77.5917292,12.9834252]]}},{"type":"Feature","properties":{"highway":"primary_link","oneway":"yes","sourceWay":"172920298","sourceSegment":1,"sourceNodes":["9816987558","1837595284"],"sourceFractions":[-0.0,1.0]},"geometry":{"type":"LineString","coordinates":[[77.5917292,12.9834252],[77.5917239,12.9833895]]}},{"type":"Feature","properties":{"highway":"primary_link","oneway":"yes","sourceWay":"172920298","sourceSegment":2,"sourceNodes":["1837595284","9816987559"],"sourceFractions":[-0.0,1.0]},"geometry":{"type":"LineString","coordinates":[[77.5917239,12.9833895],[77.5917166,12.9833587]]}},{"type":"Feature","properties":{"highway":"primary_link","oneway":"yes","sourceWay":"172920298","sourceSegment":3,"sourceNodes":["9816987559","11675668185"],"sourceFractions":[-0.0,1.0]},"geometry":{"type":"LineString","coordinates":[[77.5917166,12.9833587],[77.5917065,12.9833446]]}},{"type":"Feature","properties":{"highway":"primary_link","oneway":"yes","sourceWay":"172920298","sourceSegment":4,"sourceNodes":["11675668185","9816987560"],"sourceFractions":[-0.0,1.0]},"geometry":{"type":"LineString","coordinates":[[77.5917065,12.9833446],[77.5916981,12.9833329]]}},{"type":"Feature","properties":{"highway":"primary_link","oneway":"yes","sourceWay":"172920298","sourceSegment":5,"sourceNodes":["9816987560","11675587655"],"sourceFractions":[-0.0,1.0]},"geometry":{"type":"LineString","coordinates":[[77.5916981,12.9833329],[77.5916713,12.9833093]]}},{"type":"Feature","properties":{"highway":"primary_link","oneway":"yes","sourceWay":"172920298","sourceSegment":6,"sourceNodes":["11675587655","1837595283"],"sourceFractions":[-0.0,1.0]},"geometry":{"type":"LineString","coordinates":[[77.5916713,12.9833093],[77.5916389,12.9832979]]}},{"type":"Feature","properties":{"highway":"primary_link","oneway":"yes","sourceWay":"172920298","sourceSegment":7,"sourceNodes":["1837595283","11286303344"],"sourceFractions":[0.0,1.0]},"geometry":{"type":"LineString","coordinates":[[77.5916389,12.9832979],[77.5916181,12.983299]]}},{"type":"Feature","properties":{"highway":"primary_link","oneway":"yes","sourceWay":"172920298","sourceSegment":8,"sourceNodes":["11286303344","1837595282"],"sourceFractions":[-0.0,1.0]},"geometry":{"type":"LineString","coordinates":[[77.5916181,12.983299],[77.5915886,12.9832984]]}},{"type":"Feature","properties":{"highway":"unclassified","oneway":"yes","sourceWay":"208686728","sourceSegment":0,"sourceNodes":["10123826916","10121296057"],"sourceFractions":[0.0,1.0]},"geometry":{"type":"LineString","coordinates":[[77.5906573,12.9779141],[77.5907355,12.9778457]]}},{"type":"Feature","properties":{"highway":"unclassified","oneway":"yes","sourceWay":"208686728","sourceSegment":1,"sourceNodes":["10121296057","10121296056"],"sourceFractions":[0.0,1.0]},"geometry":{"type":"LineString","coordinates":[[77.5907355,12.9778457],[77.5908281,12.9777387]]}},{"type":"Feature","properties":{"highway":"unclassified","oneway":"yes","sourceWay":"208686728","sourceSegment":2,"sourceNodes":["10121296056","11854384464"],"sourceFractions":[0.0,1.0]},"geometry":{"type":"LineString","coordinates":[[77.5908281,12.9777387],[77.5909071,12.9776342]]}},{"type":"Feature","properties":{"highway":"unclassified","oneway":"yes","sourceWay":"208686728","sourceSegment":3,"sourceNodes":["11854384464","9161059596"],"sourceFractions":[0.0,1.0]},"geometry":{"type":"LineString","coordinates":[[77.5909071,12.9776342],[77.5909182,12.9776216]]}},{"type":"Feature","properties":{"highway":"unclassified","oneway":"yes","sourceWay":"208686728","sourceSegment":4,"sourceNodes":["9161059596","2189595232"],"sourceFractions":[0.0,1.0]},"geometry":{"type":"LineString","coordinates":[[77.5909182,12.9776216],[77.5912656,12.9773375]]}},{"type":"Feature","properties":{"highway":"unclassified","oneway":"yes","sourceWay":"208686728","sourceSegment":5,"sourceNodes":["2189595232","663311727"],"sourceFractions":[0.0,1.0]},"geometry":{"type":"LineString","coordinates":[[77.5912656,12.9773375],[77.5913243,12.9772392]]}},{"type":"Feature","properties":{"highway":"tertiary","oneway":"no","sourceWay":"250717622","sourceSegment":0,"sourceNodes":["294081985","11769497911"],"sourceFractions":[0.0,1.0]},"geometry":{"type":"LineString","coordinates":[[77.5883434,12.9772414],[77.5883545,12.9772205]]}},{"type":"Feature","properties":{"highway":"tertiary","oneway":"no","sourceWay":"250717622","sourceSegment":1,"sourceNodes":["11769497911","11769497909"],"sourceFractions":[0.0,1.0]},"geometry":{"type":"LineString","coordinates":[[77.5883545,12.9772205],[77.5883811,12.9771692]]}},{"type":"Feature","properties":{"highway":"tertiary","oneway":"no","sourceWay":"250717622","sourceSegment":2,"sourceNodes":["11769497909","11769497902"],"sourceFractions":[0.0,1.0]},"geometry":{"type":"LineString","coordinates":[[77.5883811,12.9771692],[77.5884165,12.977104]]}},{"type":"Feature","properties":{"highway":"tertiary","oneway":"no","sourceWay":"250717622","sourceSegment":3,"sourceNodes":["11769497902","10038553714"],"sourceFractions":[0.0,1.0]},"geometry":{"type":"LineString","coordinates":[[77.5884165,12.977104],[77.588508,12.9769321]]}},{"type":"Feature","properties":{"highway":"tertiary","oneway":"no","sourceWay":"250717622","sourceSegment":4,"sourceNodes":["10038553714","12899171948"],"sourceFractions":[0.0,1.0]},"geometry":{"type":"LineString","coordinates":[[77.588508,12.9769321],[77.5885132,12.9769231]]}},{"type":"Feature","properties":{"highway":"tertiary","oneway":"no","sourceWay":"250717622","sourceSegment":5,"sourceNodes":["12899171948","12899171947"],"sourceFractions":[0.0,1.0]},"geometry":{"type":"LineString","coordinates":[[77.5885132,12.9769231],[77.5885643,12.9768139]]}},{"type":"Feature","properties":{"highway":"tertiary","oneway":"no","sourceWay":"250717622","sourceSegment":6,"sourceNodes":["12899171947","11769497926"],"sourceFractions":[0.0,1.0]},"geometry":{"type":"LineString","coordinates":[[77.5885643,12.9768139],[77.5886115,12.9767295]]}},{"type":"Feature","properties":{"highway":"tertiary","oneway":"no","sourceWay":"250717622","sourceSegment":7,"sourceNodes":["11769497926","13456239983"],"sourceFractions":[0.0,1.0]},"geometry":{"type":"LineString","coordinates":[[77.5886115,12.9767295],[77.5886241,12.9767056]]}},{"type":"Feature","properties":{"highway":"tertiary","oneway":"no","sourceWay":"250717622","sourceSegment":8,"sourceNodes":["13456239983","10082185830"],"sourceFractions":[0.0,1.0]},"geometry":{"type":"LineString","coordinates":[[77.5886241,12.9767056],[77.5886288,12.9766967]]}},{"type":"Feature","properties":{"highway":"tertiary","oneway":"no","sourceWay":"250717622","sourceSegment":9,"sourceNodes":["10082185830","663196284"],"sourceFractions":[0.0,1.0]},"geometry":{"type":"LineString","coordinates":[[77.5886288,12.9766967],[77.5886556,12.9766504]]}},{"type":"Feature","properties":{"highway":"tertiary","oneway":"yes","sourceWay":"338941361","sourceSegment":0,"sourceNodes":["456204184","11769490857"],"sourceFractions":[0.0,1.0]},"geometry":{"type":"LineString","coordinates":[[77.5875011,12.9790803],[77.5874548,12.9792246]]}},{"type":"Feature","properties":{"highway":"tertiary","oneway":"yes","sourceWay":"338941361","sourceSegment":1,"sourceNodes":["11769490857","294081912"],"sourceFractions":[0.0,1.0]},"geometry":{"type":"LineString","coordinates":[[77.5874548,12.9792246],[77.5874507,12.9792654]]}},{"type":"Feature","properties":{"highway":"tertiary","oneway":"yes","sourceWay":"338941361","sourceSegment":2,"sourceNodes":["294081912","3702257805"],"sourceFractions":[0.0,1.0]},"geometry":{"type":"LineString","coordinates":[[77.5874507,12.9792654],[77.5874612,12.9794318]]}},{"type":"Feature","properties":{"highway":"tertiary","oneway":"yes","sourceWay":"338941361","sourceSegment":3,"sourceNodes":["3702257805","294081983"],"sourceFractions":[0.0,1.0]},"geometry":{"type":"LineString","coordinates":[[77.5874612,12.9794318],[77.5875468,12.9797967]]}},{"type":"Feature","properties":{"highway":"tertiary","oneway":"yes","sourceWay":"338941361","sourceSegment":4,"sourceNodes":["294081983","294081910"],"sourceFractions":[0.0,1.0]},"geometry":{"type":"LineString","coordinates":[[77.5875468,12.9797967],[77.5875926,12.9798927]]}},{"type":"Feature","properties":{"highway":"tertiary","oneway":"yes","sourceWay":"338941361","sourceSegment":5,"sourceNodes":["294081910","10036422092"],"sourceFractions":[0.0,1.0]},"geometry":{"type":"LineString","coordinates":[[77.5875926,12.9798927],[77.5877153,12.9800189]]}},{"type":"Feature","properties":{"highway":"tertiary","oneway":"yes","sourceWay":"338941361","sourceSegment":6,"sourceNodes":["10036422092","294081909"],"sourceFractions":[0.0,1.0]},"geometry":{"type":"LineString","coordinates":[[77.5877153,12.9800189],[77.5878189,12.9801223]]}},{"type":"Feature","properties":{"highway":"tertiary","oneway":"yes","sourceWay":"338941361","sourceSegment":7,"sourceNodes":["294081909","294081980"],"sourceFractions":[0.0,1.0]},"geometry":{"type":"LineString","coordinates":[[77.5878189,12.9801223],[77.5884093,12.9808066]]}},{"type":"Feature","properties":{"highway":"tertiary","oneway":"yes","sourceWay":"338941361","sourceSegment":8,"sourceNodes":["294081980","12538083606"],"sourceFractions":[0.0,1.0]},"geometry":{"type":"LineString","coordinates":[[77.5884093,12.9808066],[77.5884592,12.9809037]]}},{"type":"Feature","properties":{"highway":"tertiary","oneway":"yes","sourceWay":"338941361","sourceSegment":9,"sourceNodes":["12538083606","294081908"],"sourceFractions":[0.0,1.0]},"geometry":{"type":"LineString","coordinates":[[77.5884592,12.9809037],[77.5884893,12.9809622]]}},{"type":"Feature","properties":{"highway":"tertiary","oneway":"yes","sourceWay":"338941361","sourceSegment":10,"sourceNodes":["294081908","3461278332"],"sourceFractions":[0.0,1.0]},"geometry":{"type":"LineString","coordinates":[[77.5884893,12.9809622],[77.5885078,12.9810117]]}},{"type":"Feature","properties":{"highway":"tertiary","oneway":"yes","sourceWay":"338941361","sourceSegment":11,"sourceNodes":["3461278332","3461278359"],"sourceFractions":[0.0,1.0]},"geometry":{"type":"LineString","coordinates":[[77.5885078,12.9810117],[77.5884619,12.9814292]]}},{"type":"Feature","properties":{"highway":"tertiary","oneway":"yes","sourceWay":"338941361","sourceSegment":12,"sourceNodes":["3461278359","3461278360"],"sourceFractions":[0.0,1.0]},"geometry":{"type":"LineString","coordinates":[[77.5884619,12.9814292],[77.5884587,12.9814716]]}},{"type":"Feature","properties":{"highway":"tertiary","oneway":"yes","sourceWay":"338941361","sourceSegment":13,"sourceNodes":["3461278360","10001492588"],"sourceFractions":[0.0,1.0]},"geometry":{"type":"LineString","coordinates":[[77.5884587,12.9814716],[77.5884687,12.9815367]]}},{"type":"Feature","properties":{"highway":"tertiary","oneway":"yes","sourceWay":"338941361","sourceSegment":14,"sourceNodes":["10001492588","3461278371"],"sourceFractions":[0.0,1.0]},"geometry":{"type":"LineString","coordinates":[[77.5884687,12.9815367],[77.5884907,12.9816795]]}},{"type":"Feature","properties":{"highway":"tertiary","oneway":"yes","sourceWay":"338941361","sourceSegment":15,"sourceNodes":["3461278371","3461288196"],"sourceFractions":[0.0,1.0]},"geometry":{"type":"LineString","coordinates":[[77.5884907,12.9816795],[77.5885515,12.9817666]]}},{"type":"Feature","properties":{"highway":"tertiary","oneway":"yes","sourceWay":"338941365","sourceSegment":0,"sourceNodes":["254665617","3461278350"],"sourceFractions":[0.0,1.0]},"geometry":{"type":"LineString","coordinates":[[77.5880015,12.9812175],[77.588212,12.981237]]}},{"type":"Feature","properties":{"highway":"tertiary","oneway":"yes","sourceWay":"338941365","sourceSegment":1,"sourceNodes":["3461278350","3461278354"],"sourceFractions":[0.0,1.0]},"geometry":{"type":"LineString","coordinates":[[77.588212,12.981237],[77.5883707,12.9813157]]}},{"type":"Feature","properties":{"highway":"tertiary","oneway":"yes","sourceWay":"338941365","sourceSegment":2,"sourceNodes":["3461278354","3461278359"],"sourceFractions":[0.0,1.0]},"geometry":{"type":"LineString","coordinates":[[77.5883707,12.9813157],[77.5884619,12.9814292]]}},{"type":"Feature","properties":{"highway":"tertiary","oneway":"no","sourceWay":"358318638","sourceSegment":0,"sourceNodes":["3461278331","3461278332"],"sourceFractions":[0.0,1.0]},"geometry":{"type":"LineString","coordinates":[[77.5887068,12.9809756],[77.5885078,12.9810117]]}},{"type":"Feature","properties":{"highway":"primary","oneway":"yes","sourceWay":"362206700","sourceSegment":0,"sourceNodes":["263155937","10016225595"],"sourceFractions":[0.05988510607404919,1.0]},"geometry":{"type":"LineString","coordinates":[[77.59477550779876,12.981851828143443],[77.5946626,12.9817361]]}},{"type":"Feature","properties":{"highway":"primary","oneway":"yes","sourceWay":"362206700","sourceSegment":1,"sourceNodes":["10016225595","13433853379"],"sourceFractions":[-0.0,1.0]},"geometry":{"type":"LineString","coordinates":[[77.5946626,12.9817361],[77.5939651,12.9810177]]}},{"type":"Feature","properties":{"highway":"primary","oneway":"yes","sourceWay":"362206700","sourceSegment":2,"sourceNodes":["13433853379","11854384388"],"sourceFractions":[-0.0,1.0]},"geometry":{"type":"LineString","coordinates":[[77.5939651,12.9810177],[77.5938628,12.9809105]]}},{"type":"Feature","properties":{"highway":"primary","oneway":"yes","sourceWay":"362206700","sourceSegment":3,"sourceNodes":["11854384388","661987313"],"sourceFractions":[-0.0,1.0]},"geometry":{"type":"LineString","coordinates":[[77.5938628,12.9809105],[77.5938062,12.9808467]]}},{"type":"Feature","properties":{"highway":"primary","oneway":"yes","sourceWay":"362206700","sourceSegment":4,"sourceNodes":["661987313","11854384389"],"sourceFractions":[-0.0,1.0]},"geometry":{"type":"LineString","coordinates":[[77.5938062,12.9808467],[77.5937543,12.9807902]]}},{"type":"Feature","properties":{"highway":"primary","oneway":"yes","sourceWay":"362206700","sourceSegment":5,"sourceNodes":["11854384389","13433853386"],"sourceFractions":[-0.0,1.0]},"geometry":{"type":"LineString","coordinates":[[77.5937543,12.9807902],[77.5935718,12.9806074]]}},{"type":"Feature","properties":{"highway":"primary","oneway":"yes","sourceWay":"362206700","sourceSegment":6,"sourceNodes":["13433853386","3665554477"],"sourceFractions":[-0.0,1.0]},"geometry":{"type":"LineString","coordinates":[[77.5935718,12.9806074],[77.5933626,12.9803854]]}},{"type":"Feature","properties":{"highway":"primary","oneway":"yes","sourceWay":"362206700","sourceSegment":7,"sourceNodes":["3665554477","10036422118"],"sourceFractions":[-0.0,1.0]},"geometry":{"type":"LineString","coordinates":[[77.5933626,12.9803854],[77.5931935,12.9802087]]}},{"type":"Feature","properties":{"highway":"primary","oneway":"yes","sourceWay":"362206700","sourceSegment":8,"sourceNodes":["10036422118","10036422115"],"sourceFractions":[-0.0,1.0]},"geometry":{"type":"LineString","coordinates":[[77.5931935,12.9802087],[77.5930209,12.9800322]]}},{"type":"Feature","properties":{"highway":"primary","oneway":"yes","sourceWay":"362206700","sourceSegment":9,"sourceNodes":["10036422115","3665554479"],"sourceFractions":[-0.0,1.0]},"geometry":{"type":"LineString","coordinates":[[77.5930209,12.9800322],[77.5928393,12.9798416]]}},{"type":"Feature","properties":{"highway":"primary","oneway":"yes","sourceWay":"362206700","sourceSegment":10,"sourceNodes":["3665554479","13433853301"],"sourceFractions":[-0.0,1.0]},"geometry":{"type":"LineString","coordinates":[[77.5928393,12.9798416],[77.5927425,12.9797415]]}},{"type":"Feature","properties":{"highway":"primary","oneway":"yes","sourceWay":"362206700","sourceSegment":11,"sourceNodes":["13433853301","3665554480"],"sourceFractions":[-0.0,1.0]},"geometry":{"type":"LineString","coordinates":[[77.5927425,12.9797415],[77.5926451,12.9796407]]}},{"type":"Feature","properties":{"highway":"primary","oneway":"yes","sourceWay":"362206700","sourceSegment":12,"sourceNodes":["3665554480","3665554481"],"sourceFractions":[-0.0,1.0]},"geometry":{"type":"LineString","coordinates":[[77.5926451,12.9796407],[77.592197,12.9791786]]}},{"type":"Feature","properties":{"highway":"primary","oneway":"yes","sourceWay":"362206700","sourceSegment":13,"sourceNodes":["3665554481","286965860"],"sourceFractions":[-0.0,1.0]},"geometry":{"type":"LineString","coordinates":[[77.592197,12.9791786],[77.5909529,12.9778871]]}},{"type":"Feature","properties":{"highway":"primary","oneway":"yes","sourceWay":"362206700","sourceSegment":14,"sourceNodes":["286965860","10121296060"],"sourceFractions":[-0.0,1.0]},"geometry":{"type":"LineString","coordinates":[[77.5909529,12.9778871],[77.5909282,12.9778582]]}},{"type":"Feature","properties":{"highway":"primary","oneway":"yes","sourceWay":"362206700","sourceSegment":15,"sourceNodes":["10121296060","10121296056"],"sourceFractions":[-0.0,1.0]},"geometry":{"type":"LineString","coordinates":[[77.5909282,12.9778582],[77.5908281,12.9777387]]}},{"type":"Feature","properties":{"highway":"primary","oneway":"yes","sourceWay":"362206700","sourceSegment":16,"sourceNodes":["10121296056","12462395646"],"sourceFractions":[-0.0,1.0]},"geometry":{"type":"LineString","coordinates":[[77.5908281,12.9777387],[77.5907834,12.9777042]]}},{"type":"Feature","properties":{"highway":"primary","oneway":"yes","sourceWay":"362206701","sourceSegment":0,"sourceNodes":["10121296057","10121296059"],"sourceFractions":[0.0,1.0]},"geometry":{"type":"LineString","coordinates":[[77.5907355,12.9778457],[77.5908205,12.9779522]]}},{"type":"Feature","properties":{"highway":"primary","oneway":"yes","sourceWay":"362206701","sourceSegment":1,"sourceNodes":["10121296059","10036422112"],"sourceFractions":[0.0,1.0]},"geometry":{"type":"LineString","coordinates":[[77.5908205,12.9779522],[77.591568,12.9787172]]}},{"type":"Feature","properties":{"highway":"primary","oneway":"yes","sourceWay":"362206701","sourceSegment":2,"sourceNodes":["10036422112","10036422114"],"sourceFractions":[0.0,1.0]},"geometry":{"type":"LineString","coordinates":[[77.591568,12.9787172],[77.5917451,12.9789064]]}},{"type":"Feature","properties":{"highway":"primary","oneway":"yes","sourceWay":"362206701","sourceSegment":3,"sourceNodes":["10036422114","13433764400"],"sourceFractions":[0.0,1.0]},"geometry":{"type":"LineString","coordinates":[[77.5917451,12.9789064],[77.5924054,12.9795971]]}},{"type":"Feature","properties":{"highway":"primary","oneway":"yes","sourceWay":"362206701","sourceSegment":4,"sourceNodes":["13433764400","3665554482"],"sourceFractions":[0.0,1.0]},"geometry":{"type":"LineString","coordinates":[[77.5924054,12.9795971],[77.5925375,12.9797353]]}},{"type":"Feature","properties":{"highway":"primary","oneway":"yes","sourceWay":"362206701","sourceSegment":5,"sourceNodes":["3665554482","3665554476"],"sourceFractions":[0.0,1.0]},"geometry":{"type":"LineString","coordinates":[[77.5925375,12.9797353],[77.5927425,12.9799309]]}},{"type":"Feature","properties":{"highway":"primary","oneway":"yes","sourceWay":"362206701","sourceSegment":6,"sourceNodes":["3665554476","7140581382"],"sourceFractions":[0.0,1.0]},"geometry":{"type":"LineString","coordinates":[[77.5927425,12.9799309],[77.5930116,12.9802251]]}},{"type":"Feature","properties":{"highway":"primary","oneway":"yes","sourceWay":"362206701","sourceSegment":7,"sourceNodes":["7140581382","1837595273"],"sourceFractions":[0.0,1.0]},"geometry":{"type":"LineString","coordinates":[[77.5930116,12.9802251],[77.5932088,12.9804287]]}},{"type":"Feature","properties":{"highway":"primary","oneway":"yes","sourceWay":"362206701","sourceSegment":8,"sourceNodes":["1837595273","11854384465"],"sourceFractions":[0.0,1.0]},"geometry":{"type":"LineString","coordinates":[[77.5932088,12.9804287],[77.5934737,12.9807029]]}},{"type":"Feature","properties":{"highway":"primary","oneway":"yes","sourceWay":"362206701","sourceSegment":9,"sourceNodes":["11854384465","11854384390"],"sourceFractions":[0.0,1.0]},"geometry":{"type":"LineString","coordinates":[[77.5934737,12.9807029],[77.5936452,12.9808836]]}},{"type":"Feature","properties":{"highway":"primary","oneway":"yes","sourceWay":"362206701","sourceSegment":10,"sourceNodes":["11854384390","3755973278"],"sourceFractions":[0.0,1.0]},"geometry":{"type":"LineString","coordinates":[[77.5936452,12.9808836],[77.5937569,12.9809989]]}},{"type":"Feature","properties":{"highway":"primary","oneway":"yes","sourceWay":"362206701","sourceSegment":11,"sourceNodes":["3755973278","13433853380"],"sourceFractions":[0.0,1.0]},"geometry":{"type":"LineString","coordinates":[[77.5937569,12.9809989],[77.5938667,12.9811066]]}},{"type":"Feature","properties":{"highway":"primary","oneway":"yes","sourceWay":"362206701","sourceSegment":12,"sourceNodes":["13433853380","12147813613"],"sourceFractions":[0.0,1.0]},"geometry":{"type":"LineString","coordinates":[[77.5938667,12.9811066],[77.5943719,12.9816383]]}},{"type":"Feature","properties":{"highway":"primary","oneway":"yes","sourceWay":"362206701","sourceSegment":13,"sourceNodes":["12147813613","11684233294"],"sourceFractions":[0.0,1.0]},"geometry":{"type":"LineString","coordinates":[[77.5943719,12.9816383],[77.594506,12.9817732]]}},{"type":"Feature","properties":{"highway":"primary","oneway":"yes","sourceWay":"362206701","sourceSegment":14,"sourceNodes":["11684233294","12526376848"],"sourceFractions":[0.0,1.0]},"geometry":{"type":"LineString","coordinates":[[77.594506,12.9817732],[77.594521,12.9817872]]}},{"type":"Feature","properties":{"highway":"primary","oneway":"yes","sourceWay":"362206701","sourceSegment":15,"sourceNodes":["12526376848","10016225594"],"sourceFractions":[0.0,1.0]},"geometry":{"type":"LineString","coordinates":[[77.594521,12.9817872],[77.5945393,12.9818078]]}},{"type":"Feature","properties":{"highway":"primary","oneway":"yes","sourceWay":"362206701","sourceSegment":16,"sourceNodes":["10016225594","2382044454"],"sourceFractions":[0.0,1.0]},"geometry":{"type":"LineString","coordinates":[[77.5945393,12.9818078],[77.5946416,12.9819024]]}},{"type":"Feature","properties":{"highway":"primary","oneway":"yes","sourceWay":"553253465","sourceSegment":0,"sourceNodes":["10038553694","663311721"],"sourceFractions":[-0.0,0.8842195717718072]},"geometry":{"type":"LineString","coordinates":[[77.5883481,12.9763826],[77.58812129767983,12.976278085246616]]}},{"type":"Feature","properties":{"highway":"service","oneway":"no","sourceWay":"655784081","sourceSegment":0,"sourceNodes":["3665554482","3665554480"],"sourceFractions":[0.0,1.0]},"geometry":{"type":"LineString","coordinates":[[77.5925375,12.9797353],[77.5926451,12.9796407]]}},{"type":"Feature","properties":{"highway":"tertiary","oneway":"no","sourceWay":"763048420","sourceSegment":0,"sourceNodes":["294081985","11760270673"],"sourceFractions":[0.0,1.0]},"geometry":{"type":"LineString","coordinates":[[77.5883434,12.9772414],[77.5880908,12.9777337]]}},{"type":"Feature","properties":{"highway":"tertiary","oneway":"no","sourceWay":"763048420","sourceSegment":1,"sourceNodes":["11760270673","10038561218"],"sourceFractions":[0.0,1.0]},"geometry":{"type":"LineString","coordinates":[[77.5880908,12.9777337],[77.5880384,12.9778357]]}},{"type":"Feature","properties":{"highway":"tertiary","oneway":"no","sourceWay":"763048420","sourceSegment":2,"sourceNodes":["10038561218","456204179"],"sourceFractions":[0.0,1.0]},"geometry":{"type":"LineString","coordinates":[[77.5880384,12.9778357],[77.5879501,12.9780078]]}},{"type":"Feature","properties":{"highway":"tertiary","oneway":"no","sourceWay":"763048420","sourceSegment":3,"sourceNodes":["456204179","11769497923"],"sourceFractions":[0.0,1.0]},"geometry":{"type":"LineString","coordinates":[[77.5879501,12.9780078],[77.5879159,12.9780745]]}},{"type":"Feature","properties":{"highway":"tertiary","oneway":"no","sourceWay":"763048420","sourceSegment":4,"sourceNodes":["11769497923","11769497922"],"sourceFractions":[0.0,1.0]},"geometry":{"type":"LineString","coordinates":[[77.5879159,12.9780745],[77.5878114,12.9782785]]}},{"type":"Feature","properties":{"highway":"tertiary","oneway":"no","sourceWay":"763048420","sourceSegment":5,"sourceNodes":["11769497922","11760270672"],"sourceFractions":[0.0,1.0]},"geometry":{"type":"LineString","coordinates":[[77.5878114,12.9782785],[77.5877316,12.9784344]]}},{"type":"Feature","properties":{"highway":"tertiary","oneway":"no","sourceWay":"763048420","sourceSegment":6,"sourceNodes":["11760270672","294081984"],"sourceFractions":[0.0,1.0]},"geometry":{"type":"LineString","coordinates":[[77.5877316,12.9784344],[77.5876739,12.9785461]]}},{"type":"Feature","properties":{"highway":"tertiary","oneway":"no","sourceWay":"763048420","sourceSegment":7,"sourceNodes":["294081984","11760270671"],"sourceFractions":[0.0,1.0]},"geometry":{"type":"LineString","coordinates":[[77.5876739,12.9785461],[77.5875189,12.9788467]]}},{"type":"Feature","properties":{"highway":"tertiary","oneway":"no","sourceWay":"763048420","sourceSegment":8,"sourceNodes":["11760270671","456204184"],"sourceFractions":[0.0,1.0]},"geometry":{"type":"LineString","coordinates":[[77.5875189,12.9788467],[77.5875011,12.9790803]]}},{"type":"Feature","properties":{"highway":"tertiary","oneway":"yes","sourceWay":"763048421","sourceSegment":0,"sourceNodes":["3461288196","3461278368"],"sourceFractions":[0.0,1.0]},"geometry":{"type":"LineString","coordinates":[[77.5885515,12.9817666],[77.5886365,12.9815485]]}},{"type":"Feature","properties":{"highway":"tertiary","oneway":"yes","sourceWay":"763048421","sourceSegment":1,"sourceNodes":["3461278368","12174568386"],"sourceFractions":[0.0,1.0]},"geometry":{"type":"LineString","coordinates":[[77.5886365,12.9815485],[77.5887099,12.9810412]]}},{"type":"Feature","properties":{"highway":"tertiary","oneway":"yes","sourceWay":"763048421","sourceSegment":2,"sourceNodes":["12174568386","3461278331"],"sourceFractions":[-0.0,1.0]},"geometry":{"type":"LineString","coordinates":[[77.5887099,12.9810412],[77.5887068,12.9809756]]}},{"type":"Feature","properties":{"highway":"tertiary","oneway":"yes","sourceWay":"763048421","sourceSegment":3,"sourceNodes":["3461278331","11760270690"],"sourceFractions":[-0.0,1.0]},"geometry":{"type":"LineString","coordinates":[[77.5887068,12.9809756],[77.5887046,12.9809293]]}},{"type":"Feature","properties":{"highway":"tertiary","oneway":"yes","sourceWay":"763048421","sourceSegment":4,"sourceNodes":["11760270690","3461278326"],"sourceFractions":[-0.0,1.0]},"geometry":{"type":"LineString","coordinates":[[77.5887046,12.9809293],[77.5886111,12.9807953]]}},{"type":"Feature","properties":{"highway":"tertiary","oneway":"yes","sourceWay":"763048421","sourceSegment":5,"sourceNodes":["3461278326","3461278302"],"sourceFractions":[-0.0,1.0]},"geometry":{"type":"LineString","coordinates":[[77.5886111,12.9807953],[77.5880318,12.9801631]]}},{"type":"Feature","properties":{"highway":"tertiary","oneway":"yes","sourceWay":"763048421","sourceSegment":6,"sourceNodes":["3461278302","2571056005"],"sourceFractions":[-0.0,1.0]},"geometry":{"type":"LineString","coordinates":[[77.5880318,12.9801631],[77.5878914,12.9800102]]}},{"type":"Feature","properties":{"highway":"tertiary","oneway":"yes","sourceWay":"763048421","sourceSegment":7,"sourceNodes":["2571056005","7130428392"],"sourceFractions":[-0.0,1.0]},"geometry":{"type":"LineString","coordinates":[[77.5878914,12.9800102],[77.5877103,12.9798192]]}},{"type":"Feature","properties":{"highway":"tertiary","oneway":"yes","sourceWay":"763048421","sourceSegment":8,"sourceNodes":["7130428392","11769490862"],"sourceFractions":[-0.0,1.0]},"geometry":{"type":"LineString","coordinates":[[77.5877103,12.9798192],[77.5876694,12.9797283]]}},{"type":"Feature","properties":{"highway":"tertiary","oneway":"yes","sourceWay":"763048421","sourceSegment":9,"sourceNodes":["11769490862","7130428391"],"sourceFractions":[-0.0,1.0]},"geometry":{"type":"LineString","coordinates":[[77.5876694,12.9797283],[77.5875887,12.9794079]]}},{"type":"Feature","properties":{"highway":"tertiary","oneway":"yes","sourceWay":"763048421","sourceSegment":10,"sourceNodes":["7130428391","11508687639"],"sourceFractions":[-0.0,1.0]},"geometry":{"type":"LineString","coordinates":[[77.5875887,12.9794079],[77.5875639,12.9792442]]}},{"type":"Feature","properties":{"highway":"tertiary","oneway":"yes","sourceWay":"763048421","sourceSegment":11,"sourceNodes":["11508687639","456204184"],"sourceFractions":[-0.0,1.0]},"geometry":{"type":"LineString","coordinates":[[77.5875639,12.9792442],[77.5875011,12.9790803]]}},{"type":"Feature","properties":{"highway":"service","oneway":"yes","sourceWay":"795629024","sourceSegment":0,"sourceNodes":["7441887246","9214580925"],"sourceFractions":[0.0,1.0]},"geometry":{"type":"LineString","coordinates":[[77.5937446,12.9821788],[77.5937753,12.982268]]}},{"type":"Feature","properties":{"highway":"service","oneway":"yes","sourceWay":"795629024","sourceSegment":1,"sourceNodes":["9214580925","7441887242"],"sourceFractions":[0.0,1.0]},"geometry":{"type":"LineString","coordinates":[[77.5937753,12.982268],[77.5937941,12.9823225]]}},{"type":"Feature","properties":{"highway":"service","oneway":"yes","sourceWay":"795629027","sourceSegment":0,"sourceNodes":["7441887244","9214580924"],"sourceFractions":[-0.0,1.0]},"geometry":{"type":"LineString","coordinates":[[77.5939804,12.9822498],[77.5939628,12.9821992]]}},{"type":"Feature","properties":{"highway":"service","oneway":"yes","sourceWay":"795629027","sourceSegment":1,"sourceNodes":["9214580924","7441887249"],"sourceFractions":[-0.0,1.0]},"geometry":{"type":"LineString","coordinates":[[77.5939628,12.9821992],[77.5939359,12.9821207]]}},{"type":"Feature","properties":{"highway":"unclassified","oneway":"no","sourceWay":"991536561","sourceSegment":0,"sourceNodes":["663311727","663311728"],"sourceFractions":[-0.0,1.0]},"geometry":{"type":"LineString","coordinates":[[77.5913243,12.9772392],[77.5912734,12.977128]]}},{"type":"Feature","properties":{"highway":"unclassified","oneway":"no","sourceWay":"991536561","sourceSegment":1,"sourceNodes":["663311728","12111878825"],"sourceFractions":[-0.0,1.0]},"geometry":{"type":"LineString","coordinates":[[77.5912734,12.977128],[77.5912535,12.9770973]]}},{"type":"Feature","properties":{"highway":"unclassified","oneway":"no","sourceWay":"991536561","sourceSegment":2,"sourceNodes":["12111878825","249088160"],"sourceFractions":[-0.0,1.0]},"geometry":{"type":"LineString","coordinates":[[77.5912535,12.9770973],[77.5912356,12.9770696]]}},{"type":"Feature","properties":{"highway":"unclassified","oneway":"yes","sourceWay":"991536562","sourceSegment":0,"sourceNodes":["663311727","9161059593"],"sourceFractions":[0.0,1.0]},"geometry":{"type":"LineString","coordinates":[[77.5913243,12.9772392],[77.5912341,12.9772826]]}},{"type":"Feature","properties":{"highway":"unclassified","oneway":"yes","sourceWay":"991536562","sourceSegment":1,"sourceNodes":["9161059593","10123826914"],"sourceFractions":[0.0,1.0]},"geometry":{"type":"LineString","coordinates":[[77.5912341,12.9772826],[77.5909308,12.9775599]]}},{"type":"Feature","properties":{"highway":"unclassified","oneway":"yes","sourceWay":"991536562","sourceSegment":2,"sourceNodes":["10123826914","11854384462"],"sourceFractions":[0.0,1.0]},"geometry":{"type":"LineString","coordinates":[[77.5909308,12.9775599],[77.5908934,12.9775918]]}},{"type":"Feature","properties":{"highway":"unclassified","oneway":"yes","sourceWay":"991536562","sourceSegment":3,"sourceNodes":["11854384462","12462395645"],"sourceFractions":[0.0,1.0]},"geometry":{"type":"LineString","coordinates":[[77.5908934,12.9775918],[77.5908064,12.9776835]]}},{"type":"Feature","properties":{"highway":"unclassified","oneway":"yes","sourceWay":"991536562","sourceSegment":4,"sourceNodes":["12462395645","12462395646"],"sourceFractions":[0.0,1.0]},"geometry":{"type":"LineString","coordinates":[[77.5908064,12.9776835],[77.5907834,12.9777042]]}},{"type":"Feature","properties":{"highway":"unclassified","oneway":"yes","sourceWay":"991536562","sourceSegment":5,"sourceNodes":["12462395646","12462395647"],"sourceFractions":[0.0,1.0]},"geometry":{"type":"LineString","coordinates":[[77.5907834,12.9777042],[77.5907101,12.9778101]]}},{"type":"Feature","properties":{"highway":"unclassified","oneway":"yes","sourceWay":"991536562","sourceSegment":6,"sourceNodes":["12462395647","10123826916"],"sourceFractions":[0.0,1.0]},"geometry":{"type":"LineString","coordinates":[[77.5907101,12.9778101],[77.5906573,12.9779141]]}},{"type":"Feature","properties":{"highway":"tertiary","oneway":"no","sourceWay":"1092049622","sourceSegment":0,"sourceNodes":["3461278368","12113879976"],"sourceFractions":[0.0,1.0]},"geometry":{"type":"LineString","coordinates":[[77.5886365,12.9815485],[77.5886026,12.9815827]]}},{"type":"Feature","properties":{"highway":"tertiary","oneway":"no","sourceWay":"1092049622","sourceSegment":1,"sourceNodes":["12113879976","12113879975"],"sourceFractions":[0.0,1.0]},"geometry":{"type":"LineString","coordinates":[[77.5886026,12.9815827],[77.5885687,12.9815987]]}},{"type":"Feature","properties":{"highway":"tertiary","oneway":"no","sourceWay":"1092049622","sourceSegment":2,"sourceNodes":["12113879975","12113879974"],"sourceFractions":[-0.0,1.0]},"geometry":{"type":"LineString","coordinates":[[77.5885687,12.9815987],[77.5885226,12.9815843]]}},{"type":"Feature","properties":{"highway":"tertiary","oneway":"no","sourceWay":"1092049622","sourceSegment":3,"sourceNodes":["12113879974","10001492588"],"sourceFractions":[-0.0,1.0]},"geometry":{"type":"LineString","coordinates":[[77.5885226,12.9815843],[77.5884687,12.9815367]]}},{"type":"Feature","properties":{"highway":"service","access":"permissive","oneway":"no","sourceWay":"1095905516","sourceSegment":0,"sourceNodes":["10036418000","461765504"],"sourceFractions":[0.7449459208380411,1.0]},"geometry":{"type":"LineString","coordinates":[[77.5891235346281,12.983867995843188],[77.5890852,12.9837862]]}},{"type":"Feature","properties":{"highway":"service","access":"permissive","oneway":"no","sourceWay":"1095905516","sourceSegment":1,"sourceNodes":["461765504","10036418002"],"sourceFractions":[0.0,1.0]},"geometry":{"type":"LineString","coordinates":[[77.5890852,12.9837862],[77.5892396,12.9836985]]}},{"type":"Feature","properties":{"highway":"service","access":"permissive","oneway":"no","sourceWay":"1095905516","sourceSegment":2,"sourceNodes":["10036418002","10036418008"],"sourceFractions":[-0.0,1.0]},"geometry":{"type":"LineString","coordinates":[[77.5892396,12.9836985],[77.5892188,12.9836626]]}},{"type":"Feature","properties":{"highway":"service","access":"permissive","oneway":"no","sourceWay":"1095905516","sourceSegment":3,"sourceNodes":["10036418008","10036418003"],"sourceFractions":[-0.0,1.0]},"geometry":{"type":"LineString","coordinates":[[77.5892188,12.9836626],[77.589094,12.983406]]}},{"type":"Feature","properties":{"highway":"service","access":"permissive","oneway":"no","sourceWay":"1095905516","sourceSegment":4,"sourceNodes":["10036418003","10036418004"],"sourceFractions":[-0.0,1.0]},"geometry":{"type":"LineString","coordinates":[[77.589094,12.983406],[77.5890411,12.9832992]]}},{"type":"Feature","properties":{"highway":"service","access":"permissive","oneway":"no","sourceWay":"1095905517","sourceSegment":0,"sourceNodes":["10036418008","10036418009"],"sourceFractions":[0.0,1.0]},"geometry":{"type":"LineString","coordinates":[[77.5892188,12.9836626],[77.589411,12.9835628]]}},{"type":"Feature","properties":{"highway":"service","access":"permissive","oneway":"no","sourceWay":"1095905517","sourceSegment":1,"sourceNodes":["10036418009","10036418010"],"sourceFractions":[-0.0,1.0]},"geometry":{"type":"LineString","coordinates":[[77.589411,12.9835628],[77.5892316,12.9831983]]}},{"type":"Feature","properties":{"highway":"service","access":"permissive","oneway":"no","sourceWay":"1095905520","sourceSegment":0,"sourceNodes":["10036422018","10036422019"],"sourceFractions":[0.0,1.0]},"geometry":{"type":"LineString","coordinates":[[77.5878138,12.9824284],[77.5882439,12.9822697]]}},{"type":"Feature","properties":{"highway":"service","access":"permissive","oneway":"no","sourceWay":"1095905520","sourceSegment":1,"sourceNodes":["10036422019","10082185853"],"sourceFractions":[0.0,1.0]},"geometry":{"type":"LineString","coordinates":[[77.5882439,12.9822697],[77.5884916,12.9822186]]}},{"type":"Feature","properties":{"highway":"service","access":"permissive","oneway":"no","sourceWay":"1095905520","sourceSegment":2,"sourceNodes":["10082185853","10036422020"],"sourceFractions":[0.0,1.0]},"geometry":{"type":"LineString","coordinates":[[77.5884916,12.9822186],[77.5885967,12.9822019]]}},{"type":"Feature","properties":{"highway":"service","access":"permissive","oneway":"no","sourceWay":"1095905521","sourceSegment":0,"sourceNodes":["10036422021","10082185859"],"sourceFractions":[0.0,1.0]},"geometry":{"type":"LineString","coordinates":[[77.5871848,12.9815246],[77.58721,12.9815779]]}},{"type":"Feature","properties":{"highway":"service","access":"permissive","oneway":"no","sourceWay":"1095905521","sourceSegment":1,"sourceNodes":["10082185859","10036422022"],"sourceFractions":[0.0,1.0]},"geometry":{"type":"LineString","coordinates":[[77.58721,12.9815779],[77.58723,12.9816201]]}},{"type":"Feature","properties":{"highway":"service","access":"permissive","oneway":"no","sourceWay":"1095905522","sourceSegment":0,"sourceNodes":["665068883","10082185858"],"sourceFractions":[0.0,1.0]},"geometry":{"type":"LineString","coordinates":[[77.5877378,12.981305],[77.5877587,12.9813646]]}},{"type":"Feature","properties":{"highway":"service","access":"permissive","oneway":"no","sourceWay":"1095905522","sourceSegment":1,"sourceNodes":["10082185858","10036422023"],"sourceFractions":[0.0,1.0]},"geometry":{"type":"LineString","coordinates":[[77.5877587,12.9813646],[77.58778,12.9814255]]}},{"type":"Feature","properties":{"highway":"service","access":"permissive","oneway":"no","sourceWay":"1095905523","sourceSegment":0,"sourceNodes":["12538079618","10036422024"],"sourceFractions":[-0.0,1.0]},"geometry":{"type":"LineString","coordinates":[[77.5873529,12.9823362],[77.587232,12.9820647]]}},{"type":"Feature","properties":{"highway":"service","access":"permissive","oneway":"no","sourceWay":"1095905523","sourceSegment":1,"sourceNodes":["10036422024","10036422025"],"sourceFractions":[-0.0,1.0]},"geometry":{"type":"LineString","coordinates":[[77.587232,12.9820647],[77.5871143,12.9817587]]}},{"type":"Feature","properties":{"highway":"service","access":"permissive","oneway":"no","sourceWay":"1095905523","sourceSegment":2,"sourceNodes":["10036422025","10036422026"],"sourceFractions":[-0.0,1.0]},"geometry":{"type":"LineString","coordinates":[[77.5871143,12.9817587],[77.5871131,12.9817151]]}},{"type":"Feature","properties":{"highway":"service","access":"permissive","oneway":"no","sourceWay":"1095905523","sourceSegment":3,"sourceNodes":["10036422026","10036422027"],"sourceFractions":[0.0,1.0]},"geometry":{"type":"LineString","coordinates":[[77.5871131,12.9817151],[77.5871287,12.98168]]}},{"type":"Feature","properties":{"highway":"service","access":"permissive","oneway":"no","sourceWay":"1095905523","sourceSegment":4,"sourceNodes":["10036422027","10036422022"],"sourceFractions":[0.0,1.0]},"geometry":{"type":"LineString","coordinates":[[77.5871287,12.98168],[77.58723,12.9816201]]}},{"type":"Feature","properties":{"highway":"service","access":"permissive","oneway":"no","sourceWay":"1095905523","sourceSegment":5,"sourceNodes":["10036422022","10036422023"],"sourceFractions":[0.0,1.0]},"geometry":{"type":"LineString","coordinates":[[77.58723,12.9816201],[77.58778,12.9814255]]}},{"type":"Feature","properties":{"highway":"service","access":"permissive","oneway":"no","sourceWay":"1095905523","sourceSegment":6,"sourceNodes":["10036422023","10036422028"],"sourceFractions":[0.0,1.0]},"geometry":{"type":"LineString","coordinates":[[77.58778,12.9814255],[77.5879274,12.9813836]]}},{"type":"Feature","properties":{"highway":"service","access":"permissive","oneway":"no","sourceWay":"1095905523","sourceSegment":7,"sourceNodes":["10036422028","10036422029"],"sourceFractions":[0.0,1.0]},"geometry":{"type":"LineString","coordinates":[[77.5879274,12.9813836],[77.5880319,12.9813656]]}},{"type":"Feature","properties":{"highway":"service","access":"permissive","oneway":"no","sourceWay":"1095905523","sourceSegment":8,"sourceNodes":["10036422029","10036422030"],"sourceFractions":[0.0,1.0]},"geometry":{"type":"LineString","coordinates":[[77.5880319,12.9813656],[77.5880841,12.9813806]]}},{"type":"Feature","properties":{"highway":"service","access":"permissive","oneway":"no","sourceWay":"1095905528","sourceSegment":0,"sourceNodes":["7436489828","10036422049"],"sourceFractions":[0.0,1.0]},"geometry":{"type":"LineString","coordinates":[[77.5864112,12.9803941],[77.586938,12.9802093]]}},{"type":"Feature","properties":{"highway":"service","access":"permissive","oneway":"no","sourceWay":"1095905528","sourceSegment":1,"sourceNodes":["10036422049","10036422054"],"sourceFractions":[-0.0,1.0]},"geometry":{"type":"LineString","coordinates":[[77.586938,12.9802093],[77.5867791,12.9797491]]}},{"type":"Feature","properties":{"highway":"service","access":"permissive","oneway":"no","sourceWay":"1095905533","sourceSegment":0,"sourceNodes":["10036422066","10036422067"],"sourceFractions":[-0.0,1.0]},"geometry":{"type":"LineString","coordinates":[[77.5876296,12.9810052],[77.5875233,12.9809717]]}},{"type":"Feature","properties":{"highway":"service","access":"permissive","oneway":"no","sourceWay":"1095905533","sourceSegment":1,"sourceNodes":["10036422067","10036422068"],"sourceFractions":[-0.0,1.0]},"geometry":{"type":"LineString","coordinates":[[77.5875233,12.9809717],[77.5874526,12.980948]]}},{"type":"Feature","properties":{"highway":"service","access":"permissive","oneway":"no","sourceWay":"1095905533","sourceSegment":2,"sourceNodes":["10036422068","10036422069"],"sourceFractions":[0.0,1.0]},"geometry":{"type":"LineString","coordinates":[[77.5874526,12.980948],[77.5873624,12.9809551]]}},{"type":"Feature","properties":{"highway":"service","access":"permissive","oneway":"no","sourceWay":"1095905533","sourceSegment":3,"sourceNodes":["10036422069","10036422070"],"sourceFractions":[0.0,1.0]},"geometry":{"type":"LineString","coordinates":[[77.5873624,12.9809551],[77.5872844,12.9809907]]}},{"type":"Feature","properties":{"highway":"service","access":"permissive","oneway":"no","sourceWay":"1095905533","sourceSegment":4,"sourceNodes":["10036422070","10036422071"],"sourceFractions":[0.0,1.0]},"geometry":{"type":"LineString","coordinates":[[77.5872844,12.9809907],[77.5872234,12.9810335]]}},{"type":"Feature","properties":{"highway":"service","access":"permissive","oneway":"no","sourceWay":"1095905533","sourceSegment":5,"sourceNodes":["10036422071","10036422072"],"sourceFractions":[0.0,1.0]},"geometry":{"type":"LineString","coordinates":[[77.5872234,12.9810335],[77.5871844,12.9810549]]}},{"type":"Feature","properties":{"highway":"service","access":"permissive","oneway":"no","sourceWay":"1095905533","sourceSegment":6,"sourceNodes":["10036422072","10036422073"],"sourceFractions":[0.0,1.0]},"geometry":{"type":"LineString","coordinates":[[77.5871844,12.9810549],[77.5871381,12.9810644]]}},{"type":"Feature","properties":{"highway":"service","access":"permissive","oneway":"no","sourceWay":"1095905533","sourceSegment":7,"sourceNodes":["10036422073","10036422074"],"sourceFractions":[-0.0,1.0]},"geometry":{"type":"LineString","coordinates":[[77.5871381,12.9810644],[77.5870747,12.981043]]}},{"type":"Feature","properties":{"highway":"service","access":"permissive","oneway":"no","sourceWay":"1095905533","sourceSegment":8,"sourceNodes":["10036422074","10036422075"],"sourceFractions":[-0.0,1.0]},"geometry":{"type":"LineString","coordinates":[[77.5870747,12.981043],[77.5870235,12.9809836]]}},{"type":"Feature","properties":{"highway":"service","access":"permissive","oneway":"no","sourceWay":"1095905534","sourceSegment":0,"sourceNodes":["10036422066","10036422076"],"sourceFractions":[0.0,1.0]},"geometry":{"type":"LineString","coordinates":[[77.5876296,12.9810052],[77.5876891,12.9808791]]}},{"type":"Feature","properties":{"highway":"service","access":"permissive","oneway":"no","sourceWay":"1095905534","sourceSegment":1,"sourceNodes":["10036422076","10036422077"],"sourceFractions":[0.0,1.0]},"geometry":{"type":"LineString","coordinates":[[77.5876891,12.9808791],[77.5877842,12.9808196]]}},{"type":"Feature","properties":{"highway":"service","access":"permissive","oneway":"no","sourceWay":"1095905534","sourceSegment":2,"sourceNodes":["10036422077","10036422078"],"sourceFractions":[0.0,1.0]},"geometry":{"type":"LineString","coordinates":[[77.5877842,12.9808196],[77.5878842,12.9807721]]}},{"type":"Feature","properties":{"highway":"service","access":"permissive","oneway":"no","sourceWay":"1095905534","sourceSegment":3,"sourceNodes":["10036422078","12538083615"],"sourceFractions":[0.0,1.0]},"geometry":{"type":"LineString","coordinates":[[77.5878842,12.9807721],[77.5879008,12.9807531]]}},{"type":"Feature","properties":{"highway":"service","access":"permissive","oneway":"no","sourceWay":"1095905534","sourceSegment":4,"sourceNodes":["12538083615","10036422079"],"sourceFractions":[0.0,1.0]},"geometry":{"type":"LineString","coordinates":[[77.5879008,12.9807531],[77.5879257,12.9807246]]}},{"type":"Feature","properties":{"highway":"service","access":"permissive","oneway":"no","sourceWay":"1095905534","sourceSegment":5,"sourceNodes":["10036422079","10036422080"],"sourceFractions":[-0.0,1.0]},"geometry":{"type":"LineString","coordinates":[[77.5879257,12.9807246],[77.5878964,12.9806343]]}},{"type":"Feature","properties":{"highway":"service","access":"permissive","oneway":"no","sourceWay":"1095905534","sourceSegment":6,"sourceNodes":["10036422080","10036422081"],"sourceFractions":[-0.0,1.0]},"geometry":{"type":"LineString","coordinates":[[77.5878964,12.9806343],[77.587833,12.9804228]]}},{"type":"Feature","properties":{"highway":"service","access":"permissive","oneway":"no","sourceWay":"1095905534","sourceSegment":7,"sourceNodes":["10036422081","10036422082"],"sourceFractions":[-0.0,1.0]},"geometry":{"type":"LineString","coordinates":[[77.587833,12.9804228],[77.587794,12.9803943]]}},{"type":"Feature","properties":{"highway":"service","access":"permissive","oneway":"no","sourceWay":"1095905534","sourceSegment":8,"sourceNodes":["10036422082","10036422083"],"sourceFractions":[-0.0,1.0]},"geometry":{"type":"LineString","coordinates":[[77.587794,12.9803943],[77.5877208,12.9803729]]}},{"type":"Feature","properties":{"highway":"service","access":"permissive","oneway":"no","sourceWay":"1095905534","sourceSegment":9,"sourceNodes":["10036422083","10036422084"],"sourceFractions":[0.0,1.0]},"geometry":{"type":"LineString","coordinates":[[77.5877208,12.9803729],[77.5875965,12.9804038]]}},{"type":"Feature","properties":{"highway":"service","access":"permissive","oneway":"no","sourceWay":"1095905534","sourceSegment":10,"sourceNodes":["10036422084","10036422085"],"sourceFractions":[0.0,1.0]},"geometry":{"type":"LineString","coordinates":[[77.5875965,12.9804038],[77.5874307,12.9804466]]}},{"type":"Feature","properties":{"highway":"service","access":"permissive","oneway":"no","sourceWay":"1095905535","sourceSegment":0,"sourceNodes":["10036422086","10036422087"],"sourceFractions":[0.0,1.0]},"geometry":{"type":"LineString","coordinates":[[77.5871404,12.9798242],[77.5874262,12.9797301]]}},{"type":"Feature","properties":{"highway":"service","access":"permissive","oneway":"no","sourceWay":"1095905535","sourceSegment":1,"sourceNodes":["10036422087","10036422088"],"sourceFractions":[0.0,1.0]},"geometry":{"type":"LineString","coordinates":[[77.5874262,12.9797301],[77.5874569,12.9798482]]}},{"type":"Feature","properties":{"highway":"service","access":"permissive","oneway":"no","sourceWay":"1095905535","sourceSegment":2,"sourceNodes":["10036422088","10036422089"],"sourceFractions":[0.0,1.0]},"geometry":{"type":"LineString","coordinates":[[77.5874569,12.9798482],[77.5875091,12.97995]]}},{"type":"Feature","properties":{"highway":"service","access":"permissive","oneway":"no","sourceWay":"1095905535","sourceSegment":3,"sourceNodes":["10036422089","10036422090"],"sourceFractions":[0.0,1.0]},"geometry":{"type":"LineString","coordinates":[[77.5875091,12.97995],[77.5875734,12.980036]]}},{"type":"Feature","properties":{"highway":"service","access":"permissive","oneway":"no","sourceWay":"1095905535","sourceSegment":4,"sourceNodes":["10036422090","10036422091"],"sourceFractions":[0.0,1.0]},"geometry":{"type":"LineString","coordinates":[[77.5875734,12.980036],[77.5876141,12.9800755]]}},{"type":"Feature","properties":{"highway":"service","access":"permissive","oneway":"no","sourceWay":"1095905535","sourceSegment":5,"sourceNodes":["10036422091","11769490851"],"sourceFractions":[0.0,1.0]},"geometry":{"type":"LineString","coordinates":[[77.5876141,12.9800755],[77.5876477,12.9800567]]}},{"type":"Feature","properties":{"highway":"service","access":"permissive","oneway":"no","sourceWay":"1095905535","sourceSegment":6,"sourceNodes":["11769490851","10036422092"],"sourceFractions":[0.0,1.0]},"geometry":{"type":"LineString","coordinates":[[77.5876477,12.9800567],[77.5877153,12.9800189]]}},{"type":"Feature","properties":{"highway":"service","oneway":"no","sourceWay":"1096187524","sourceSegment":0,"sourceNodes":["10978625241","10038553706"],"sourceFractions":[0.0,1.0]},"geometry":{"type":"LineString","coordinates":[[77.5877143,12.9767828],[77.5877437,12.9767142]]}},{"type":"Feature","properties":{"highway":"service","oneway":"no","sourceWay":"1096187524","sourceSegment":1,"sourceNodes":["10038553706","10038553707"],"sourceFractions":[0.0,0.6490571602358769]},"geometry":{"type":"LineString","coordinates":[[77.5877437,12.9767142],[77.58784242159408,12.976496765851321]]}},{"type":"Feature","properties":{"highway":"service","oneway":"no","sourceWay":"1096187525","sourceSegment":0,"sourceNodes":["10038553713","11760270675"],"sourceFractions":[0.0,1.0]},"geometry":{"type":"LineString","coordinates":[[77.5879534,12.9766453],[77.5884641,12.9769094]]}},{"type":"Feature","properties":{"highway":"service","oneway":"no","sourceWay":"1096187525","sourceSegment":1,"sourceNodes":["11760270675","10038553714"],"sourceFractions":[0.0,1.0]},"geometry":{"type":"LineString","coordinates":[[77.5884641,12.9769094],[77.588508,12.9769321]]}},{"type":"Feature","properties":{"highway":"residential","oneway":"no","sourceWay":"1096187527","sourceSegment":0,"sourceNodes":["10038561218","11760270678"],"sourceFractions":[-0.0,1.0]},"geometry":{"type":"LineString","coordinates":[[77.5880384,12.9778357],[77.5879897,12.9778172]]}},{"type":"Feature","properties":{"highway":"residential","oneway":"no","sourceWay":"1096187527","sourceSegment":1,"sourceNodes":["11760270678","10038561219"],"sourceFractions":[-0.0,1.0]},"geometry":{"type":"LineString","coordinates":[[77.5879897,12.9778172],[77.5876622,12.977693]]}},{"type":"Feature","properties":{"highway":"service","access":"permissive","oneway":"no","sourceWay":"1096187566","sourceSegment":0,"sourceNodes":["10038561354","10038561355"],"sourceFractions":[0.2575371388754395,1.0]},"geometry":{"type":"LineString","coordinates":[[77.59226688229698,12.983944170306977],[77.5920829,12.9834955]]}},{"type":"Feature","properties":{"highway":"unclassified","oneway":"no","sourceWay":"1096795621","sourceSegment":0,"sourceNodes":["3307285315","10016225587"],"sourceFractions":[0.0,1.0]},"geometry":{"type":"LineString","coordinates":[[77.5938836,12.9807702],[77.5938469,12.9808053]]}},{"type":"Feature","properties":{"highway":"unclassified","oneway":"no","sourceWay":"1096795621","sourceSegment":1,"sourceNodes":["10016225587","661987313"],"sourceFractions":[0.0,1.0]},"geometry":{"type":"LineString","coordinates":[[77.5938469,12.9808053],[77.5938062,12.9808467]]}},{"type":"Feature","properties":{"highway":"primary","oneway":"yes","sourceWay":"1109946344","sourceSegment":2,"sourceNodes":["10978687876","3728796366"],"sourceFractions":[0.6846333781690306,1.0]},"geometry":{"type":"LineString","coordinates":[[77.58804915019876,12.976331294600046],[77.5882279,12.9764254]]}},{"type":"Feature","properties":{"highway":"primary","oneway":"yes","sourceWay":"1109946344","sourceSegment":3,"sourceNodes":["3728796366","10038553695"],"sourceFractions":[0.0,1.0]},"geometry":{"type":"LineString","coordinates":[[77.5882279,12.9764254],[77.5883107,12.9764689]]}},{"type":"Feature","properties":{"highway":"primary","oneway":"yes","sourceWay":"1109946345","sourceSegment":0,"sourceNodes":["663196284","11769497932"],"sourceFractions":[0.0,1.0]},"geometry":{"type":"LineString","coordinates":[[77.5886556,12.9766504],[77.5886738,12.9766592]]}},{"type":"Feature","properties":{"highway":"primary","oneway":"yes","sourceWay":"1109946345","sourceSegment":1,"sourceNodes":["11769497932","3461275975"],"sourceFractions":[0.0,1.0]},"geometry":{"type":"LineString","coordinates":[[77.5886738,12.9766592],[77.5892519,12.9769382]]}},{"type":"Feature","properties":{"highway":"primary","oneway":"yes","sourceWay":"1109946346","sourceSegment":0,"sourceNodes":["294081916","11769497931"],"sourceFractions":[-0.0,1.0]},"geometry":{"type":"LineString","coordinates":[[77.5887427,12.9765662],[77.5887276,12.9765592]]}},{"type":"Feature","properties":{"highway":"primary","oneway":"yes","sourceWay":"1109946346","sourceSegment":1,"sourceNodes":["11769497931","10038553715"],"sourceFractions":[-0.0,1.0]},"geometry":{"type":"LineString","coordinates":[[77.5887276,12.9765592],[77.5884398,12.9764248]]}},{"type":"Feature","properties":{"highway":"primary","oneway":"yes","sourceWay":"1109946347","sourceSegment":0,"sourceNodes":["10038553715","10038553694"],"sourceFractions":[-0.0,1.0]},"geometry":{"type":"LineString","coordinates":[[77.5884398,12.9764248],[77.5883481,12.9763826]]}},{"type":"Feature","properties":{"highway":"secondary","oneway":"yes","sourceWay":"1148406432","sourceSegment":5,"sourceNodes":["12697912264","2190851958"],"sourceFractions":[0.8958506046857818,1.0]},"geometry":{"type":"LineString","coordinates":[[77.58724753942138,12.982489613739581],[77.587234,12.9824594]]}},{"type":"Feature","properties":{"highway":"secondary","oneway":"yes","sourceWay":"1148406432","sourceSegment":6,"sourceNodes":["2190851958","12143428817"],"sourceFractions":[-0.0,1.0]},"geometry":{"type":"LineString","coordinates":[[77.587234,12.9824594],[77.5871755,12.9823387]]}},{"type":"Feature","properties":{"highway":"secondary","oneway":"yes","sourceWay":"1148406432","sourceSegment":7,"sourceNodes":["12143428817","12143428816"],"sourceFractions":[-0.0,1.0]},"geometry":{"type":"LineString","coordinates":[[77.5871755,12.9823387],[77.587017,12.982126]]}},{"type":"Feature","properties":{"highway":"secondary","oneway":"yes","sourceWay":"1148406432","sourceSegment":8,"sourceNodes":["12143428816","12138994486"],"sourceFractions":[-0.0,1.0]},"geometry":{"type":"LineString","coordinates":[[77.587017,12.982126],[77.5868178,12.9818126]]}},{"type":"Feature","properties":{"highway":"secondary","oneway":"yes","sourceWay":"1148406432","sourceSegment":9,"sourceNodes":["12138994486","12114002202"],"sourceFractions":[-0.0,1.0]},"geometry":{"type":"LineString","coordinates":[[77.5868178,12.9818126],[77.5867906,12.9817685]]}},{"type":"Feature","properties":{"highway":"secondary","oneway":"yes","sourceWay":"1148406432","sourceSegment":10,"sourceNodes":["12114002202","12673061019"],"sourceFractions":[-0.0,0.969890748915693]},"geometry":{"type":"LineString","coordinates":[[77.5867906,12.9817685],[77.58674763383982,12.981703711297973]]}},{"type":"Feature","properties":{"highway":"primary","oneway":"yes","sourceWay":"1148408385","sourceSegment":0,"sourceNodes":["263155937","2382044454"],"sourceFractions":[0.09540558837647749,1.0]},"geometry":{"type":"LineString","coordinates":[[77.59476923827148,12.981863321521418],[77.5946416,12.9819024]]}},{"type":"Feature","properties":{"highway":"service","access":"permissive","oneway":"no","sourceWay":"1182200630","sourceSegment":0,"sourceNodes":["7436489828","10036422058"],"sourceFractions":[0.0,0.23086007240394513]},"geometry":{"type":"LineString","coordinates":[[77.5864112,12.9803941],[77.58634715941592,12.980424365755493]]}},{"type":"Feature","properties":{"highway":"primary","oneway":"yes","sourceWay":"1193542609","sourceSegment":0,"sourceNodes":["10038553695","663196284"],"sourceFractions":[0.0,1.0]},"geometry":{"type":"LineString","coordinates":[[77.5883107,12.9764689],[77.5886556,12.9766504]]}},{"type":"Feature","properties":{"highway":"service","access":"permissive","oneway":"no","sourceWay":"1227532010","sourceSegment":0,"sourceNodes":["461765504","461765506"],"sourceFractions":[0.0,0.29227811176183016]},"geometry":{"type":"LineString","coordinates":[[77.5890852,12.9837862],[77.58900695714948,12.983820513450322]]}},{"type":"Feature","properties":{"highway":"primary","oneway":"yes","sourceWay":"1249434050","sourceSegment":0,"sourceNodes":["3461275975","3728796365"],"sourceFractions":[0.0,1.0]},"geometry":{"type":"LineString","coordinates":[[77.5892519,12.9769382],[77.5897142,12.9771807]]}},{"type":"Feature","properties":{"highway":"primary","oneway":"yes","sourceWay":"1249434050","sourceSegment":1,"sourceNodes":["3728796365","10036422110"],"sourceFractions":[0.0,1.0]},"geometry":{"type":"LineString","coordinates":[[77.5897142,12.9771807],[77.590013,12.9773381]]}},{"type":"Feature","properties":{"highway":"primary","oneway":"yes","sourceWay":"1249434050","sourceSegment":2,"sourceNodes":["10036422110","2189595234"],"sourceFractions":[0.0,1.0]},"geometry":{"type":"LineString","coordinates":[[77.590013,12.9773381],[77.5901573,12.9774136]]}},{"type":"Feature","properties":{"highway":"primary","oneway":"yes","sourceWay":"1249434050","sourceSegment":3,"sourceNodes":["2189595234","3665554487"],"sourceFractions":[0.0,1.0]},"geometry":{"type":"LineString","coordinates":[[77.5901573,12.9774136],[77.5903391,12.9775082]]}},{"type":"Feature","properties":{"highway":"primary","oneway":"yes","sourceWay":"1249434050","sourceSegment":4,"sourceNodes":["3665554487","1726152644"],"sourceFractions":[0.0,1.0]},"geometry":{"type":"LineString","coordinates":[[77.5903391,12.9775082],[77.590487,12.9775854]]}},{"type":"Feature","properties":{"highway":"primary","oneway":"yes","sourceWay":"1249434050","sourceSegment":5,"sourceNodes":["1726152644","11011660281"],"sourceFractions":[0.0,1.0]},"geometry":{"type":"LineString","coordinates":[[77.590487,12.9775854],[77.5905328,12.9776128]]}},{"type":"Feature","properties":{"highway":"primary","oneway":"yes","sourceWay":"1249434050","sourceSegment":6,"sourceNodes":["11011660281","3665554474"],"sourceFractions":[0.0,1.0]},"geometry":{"type":"LineString","coordinates":[[77.5905328,12.9776128],[77.5906434,12.9777094]]}},{"type":"Feature","properties":{"highway":"primary","oneway":"yes","sourceWay":"1249434050","sourceSegment":7,"sourceNodes":["3665554474","11854682487"],"sourceFractions":[0.0,1.0]},"geometry":{"type":"LineString","coordinates":[[77.5906434,12.9777094],[77.590681,12.9777693]]}},{"type":"Feature","properties":{"highway":"primary","oneway":"yes","sourceWay":"1249434050","sourceSegment":8,"sourceNodes":["11854682487","12462395647"],"sourceFractions":[0.0,1.0]},"geometry":{"type":"LineString","coordinates":[[77.590681,12.9777693],[77.5907101,12.9778101]]}},{"type":"Feature","properties":{"highway":"primary","oneway":"yes","sourceWay":"1249434050","sourceSegment":9,"sourceNodes":["12462395647","10121296057"],"sourceFractions":[0.0,1.0]},"geometry":{"type":"LineString","coordinates":[[77.5907101,12.9778101],[77.5907355,12.9778457]]}},{"type":"Feature","properties":{"highway":"tertiary","oneway":"no","sourceWay":"1267185541","sourceSegment":0,"sourceNodes":["3461288201","13074467490"],"sourceFractions":[-0.0,1.0]},"geometry":{"type":"LineString","coordinates":[[77.5886226,12.9827346],[77.5886066,12.9824045]]}},{"type":"Feature","properties":{"highway":"tertiary","oneway":"no","sourceWay":"1267185541","sourceSegment":1,"sourceNodes":["13074467490","11769490840"],"sourceFractions":[-0.0,1.0]},"geometry":{"type":"LineString","coordinates":[[77.5886066,12.9824045],[77.5886001,12.9822703]]}},{"type":"Feature","properties":{"highway":"tertiary","oneway":"no","sourceWay":"1267185541","sourceSegment":2,"sourceNodes":["11769490840","10036422020"],"sourceFractions":[-0.0,1.0]},"geometry":{"type":"LineString","coordinates":[[77.5886001,12.9822703],[77.5885967,12.9822019]]}},{"type":"Feature","properties":{"highway":"tertiary","oneway":"no","sourceWay":"1267185541","sourceSegment":3,"sourceNodes":["10036422020","3461288196"],"sourceFractions":[-0.0,1.0]},"geometry":{"type":"LineString","coordinates":[[77.5885967,12.9822019],[77.5885515,12.9817666]]}},{"type":"Feature","properties":{"highway":"tertiary","oneway":"yes","sourceWay":"1267185542","sourceSegment":0,"sourceNodes":["3461288201","11769490828"],"sourceFractions":[0.0,1.0]},"geometry":{"type":"LineString","coordinates":[[77.5886226,12.9827346],[77.588583,12.9829504]]}},{"type":"Feature","properties":{"highway":"tertiary","oneway":"yes","sourceWay":"1267185542","sourceSegment":1,"sourceNodes":["11769490828","11769490825"],"sourceFractions":[0.0,1.0]},"geometry":{"type":"LineString","coordinates":[[77.588583,12.9829504],[77.5885695,12.9831502]]}},{"type":"Feature","properties":{"highway":"tertiary","oneway":"yes","sourceWay":"1267185542","sourceSegment":2,"sourceNodes":["11769490825","11769490830"],"sourceFractions":[0.0,1.0]},"geometry":{"type":"LineString","coordinates":[[77.5885695,12.9831502],[77.5885131,12.9834819]]}},{"type":"Feature","properties":{"highway":"tertiary","oneway":"yes","sourceWay":"1267185542","sourceSegment":3,"sourceNodes":["11769490830","11769490831"],"sourceFractions":[0.0,0.16097493669837953]},"geometry":{"type":"LineString","coordinates":[[77.5885131,12.9834819],[77.58849465227226,12.98356441575255]]}},{"type":"Feature","properties":{"highway":"unclassified","oneway":"no","sourceWay":"1272457058","sourceSegment":0,"sourceNodes":["661987316","2561222831"],"sourceFractions":[0.0,1.0]},"geometry":{"type":"LineString","coordinates":[[77.5943662,12.9802826],[77.5939754,12.9806825]]}},{"type":"Feature","properties":{"highway":"unclassified","oneway":"no","sourceWay":"1272457058","sourceSegment":1,"sourceNodes":["2561222831","3307285315"],"sourceFractions":[0.0,1.0]},"geometry":{"type":"LineString","coordinates":[[77.5939754,12.9806825],[77.5938836,12.9807702]]}},{"type":"Feature","properties":{"highway":"primary_link","oneway":"yes","sourceWay":"1276833545","sourceSegment":0,"sourceNodes":["3755973278","11854384388"],"sourceFractions":[0.0,1.0]},"geometry":{"type":"LineString","coordinates":[[77.5937569,12.9809989],[77.5938628,12.9809105]]}},{"type":"Feature","properties":{"highway":"primary_link","oneway":"yes","sourceWay":"1276833546","sourceSegment":0,"sourceNodes":["11854384389","11854384390"],"sourceFractions":[0.0,1.0]},"geometry":{"type":"LineString","coordinates":[[77.5937543,12.9807902],[77.5936452,12.9808836]]}},{"type":"Feature","properties":{"highway":"service","access":"permissive","oneway":"no","sourceWay":"1296036865","sourceSegment":0,"sourceNodes":["10036418004","10036418010"],"sourceFractions":[0.0,1.0]},"geometry":{"type":"LineString","coordinates":[[77.5890411,12.9832992],[77.5892316,12.9831983]]}},{"type":"Feature","properties":{"highway":"service","access":"permissive","oneway":"no","sourceWay":"1296036865","sourceSegment":1,"sourceNodes":["10036418010","10036418006"],"sourceFractions":[0.0,1.0]},"geometry":{"type":"LineString","coordinates":[[77.5892316,12.9831983],[77.5895968,12.9829999]]}},{"type":"Feature","properties":{"highway":"service","access":"permissive","oneway":"no","sourceWay":"1296036866","sourceSegment":0,"sourceNodes":["10036418006","10036418007"],"sourceFractions":[-0.0,1.0]},"geometry":{"type":"LineString","coordinates":[[77.5895968,12.9829999],[77.5895961,12.9829636]]}},{"type":"Feature","properties":{"highway":"service","access":"permissive","oneway":"no","sourceWay":"1296036867","sourceSegment":0,"sourceNodes":["12009461861","12009461860"],"sourceFractions":[0.0,1.0]},"geometry":{"type":"LineString","coordinates":[[77.5895337,12.9829476],[77.589034,12.9832131]]}},{"type":"Feature","properties":{"highway":"service","access":"permissive","oneway":"no","sourceWay":"1296036867","sourceSegment":1,"sourceNodes":["12009461860","12009461859"],"sourceFractions":[0.0,1.0]},"geometry":{"type":"LineString","coordinates":[[77.589034,12.9832131],[77.5890259,12.983247]]}},{"type":"Feature","properties":{"highway":"service","access":"permissive","oneway":"no","sourceWay":"1296036867","sourceSegment":2,"sourceNodes":["12009461859","10036418004"],"sourceFractions":[0.0,1.0]},"geometry":{"type":"LineString","coordinates":[[77.5890259,12.983247],[77.5890411,12.9832992]]}},{"type":"Feature","properties":{"highway":"primary_link","oneway":"yes","sourceWay":"1312433830","sourceSegment":0,"sourceNodes":["12147813613","12147813612"],"sourceFractions":[0.0,1.0]},"geometry":{"type":"LineString","coordinates":[[77.5943719,12.9816383],[77.5943924,12.9817331]]}},{"type":"Feature","properties":{"highway":"primary_link","oneway":"yes","sourceWay":"1312433830","sourceSegment":1,"sourceNodes":["12147813612","12147813611"],"sourceFractions":[0.0,1.0]},"geometry":{"type":"LineString","coordinates":[[77.5943924,12.9817331],[77.5944745,12.9818252]]}},{"type":"Feature","properties":{"highway":"primary_link","oneway":"yes","sourceWay":"1312433830","sourceSegment":2,"sourceNodes":["12147813611","12147813610"],"sourceFractions":[0.0,1.0]},"geometry":{"type":"LineString","coordinates":[[77.5944745,12.9818252],[77.594483,12.9818479]]}},{"type":"Feature","properties":{"highway":"primary_link","oneway":"yes","sourceWay":"1312433830","sourceSegment":3,"sourceNodes":["12147813610","12147862886"],"sourceFractions":[0.0,1.0]},"geometry":{"type":"LineString","coordinates":[[77.594483,12.9818479],[77.5944809,12.9818621]]}},{"type":"Feature","properties":{"highway":"primary_link","oneway":"yes","sourceWay":"1312433830","sourceSegment":4,"sourceNodes":["12147862886","12147813609"],"sourceFractions":[0.0,1.0]},"geometry":{"type":"LineString","coordinates":[[77.5944809,12.9818621],[77.5944792,12.9818736]]}},{"type":"Feature","properties":{"highway":"primary_link","oneway":"yes","sourceWay":"1312433830","sourceSegment":5,"sourceNodes":["12147813609","12147813608"],"sourceFractions":[0.0,1.0]},"geometry":{"type":"LineString","coordinates":[[77.5944792,12.9818736],[77.5944261,12.981969]]}},{"type":"Feature","properties":{"highway":"service","oneway":"yes","sourceWay":"1312752597","sourceSegment":0,"sourceNodes":["12151117037","12151117038"],"sourceFractions":[-0.0,1.0]},"geometry":{"type":"LineString","coordinates":[[77.5892717,12.9768374],[77.5892601,12.9768015]]}},{"type":"Feature","properties":{"highway":"service","oneway":"yes","sourceWay":"1312752597","sourceSegment":1,"sourceNodes":["12151117038","12151117036"],"sourceFractions":[-0.0,1.0]},"geometry":{"type":"LineString","coordinates":[[77.5892601,12.9768015],[77.5892525,12.9767772]]}},{"type":"Feature","properties":{"highway":"service","oneway":"yes","sourceWay":"1312752597","sourceSegment":2,"sourceNodes":["12151117036","12691218956"],"sourceFractions":[-0.0,1.0]},"geometry":{"type":"LineString","coordinates":[[77.5892525,12.9767772],[77.5892374,12.9767568]]}},{"type":"Feature","properties":{"highway":"service","oneway":"yes","sourceWay":"1312752597","sourceSegment":3,"sourceNodes":["12691218956","12151117035"],"sourceFractions":[-0.0,1.0]},"geometry":{"type":"LineString","coordinates":[[77.5892374,12.9767568],[77.5892235,12.9767381]]}},{"type":"Feature","properties":{"highway":"service","oneway":"yes","sourceWay":"1313480212","sourceSegment":0,"sourceNodes":["12157630111","12157630112"],"sourceFractions":[0.0,1.0]},"geometry":{"type":"LineString","coordinates":[[77.594202,12.9820384],[77.5942164,12.982091]]}},{"type":"Feature","properties":{"highway":"service","oneway":"yes","sourceWay":"1313480212","sourceSegment":1,"sourceNodes":["12157630112","12157630113"],"sourceFractions":[0.0,1.0]},"geometry":{"type":"LineString","coordinates":[[77.5942164,12.982091],[77.594223,12.9821189]]}},{"type":"Feature","properties":{"highway":"service","oneway":"yes","sourceWay":"1313480212","sourceSegment":2,"sourceNodes":["12157630113","12157630123"],"sourceFractions":[0.0,1.0]},"geometry":{"type":"LineString","coordinates":[[77.594223,12.9821189],[77.5942382,12.9821874]]}},{"type":"Feature","properties":{"highway":"service","oneway":"yes","sourceWay":"1313480212","sourceSegment":3,"sourceNodes":["12157630123","12157630114"],"sourceFractions":[0.0,1.0]},"geometry":{"type":"LineString","coordinates":[[77.5942382,12.9821874],[77.5942391,12.9822279]]}},{"type":"Feature","properties":{"highway":"service","oneway":"yes","sourceWay":"1313480212","sourceSegment":4,"sourceNodes":["12157630114","12157630115"],"sourceFractions":[0.0,1.0]},"geometry":{"type":"LineString","coordinates":[[77.5942391,12.9822279],[77.594214,12.9822674]]}},{"type":"Feature","properties":{"highway":"service","oneway":"yes","sourceWay":"1313480212","sourceSegment":5,"sourceNodes":["12157630115","12157630116"],"sourceFractions":[0.0,1.0]},"geometry":{"type":"LineString","coordinates":[[77.594214,12.9822674],[77.5941318,12.9822922]]}},{"type":"Feature","properties":{"highway":"service","oneway":"yes","sourceWay":"1313480212","sourceSegment":6,"sourceNodes":["12157630116","12157630117"],"sourceFractions":[-0.0,1.0]},"geometry":{"type":"LineString","coordinates":[[77.5941318,12.9822922],[77.5940948,12.9822877]]}},{"type":"Feature","properties":{"highway":"service","oneway":"yes","sourceWay":"1313480212","sourceSegment":7,"sourceNodes":["12157630117","12157630118"],"sourceFractions":[-0.0,1.0]},"geometry":{"type":"LineString","coordinates":[[77.5940948,12.9822877],[77.5940741,12.9822694]]}},{"type":"Feature","properties":{"highway":"service","oneway":"yes","sourceWay":"1313480212","sourceSegment":8,"sourceNodes":["12157630118","12157630122"],"sourceFractions":[-0.0,1.0]},"geometry":{"type":"LineString","coordinates":[[77.5940741,12.9822694],[77.5940532,12.9822282]]}},{"type":"Feature","properties":{"highway":"service","oneway":"yes","sourceWay":"1313480212","sourceSegment":9,"sourceNodes":["12157630122","12157630119"],"sourceFractions":[-0.0,1.0]},"geometry":{"type":"LineString","coordinates":[[77.5940532,12.9822282],[77.5940305,12.9821774]]}},{"type":"Feature","properties":{"highway":"service","oneway":"yes","sourceWay":"1313480212","sourceSegment":10,"sourceNodes":["12157630119","12157630120"],"sourceFractions":[-0.0,1.0]},"geometry":{"type":"LineString","coordinates":[[77.5940305,12.9821774],[77.5940202,12.9821479]]}},{"type":"Feature","properties":{"highway":"service","oneway":"yes","sourceWay":"1313480212","sourceSegment":11,"sourceNodes":["12157630120","12157630121"],"sourceFractions":[-0.0,1.0]},"geometry":{"type":"LineString","coordinates":[[77.5940202,12.9821479],[77.5940034,12.9820998]]}},{"type":"Feature","properties":{"highway":"service","oneway":"no","sourceWay":"1314561025","sourceSegment":1,"sourceNodes":["12167450563","12167450564"],"sourceFractions":[0.44547998983556303,1.0]},"geometry":{"type":"LineString","coordinates":[[77.59424573457599,12.982618373996582],[77.5942464,12.9825866]]}},{"type":"Feature","properties":{"highway":"service","oneway":"no","sourceWay":"1314561025","sourceSegment":2,"sourceNodes":["12167450564","12167450565"],"sourceFractions":[0.0,1.0]},"geometry":{"type":"LineString","coordinates":[[77.5942464,12.9825866],[77.594284,12.9825396]]}},{"type":"Feature","properties":{"highway":"service","oneway":"no","sourceWay":"1314561025","sourceSegment":3,"sourceNodes":["12167450565","12167450566"],"sourceFractions":[0.0,0.47529851781452903]},"geometry":{"type":"LineString","coordinates":[[77.594284,12.9825396],[77.59432316459787,12.98252595893254]]}},{"type":"Feature","properties":{"highway":"service","oneway":"no","sourceWay":"1314561025","sourceSegment":4,"sourceNodes":["12167450566","12167450567"],"sourceFractions":[0.07213346309652875,1.0]},"geometry":{"type":"LineString","coordinates":[[77.59435876106626,12.982481693160791],[77.5942605,12.982106]]}},{"type":"Feature","properties":{"highway":"service","oneway":"no","sourceWay":"1314561025","sourceSegment":5,"sourceNodes":["12167450567","12167450568"],"sourceFractions":[-0.0,1.0]},"geometry":{"type":"LineString","coordinates":[[77.5942605,12.982106],[77.59424,12.9820266]]}},{"type":"Feature","properties":{"highway":"service","access":"permissive","oneway":"yes","sourceWay":"1315881699","sourceSegment":0,"sourceNodes":["663311722","3956146213"],"sourceFractions":[0.0,1.0]},"geometry":{"type":"LineString","coordinates":[[77.5896102,12.9766002],[77.5893637,12.9767165]]}},{"type":"Feature","properties":{"highway":"service","access":"permissive","oneway":"yes","sourceWay":"1315881699","sourceSegment":1,"sourceNodes":["3956146213","12179846006"],"sourceFractions":[0.0,1.0]},"geometry":{"type":"LineString","coordinates":[[77.5893637,12.9767165],[77.5892857,12.976766]]}},{"type":"Feature","properties":{"highway":"primary","oneway":"yes","sourceWay":"1321561533","sourceSegment":0,"sourceNodes":["11675668171","10016225575"],"sourceFractions":[0.0,1.0]},"geometry":{"type":"LineString","coordinates":[[77.5923266,12.9831186],[77.592341,12.9831551]]}},{"type":"Feature","properties":{"highway":"tertiary","oneway":"yes","sourceWay":"1368389074","sourceSegment":0,"sourceNodes":["12704069721","12673061020"],"sourceFractions":[0.0,1.0]},"geometry":{"type":"LineString","coordinates":[[77.5867929,12.9816845],[77.5868272,12.9816748]]}},{"type":"Feature","properties":{"highway":"tertiary","oneway":"yes","sourceWay":"1368389074","sourceSegment":1,"sourceNodes":["12673061020","12673061018"],"sourceFractions":[0.0,1.0]},"geometry":{"type":"LineString","coordinates":[[77.5868272,12.9816748],[77.5869426,12.9816351]]}},{"type":"Feature","properties":{"highway":"tertiary","oneway":"yes","sourceWay":"1368389074","sourceSegment":2,"sourceNodes":["12673061018","12673061017"],"sourceFractions":[0.0,1.0]},"geometry":{"type":"LineString","coordinates":[[77.5869426,12.9816351],[77.5869807,12.9815812]]}},{"type":"Feature","properties":{"highway":"tertiary","oneway":"yes","sourceWay":"1368389075","sourceSegment":0,"sourceNodes":["12673061017","12673061016"],"sourceFractions":[0.0,1.0]},"geometry":{"type":"LineString","coordinates":[[77.5869807,12.9815812],[77.5869129,12.9815817]]}},{"type":"Feature","properties":{"highway":"tertiary","oneway":"yes","sourceWay":"1368389075","sourceSegment":1,"sourceNodes":["12673061016","10082185841"],"sourceFractions":[0.0,1.0]},"geometry":{"type":"LineString","coordinates":[[77.5869129,12.9815817],[77.5867932,12.9816237]]}},{"type":"Feature","properties":{"highway":"tertiary","oneway":"yes","sourceWay":"1368389075","sourceSegment":2,"sourceNodes":["10082185841","12704069719"],"sourceFractions":[0.0,1.0]},"geometry":{"type":"LineString","coordinates":[[77.5867932,12.9816237],[77.5867783,12.9816307]]}},{"type":"Feature","properties":{"highway":"tertiary","oneway":"yes","sourceWay":"1368389075","sourceSegment":3,"sourceNodes":["12704069719","12704069722"],"sourceFractions":[0.0,1.0]},"geometry":{"type":"LineString","coordinates":[[77.5867783,12.9816307],[77.5867527,12.9816655]]}},{"type":"Feature","properties":{"highway":"tertiary","oneway":"yes","sourceWay":"1368389075","sourceSegment":4,"sourceNodes":["12704069722","12704069721"],"sourceFractions":[0.0,1.0]},"geometry":{"type":"LineString","coordinates":[[77.5867527,12.9816655],[77.5867929,12.9816845]]}},{"type":"Feature","properties":{"highway":"tertiary","oneway":"no","sourceWay":"1368389076","sourceSegment":2,"sourceNodes":["12704069723","12704069722"],"sourceFractions":[0.06720774121537755,1.0]},"geometry":{"type":"LineString","coordinates":[[77.58672900707663,12.981665593279226],[77.5867527,12.9816655]]}},{"type":"Feature","properties":{"highway":"service","oneway":"no","sourceWay":"1369499095","sourceSegment":0,"sourceNodes":["12683578901","12683578902"],"sourceFractions":[0.0,1.0]},"geometry":{"type":"LineString","coordinates":[[77.5925621,12.9837808],[77.5926176,12.9837631]]}},{"type":"Feature","properties":{"highway":"service","oneway":"no","sourceWay":"1369499095","sourceSegment":1,"sourceNodes":["12683578902","12683578909"],"sourceFractions":[0.0,1.0]},"geometry":{"type":"LineString","coordinates":[[77.5926176,12.9837631],[77.5926421,12.9837553]]}},{"type":"Feature","properties":{"highway":"primary","oneway":"yes","sourceWay":"1539996891","sourceSegment":0,"sourceNodes":["2382044454","10016225578"],"sourceFractions":[0.0,0.7281936793249204]},"geometry":{"type":"LineString","coordinates":[[77.5946416,12.9819024],[77.59470764716671,12.98197208813511]]}},{"type":"Feature","properties":{"highway":"primary","oneway":"yes","sourceWay":"1539996893","sourceSegment":0,"sourceNodes":["2382044454","14022040994"],"sourceFractions":[0.0,1.0]},"geometry":{"type":"LineString","coordinates":[[77.5946416,12.9819024],[77.5945556,12.981929]]}},{"type":"Feature","properties":{"highway":"primary","oneway":"yes","sourceWay":"1551219313","sourceSegment":0,"sourceNodes":["12462395646","11011660280"],"sourceFractions":[-0.0,1.0]},"geometry":{"type":"LineString","coordinates":[[77.5907834,12.9777042],[77.5905856,12.9775541]]}},{"type":"Feature","properties":{"highway":"primary","oneway":"yes","sourceWay":"1551219313","sourceSegment":1,"sourceNodes":["11011660280","10142035043"],"sourceFractions":[-0.0,1.0]},"geometry":{"type":"LineString","coordinates":[[77.5905856,12.9775541],[77.5902948,12.9773859]]}},{"type":"Feature","properties":{"highway":"primary","oneway":"yes","sourceWay":"1551219313","sourceSegment":2,"sourceNodes":["10142035043","7142097526"],"sourceFractions":[-0.0,1.0]},"geometry":{"type":"LineString","coordinates":[[77.5902948,12.9773859],[77.5899909,12.977223]]}},{"type":"Feature","properties":{"highway":"primary","oneway":"yes","sourceWay":"1551219313","sourceSegment":3,"sourceNodes":["7142097526","12151117037"],"sourceFractions":[-0.0,1.0]},"geometry":{"type":"LineString","coordinates":[[77.5899909,12.977223],[77.5892717,12.9768374]]}},{"type":"Feature","properties":{"highway":"primary","oneway":"yes","sourceWay":"1551219313","sourceSegment":4,"sourceNodes":["12151117037","9994551224"],"sourceFractions":[-0.0,1.0]},"geometry":{"type":"LineString","coordinates":[[77.5892717,12.9768374],[77.5892068,12.9768026]]}},{"type":"Feature","properties":{"highway":"primary","oneway":"yes","sourceWay":"1551219313","sourceSegment":5,"sourceNodes":["9994551224","294081916"],"sourceFractions":[-0.0,1.0]},"geometry":{"type":"LineString","coordinates":[[77.5892068,12.9768026],[77.5887427,12.9765662]]}}]}