{"type":"FeatureCollection","features":[{"type":"Feature","properties":{"id":0,"sourceSegments":27,"sourceLengthM":562.4877585872782,"smoothLengthM":566.9975301747522,"sourceWays":["1368389074","1368389075","338941361","338941365","358318638","38542543","52245576","763048421"],"maxSourceTurnDeg":124.98096081395833,"corridorOutsideGroundM2":227.95125545991456,"bodySamples":1134,"failedBodySamples":831,"maxBodyOutsideGroundM2":4.9308165141618385,"firstFailure":{"distanceAlongLoopM":0.0,"lngLat":[77.58844967361536,12.981027233910323],"bodyOutsideGroundM2":2.679505084554751},"failureRuns":[{"startDistanceM":0.0,"lngLat":[77.58844967361536,12.981027233910323],"nearestSourceWay":"38542543","nearestSourceSegment":0},{"startDistanceM":203.49911356360153,"lngLat":[77.58676483383475,12.981685727885608],"nearestSourceWay":"1368389075","nearestSourceSegment":4},{"startDistanceM":541.497641251549,"lngLat":[77.5886758016076,12.9809679591987],"nearestSourceWay":"358318638","nearestSourceSegment":0},{"startDistanceM":563.4975454205871,"lngLat":[77.5884787412089,12.981013526774628],"nearestSourceWay":"38542543","nearestSourceSegment":0}],"groundCorridorPass":false},"geometry":{"type":"LineString","coordinates":[[77.58844967361536,12.981027233910323],[77.58838059361535,12.981063273911987],[77.58837634373484,12.981065474609967],[77.58837208171755,12.981067648591994],[77.5883678075635,12.981069795858076],[77.58836352127268,12.981071916408206],[77.58835922284511,12.981074010242391],[77.58835491228076,12.981076077360628],[77.58835058957965,12.981078117762921],[77.58834625474177,12.981080131449268],[77.58834190776712,12.98108211841967],[77.58833754865569,12.981084078674126],[77.5883331774075,12.981086012212643],[77.58832879402256,12.981087919035216],[77.58832439850084,12.981089799141843],[77.58831999084236,12.981091652532534],[77.5883155710471,12.981093479207281],[77.58831113911509,12.981095279166087],[77.58830669504631,12.981097052408956],[77.58830223884075,12.981098798935882],[77.58829777049844,12.981100518746873],[77.58829329001935,12.981102211841927],[77.58828879740351,12.98110387822104],[77.58828429265088,12.981105517884217],[77.5882797757615,12.981107130831456],[77.58827524673535,12.981108717062762],[77.58805787582378,12.981184106198878],[77.5880527989818,12.981185828779447],[77.58804772213982,12.981187551360001],[77.58804264529785,12.981189273940549],[77.58803756845587,12.98119099652108],[77.5880324916139,12.981192719101603],[77.58802741477191,12.98119444168211],[77.58802233792994,12.98119616426261],[77.58801726108797,12.981197886843093],[77.58801218424598,12.981199609423568],[77.58800710740401,12.981201332004026],[77.58800203056204,12.981203054584478],[77.58799695372007,12.981204777164914],[77.58799187687808,12.981206499745339],[77.5879868000361,12.981208222325753],[77.58798172319413,12.981209944906155],[77.58797664635215,12.981211667486543],[77.58797156951017,12.981213390066923],[77.5879664926682,12.981215112647286],[77.58796141582623,12.981216835227642],[77.58795633898424,12.981218557807983],[77.58795126214227,12.981220280388312],[77.5879461853003,12.98122200296863],[77.58794110845831,12.981223725548938],[77.58793603161634,12.98122544812923],[77.5877946411512,12.98127236381491],[77.58778956959215,12.98127421038548],[77.58778449803307,12.981276056956034],[77.58777942647401,12.98127790352658],[77.58777435491494,12.981279750097107],[77.58776928335587,12.981281596667621],[77.58776421179681,12.981283443238121],[77.58775914023774,12.981285289808607],[77.58775406867866,12.981287136379084],[77.5877489971196,12.981288982949543],[77.58774392556053,12.98129082951999],[77.58773885400147,12.981292676090419],[77.5877337824424,12.98129452266084],[77.58772871088333,12.981296369231247],[77.58772363932427,12.981298215801639],[77.5877185677652,12.981300062372013],[77.58771349620612,12.981301908942376],[77.58770842464706,12.981303755512728],[77.58770335308799,12.981305602083065],[77.58769828152893,12.981307448653384],[77.58769320996986,12.981309295223694],[77.58768813841078,12.981311141793991],[77.58768306685172,12.981312988364273],[77.58767799529265,12.981314834934539],[77.58767292373358,12.981316681504794],[77.58723870362095,12.981489113225043],[77.58723384360319,12.98149103058294],[77.58722897577336,12.981492925868864],[77.58722410013145,12.981494799082816],[77.58721921667747,12.981496650224797],[77.58721432541141,12.981498479294808],[77.58720942633327,12.981500286292853],[77.58720451944308,12.981502071218928],[77.58719960474079,12.981503834073036],[77.58719468222644,12.981505574855174],[77.58718975190001,12.981507293565345],[77.58718481376151,12.981508990203551],[77.58717986781093,12.98151066476979],[77.58717491404828,12.98151231726406],[77.58716995247356,12.98151394768637],[77.58716498308677,12.981515556036713],[77.58716000588788,12.981517142315091],[77.58715502087693,12.981518706521506],[77.58715002805393,12.981520248655952],[77.58714502741883,12.981521768718443],[77.58714001897165,12.981523266708962],[77.58713500271242,12.981524742627522],[77.5871299786411,12.981526196474121],[77.58712494675771,12.981527628248761],[77.58711990706225,12.981529037951436],[77.58699660082699,12.981563232626128],[77.58699511480178,12.981563636041802],[77.58699362632186,12.98156402277529],[77.58699213538726,12.981564392826588],[77.58699064199796,12.981564746195703],[77.58698914615397,12.981565082882629],[77.5869876478553,12.98156540288737],[77.58698614710192,12.981565706209924],[77.58698464389386,12.981565992850287],[77.58698313823109,12.98156626280847],[77.58698163011364,12.981566516084467],[77.58698011954151,12.981566752678273],[77.58697860651468,12.981566972589896],[77.58697709103315,12.98156717581933],[77.58697557309694,12.98156736236658],[77.58697405270603,12.981567532231644],[77.58697252986042,12.98156768541452],[77.58697100456013,12.981567821915212],[77.58696947680514,12.981567941733715],[77.58696794659546,12.981568044870036],[77.5869664139311,12.981568131324169],[77.58696487881203,12.981568201096117],[77.58696334123827,12.981568254185879],[77.58696180120982,12.981568290593453],[77.58696025872669,12.98156831031884],[77.58693313872669,12.98156851031885],[77.58693125574112,12.98156853689951],[77.58692937739886,12.981568588834596],[77.58692750369994,12.981568666124113],[77.58692563464433,12.981568768768051],[77.58692377023206,12.981568896766424],[77.58692191046312,12.981569050119218],[77.58692005533749,12.98156922882644],[77.5869182048552,12.981569432888094],[77.58691635901623,12.981569662304171],[77.58691451782059,12.981569917074673],[77.58691268126827,12.981570197199604],[77.58691084935928,12.981570502678963],[77.58690902209364,12.981570833512748],[77.5869071994713,12.981571189700958],[77.58690538149229,12.981571571243597],[77.58690356815661,12.981571978140659],[77.58690175946425,12.981572410392152],[77.58689995541523,12.981572867998064],[77.58689815600952,12.981573350958406],[77.58689636124716,12.981573859273178],[77.58689457112811,12.981574392942369],[77.58689278565238,12.981574951965989],[77.58689100481999,12.981575536344032],[77.58688922863092,12.9815761460765],[77.58679333526739,12.981609792872042],[77.58679289217709,12.981609949394254],[77.58679244987408,12.981610107744084],[77.58679200835837,12.981610267921525],[77.58679156762997,12.981610429926587],[77.58679112768888,12.981610593759264],[77.58679068853509,12.981610759419556],[77.5867902501686,12.981610926907466],[77.58678981258943,12.981611096222993],[77.58678937579755,12.981611267366135],[77.58678893979297,12.981611440336893],[77.58678850457571,12.981611615135266],[77.58678807014574,12.981611791761262],[77.58678763650308,12.981611970214868],[77.58678720364772,12.98161215049609],[77.58678677157967,12.981612332604929],[77.58678634029893,12.981612516541388],[77.58678590980547,12.98161270230546],[77.58678548009934,12.98161288989715],[77.5867850511805,12.981613079316455],[77.58678462304897,12.981613270563374],[77.58678419570474,12.98161346363791],[77.58678376914781,12.981613658540068],[77.5867833433782,12.981613855269835],[77.58678291839588,12.981614053827222],[77.58677695839589,12.981616853827356],[77.58677633422916,12.981617154597243],[77.5867757193166,12.981617466093894],[77.58677511365826,12.981617788317303],[77.58677451725409,12.981618121267473],[77.58677393010412,12.98161846494441],[77.58677335220833,12.9816188193481],[77.58677278356672,12.981619184478555],[77.58677222417931,12.981619560335767],[77.58677167404608,12.981619946919743],[77.58677113316705,12.98162034423048],[77.5867706015422,12.981620752267974],[77.58677007917154,12.981621171032232],[77.58676956605507,12.98162160052325],[77.58676906219279,12.98162204074103],[77.58676856758468,12.981622491685567],[77.58676808223078,12.981622953356865],[77.58676760613106,12.981623425754924],[77.58676713928554,12.981623908879746],[77.5867666816942,12.981624402731324],[77.58676623335704,12.981624907309664],[77.58676579427407,12.981625422614764],[77.5867653644453,12.98162594864662],[77.5867649438707,12.981626485405242],[77.5867645325503,12.981627032890621],[77.58674950367137,12.981647462773813],[77.58674816746941,12.981649362341694],[77.58674698085342,12.98165122490277],[77.58674594382343,12.981653050457039],[77.58674505637943,12.981654839004499],[77.58674431852141,12.981656590545155],[77.58674373024938,12.981658305079009],[77.58674329156335,12.981659982606056],[77.5867430024633,12.981661623126303],[77.58674286294924,12.981663226639748],[77.58674287302117,12.98166479314639],[77.58674303267908,12.981666322646232],[77.586743341923,12.981667815139271],[77.58674380075288,12.981669270625515],[77.58674440916877,12.98167068910496],[77.58674516717065,12.981672070577606],[77.58674607475851,12.981673415043453],[77.58674713193237,12.981674722502504],[77.5867483386922,12.98167599295476],[77.58674969503804,12.981677226400219],[77.58675120096986,12.981678422838883],[77.58675285648766,12.981679582270754],[77.58675466159146,12.98168070469583],[77.58675661628125,12.981681790114111],[77.58675872055703,12.981682838525602],[77.58677741952506,12.981691676345879],[77.5867786103111,12.98169221917957],[77.58677980443557,12.98169272363994],[77.58678100189846,12.981693189726993],[77.58678220269978,12.98169361744072],[77.58678340683954,12.981694006781131],[77.58678461431772,12.98169435774822],[77.58678582513433,12.981694670341993],[77.58678703928936,12.98169494456244],[77.58678825678282,12.981695180409572],[77.58678947761473,12.981695377883382],[77.58679070178505,12.981695536983873],[77.5867919292938,12.98169565771105],[77.58679316014099,12.9816957400649],[77.58679439432659,12.981695784045435],[77.58679563185062,12.981695789652653],[77.5867968727131,12.981695756886548],[77.58679811691398,12.981695685747125],[77.5867993644533,12.981695576234385],[77.58680061533106,12.98169542834832],[77.58680186954723,12.98169524208894],[77.58680312710185,12.981695017456243],[77.58680438799487,12.981694754450224],[77.58680565222635,12.981694453070887],[77.58680691979623,12.981694113318225],[77.58682063979623,12.981690233318421],[77.58682151973781,12.981689957782553],[77.58682239967939,12.981689682246689],[77.58682327962099,12.98168940671082],[77.58682415956257,12.981689131174955],[77.58682503950415,12.98168885563909],[77.58682591944573,12.98168858010322],[77.58682679938731,12.981688304567355],[77.58682767932889,12.981688029031485],[77.58682855927047,12.981687753495617],[77.58682943921207,12.98168747795975],[77.58683031915365,12.98168720242388],[77.58683119909523,12.981686926888012],[77.58683207903681,12.981686651352144],[77.58683295897839,12.98168637581627],[77.58683383891997,12.981686100280402],[77.58683471886155,12.981685824744531],[77.58683559880315,12.981685549208661],[77.58683647874473,12.98168527367279],[77.58683735868631,12.98168499813692],[77.58683823862789,12.981684722601045],[77.58683911856947,12.981684447065174],[77.58683999851105,12.981684171529302],[77.58684087845263,12.981683895993429],[77.58684175839423,12.981683620457558],[77.58692805463939,12.981653932756151],[77.58692996365193,12.98165325018574],[77.58693184070707,12.98165252694855],[77.58693368580482,12.981651763044576],[77.58693549894518,12.981650958473825],[77.58693728012814,12.981650113236292],[77.58693902935372,12.981649227331973],[77.58694074662189,12.981648300760876],[77.58694243193267,12.981647333522996],[77.58694408528606,12.981646325618334],[77.58694570668207,12.981645277046889],[77.58694729612067,12.981644187808655],[77.58694885360188,12.981643057903637],[77.58695037912571,12.981641887331838],[77.58695187269214,12.981640676093255],[77.58695333430117,12.98163942418788],[77.5869547639528,12.981638131615721],[77.58695616164705,12.981636798376778],[77.58695752738392,12.98163542447104],[77.58695886116337,12.981634009898517],[77.58696016298543,12.981632554659203],[77.58696143285012,12.981631058753102],[77.5869626707574,12.981629522180205],[77.58696387670729,12.98162794494052],[77.58696505069979,12.981626327034043],[77.58698029069978,12.981604767034684],[77.58698102623974,12.981603755597243],[77.58698178279212,12.981602772692792],[77.5869825603569,12.981601818321332],[77.58698335893409,12.981600892482861],[77.5869841785237,12.981599995177385],[77.58698501912572,12.981599126404896],[77.58698588074014,12.981598286165402],[77.586986763367,12.981597474458898],[77.58698766700624,12.981596691285386],[77.5869885916579,12.981595936644867],[77.58698953732197,12.981595210537341],[77.58699050399845,12.98159451296281],[77.58699149168736,12.981593843921269],[77.58699250038866,12.981593203412725],[77.58699353010238,12.981592591437174],[77.5869945808285,12.981592007994614],[77.58699565256704,12.981591453085052],[77.586996745318,12.981590926708483],[77.58699785908136,12.981590428864909],[77.58699899385714,12.981589959554329],[77.58700014964532,12.981589518776742],[77.58700132644591,12.981589106532152],[77.58700252425892,12.981588722820556],[77.58700374308434,12.981588367641956],[77.58712723293776,12.98155412205064],[77.587132390339,12.981552679423475],[77.5871375397457,12.981551214208844],[77.58714268115787,12.981549726406746],[77.5871478145755,12.981548216017181],[77.58715293999862,12.981546683040149],[77.5871580574272,12.98154512747565],[77.58716316686125,12.98154354932368],[77.58716826830076,12.981541948584244],[77.58717336174574,12.981540325257338],[77.58717844719621,12.981538679342963],[77.58718352465213,12.981537010841118],[77.58718859411353,12.981535319751805],[77.58719365558038,12.981533606075018],[77.58719870905271,12.981531869810759],[77.58720375453052,12.981530110959032],[77.58720879201378,12.981528329519833],[77.58721382150253,12.981526525493157],[77.58721884299673,12.98152469887901],[77.58722385649641,12.981522849677388],[77.58722886200157,12.981520977888295],[77.58723385951218,12.981519083511724],[77.58723884902827,12.98151716654768],[77.58724383054982,12.981515226996157],[77.58724880407684,12.981513264857163],[77.58768302418947,12.981340833153665],[77.58768803436423,12.981339008933805],[77.587693044539,12.981337184713931],[77.58769805471374,12.981335360494041],[77.5877030648885,12.98133353627414],[77.58770807506326,12.981331712054228],[77.58771308523802,12.981329887834299],[77.58771809541278,12.98132806361436],[77.58772310558754,12.981326239394408],[77.58772811576229,12.981324415174436],[77.58773312593705,12.981322590954456],[77.58773813611181,12.981320766734461],[77.58774314628657,12.981318942514456],[77.58774815646133,12.981317118294434],[77.58775316663609,12.981315294074395],[77.58775817681084,12.981313469854348],[77.5877631869856,12.981311645634289],[77.58776819716036,12.981309821414214],[77.58777320733512,12.981307997194126],[77.58777821750988,12.981306172974023],[77.58778322768464,12.981304348753905],[77.58778823785939,12.98130252453378],[77.58779324803415,12.981300700313637],[77.5877982582089,12.981298876093483],[77.58780326838367,12.981297051873314],[77.5879457648558,12.981249769200948],[77.5879505474085,12.981248226698531],[77.58795534024165,12.98124676963959],[77.58796014335526,12.981245398024122],[77.58796495674935,12.981244111852133],[77.5879697804239,12.981242911123623],[77.58797461437892,12.981241795838592],[77.5879794586144,12.981240765997043],[77.58798431313035,12.981239821598976],[77.58798917792676,12.98123896264439],[77.58799405300363,12.981238189133292],[77.58799893836097,12.981237501065676],[77.58800383399878,12.981236898441546],[77.58800873991704,12.981236381260901],[77.58801365611579,12.981235949523747],[77.58801858259498,12.981235603230077],[77.58802351935465,12.981235342379895],[77.58802846639479,12.9812351669732],[77.58803342371539,12.981235077009995],[77.58803839131645,12.981235072490277],[77.58804336919798,12.981235153414046],[77.58804835735997,12.981235319781302],[77.58805335580243,12.981235571592046],[77.58805836452535,12.981235908846278],[77.58806338352873,12.981236331543998],[77.58815755264146,12.981245055048033],[77.5881617639835,12.981245476916513],[77.58816595690398,12.981245960566842],[77.58817013140286,12.981246505999026],[77.58817428748016,12.981247113213064],[77.58817842513588,12.981247782208953],[77.58818254437003,12.981248512986694],[77.58818664518259,12.981249305546283],[77.58819072757358,12.981250159887725],[77.58819479154297,12.981251076011018],[77.58819883709079,12.981252053916158],[77.58820286421702,12.981253093603149],[77.58820687292169,12.981254195071987],[77.58821086320476,12.981255358322672],[77.58821483506627,12.981256583355202],[77.58821878850618,12.981257870169577],[77.58822272352451,12.981259218765798],[77.58822664012126,12.981260629143861],[77.58823053829644,12.981262101303766],[77.58823441805004,12.981263635245512],[77.58823827938205,12.981265230969097],[77.58824212229248,12.981266888474524],[77.58824594678134,12.981268607761784],[77.58824975284861,12.981270388830882],[77.58825354049429,12.981272231681817],[77.58832507777714,12.981307707320456],[77.58832813404192,12.981309256120136],[77.58833115079715,12.981310851697407],[77.58833412804283,12.981312494052265],[77.58833706577897,12.981314183184711],[77.58833996400557,12.981315919094742],[77.58834282272262,12.981317701782359],[77.58834564193013,12.98131953124756],[77.58834842162808,12.981321407490343],[77.5883511618165,12.98132333051071],[77.58835386249538,12.981325300308656],[77.5883565236647,12.981327316884183],[77.58835914532449,12.981329380237288],[77.58836172747473,12.98133149036797],[77.58836427011542,12.98133364727623],[77.58836677324656,12.981335850962065],[77.58836923686817,12.981338101425472],[77.58837166098023,12.981340398666454],[77.58837404558275,12.981342742685003],[77.58837639067572,12.981345133481124],[77.58837869625914,12.981347571054815],[77.58838096233302,12.981350055406072],[77.58838318889737,12.981352586534896],[77.58838537595216,12.981355164441283],[77.5883875234974,12.981357789125232],[77.58844329429269,12.9814271968528],[77.5884436915031,12.98142770579861],[77.58844406975203,12.981428220367711],[77.58844442903948,12.9814287405601],[77.58844476936545,12.981429266375779],[77.58844509072995,12.981429797814751],[77.58844539313296,12.981430334877015],[77.58844567657448,12.981430877562566],[77.58844594105453,12.981431425871408],[77.5884461865731,12.981431979803538],[77.58844641313019,12.981432539358963],[77.58844662072579,12.981433104537675],[77.58844680935991,12.981433675339678],[77.58844697903255,12.981434251764972],[77.58844712974373,12.981434833813553],[77.5884472614934,12.981435421485426],[77.5884473742816,12.98143601478059],[77.58844746810833,12.98143661369904],[77.58844754297357,12.981437218240785],[77.58844759887732,12.981437828405818],[77.5884476358196,12.98143844419414],[77.5884476538004,12.981439065605752],[77.58844765281972,12.981439692640652],[77.58844763287756,12.981440325298843],[77.58844759397391,12.981440963580326],[77.58844631397392,12.981457923580393],[77.58844623046167,12.981459104162578],[77.58844615815704,12.981460284334092],[77.58844609706003,12.981461464094938],[77.5884460471706,12.981462643445107],[77.5884460084888,12.981463822384606],[77.58844598101462,12.981465000913433],[77.58844596474802,12.981466179031587],[77.58844595968905,12.981467356739069],[77.58844596583768,12.98146853403588],[77.58844598319392,12.981469710922017],[77.58844601175777,12.981470887397482],[77.58844605152922,12.981472063462276],[77.58844610250829,12.981473239116395],[77.58844616469496,12.981474414359846],[77.58844623808923,12.981475589192623],[77.58844632269113,12.981476763614728],[77.58844641850062,12.981477937626163],[77.58844652551772,12.981479111226923],[77.58844664374244,12.981480284417012],[77.58844677317477,12.981481457196427],[77.58844691381469,12.981482629565175],[77.58844706566222,12.981483801523247],[77.58844722871737,12.981484973070648],[77.58844740298014,12.981486144207377],[77.5884524653728,12.981519100383757],[77.58845271576789,12.981520728062467],[77.58845296616298,12.981522355741165],[77.58845321655807,12.981523983419853],[77.58845346695315,12.981525611098533],[77.58845371734824,12.981527238777197],[77.58845396774333,12.981528866455854],[77.58845421813842,12.9815304941345],[77.58845446853351,12.981532121813137],[77.5884547189286,12.981533749491762],[77.58845496932369,12.981535377170376],[77.58845521971878,12.981537004848978],[77.58845547011387,12.981538632527572],[77.58845572050896,12.981540260206152],[77.58845597090405,12.981541887884722],[77.58845622129915,12.981543515563285],[77.58845647169424,12.981545143241833],[77.58845672208933,12.981546770920373],[77.58845697248442,12.981548398598902],[77.58845722287951,12.981550026277418],[77.5884574732746,12.981551653955925],[77.58845772366969,12.981553281634422],[77.58845797406478,12.98155490931291],[77.58845822445987,12.981556536991384],[77.58845847485496,12.98155816466985],[77.58847265152414,12.981650184142222],[77.58847311599479,12.981653023728688],[77.58847363146637,12.981655843858132],[77.5884741979389,12.981658644530558],[77.58847481541235,12.981661425745965],[77.58847548388677,12.981664187504359],[77.58847620336212,12.981666929805732],[77.58847697383841,12.981669652650089],[77.58847779531565,12.981672356037432],[77.58847866779382,12.981675039967758],[77.58847959127294,12.981677704441072],[77.58848056575302,12.981680349457372],[77.58848159123401,12.981682975016655],[77.58848266771597,12.981685581118928],[77.58848379519885,12.98168816776419],[77.5884849736827,12.98169073495244],[77.58848620316746,12.981693282683677],[77.58848748365318,12.981695810957905],[77.58848881513985,12.981698319775127],[77.58849019762745,12.981700809135337],[77.588491631116,12.981703279038538],[77.58849311560549,12.981705729484732],[77.58849465109591,12.981708160473916],[77.5884962375873,12.981710572006099],[77.58849787507961,12.981712964081272],[77.5885221950796,12.981747804080245],[77.58852489850777,12.981751533662944],[77.58852756007664,12.981754916768226],[77.58853017978622,12.981757953396105],[77.5885327576365,12.981760643546595],[77.5885352936275,12.981762987219707],[77.5885377877592,12.981764984415452],[77.5885402400316,12.981766635133834],[77.58854265044471,12.981767939374862],[77.58854501899853,12.981768897138547],[77.58854734569304,12.981769508424886],[77.58854963052828,12.98176977323388],[77.58855187350422,12.98176969156554],[77.58855407462086,12.981769263419856],[77.58855623387821,12.981768488796831],[77.58855835127626,12.981767367696458],[77.58856042681502,12.981765900118736],[77.58856246049449,12.981764086063658],[77.58856445231466,12.981761925531217],[77.58856640227555,12.981759418521403],[77.58856831037713,12.981756565034205],[77.58857017661943,12.981753365069611],[77.58857200100242,12.981749818627605],[77.58857378352613,12.981745925708182],[77.58857552419055,12.981741686311315],[77.58862607433569,12.981611980596014],[77.58862800524915,12.981606956477089],[77.58862988672034,12.981601919978733],[77.58863171874927,12.98159687110094],[77.58863350133592,12.981591809843716],[77.58863523448031,12.981586736207054],[77.58863691818243,12.981581650190954],[77.58863855244228,12.981576551795419],[77.58864013725986,12.981571441020444],[77.58864167263518,12.981566317866031],[77.58864315856823,12.981561182332179],[77.58864459505901,12.981556034418889],[77.58864598210752,12.981550874126153],[77.58864731971377,12.981545701453978],[77.58864860787776,12.981540516402363],[77.58864984659947,12.981535318971298],[77.58865103587891,12.981530109160794],[77.58865217571608,12.981524886970842],[77.588653266111,12.981519652401447],[77.58865430706363,12.981514405452605],[77.58865529857401,12.981509146124315],[77.58865624064211,12.981503874416576],[77.58865713326794,12.981498590329391],[77.58865797645151,12.981493293862753],[77.58865877019282,12.981487985016667],[77.58872032846429,12.981062528428408],[77.58872057128693,12.9810608020465],[77.58872080027513,12.981059075030169],[77.5887210154289,12.981057347379418],[77.58872121674823,12.981055619094242],[77.58872140423313,12.98105389017464],[77.58872157788358,12.981052160620619],[77.5887217376996,12.981050430432175],[77.58872188368119,12.981048699609305],[77.58872201582834,12.981046968152013],[77.58872213414105,12.981045236060298],[77.58872223861933,12.98104350333416],[77.58872232926316,12.981041769973597],[77.58872240607258,12.981040035978612],[77.58872246904754,12.981038301349205],[77.58872251818806,12.981036566085375],[77.58872255349416,12.981034830187118],[77.58872257496581,12.981033093654439],[77.58872258260304,12.981031356487335],[77.58872257640583,12.981029618685811],[77.58872255637418,12.981027880249867],[77.58872252250809,12.981026141179491],[77.58872247480757,12.981024401474697],[77.5887224132726,12.981022661135478],[77.5887223379032,12.981020920161837],[77.5887210979032,12.980994680161775],[77.58872090358865,12.98099186456573],[77.58872059347854,12.980989191288378],[77.58872016757287,12.98098666032973],[77.58871962587166,12.980984271689788],[77.58871896837489,12.980982025368556],[77.58871819508258,12.980979921366039],[77.58871730599472,12.980977959682239],[77.5887163011113,12.980976140317159],[77.58871518043233,12.980974463270805],[77.58871394395783,12.980972928543176],[77.58871259168775,12.980971536134271],[77.58871112362215,12.980970286044105],[77.58870953976097,12.980969178272671],[77.58870784010426,12.980968212819974],[77.58870602465198,12.980967389686015],[77.58870409340417,12.980966708870792],[77.58870204636081,12.980966170374312],[77.58869988352188,12.980965774196571],[77.58869760488741,12.980965520337572],[77.5886952104574,12.980965408797317],[77.58869270023183,12.980965439575805],[77.5886900742107,12.98096561267303],[77.58868733239404,12.980965928089002],[77.58868447478181,12.980966385823715],[77.58856312654088,12.980988399249767],[77.58855815271438,12.98098933322701],[77.58855320033322,12.980990326694142],[77.58854826939739,12.980991379651158],[77.5885433599069,12.980992492098059],[77.58853847186171,12.980993664034845],[77.58853360526186,12.980994895461514],[77.58852876010734,12.980996186378063],[77.58852393639815,12.980997536784495],[77.58851913413427,12.980998946680806],[77.58851435331572,12.981000416066998],[77.5885095939425,12.981001944943065],[77.58850485601461,12.981003533309012],[77.58850013953204,12.981005181164834],[77.5884954444948,12.98100688851053],[77.5884907709029,12.981008655346104],[77.58848611875631,12.981010481671545],[77.58848148805504,12.981012367486858],[77.58847687879911,12.981014312792043],[77.58847229098849,12.981016317587093],[77.58846772462321,12.98101838187201],[77.58846317970327,12.981020505646795],[77.58845865622864,12.981022688911443],[77.58845415419933,12.981024931665951],[77.58844967361536,12.981027233910323],[77.58844967361536,12.981027233910323]]}},{"type":"Feature","properties":{"id":1,"sourceSegments":28,"sourceLengthM":531.2718209074104,"smoothLengthM":537.2617436415374,"sourceWays":["1092049622","1368389074","1368389075","338941361","338941365","358318638","38542543","52245576","763048421"],"maxSourceTurnDeg":99.75919480702846,"corridorOutsideGroundM2":228.54359590901902,"bodySamples":1075,"failedBodySamples":844,"maxBodyOutsideGroundM2":4.929790767294043,"firstFailure":{"distanceAlongLoopM":0.0,"lngLat":[77.58844967361536,12.981027233910323],"bodyOutsideGroundM2":2.679505084554751},"failureRuns":[{"startDistanceM":0.0,"lngLat":[77.58844967361536,12.981027233910323],"nearestSourceWay":"38542543","nearestSourceSegment":0},{"startDistanceM":203.40979503451692,"lngLat":[77.58676409215214,12.981685377339113],"nearestSourceWay":"1368389075","nearestSourceSegment":4},{"startDistanceM":425.81116798380447,"lngLat":[77.58852110684337,12.981596608154451],"nearestSourceWay":"1092049622","nearestSourceSegment":2},{"startDistanceM":511.77304696645047,"lngLat":[77.5886757000589,12.98096797762035],"nearestSourceWay":"358318638","nearestSourceSegment":0},{"startDistanceM":533.7632950782902,"lngLat":[77.58847872819918,12.981013532265292],"nearestSourceWay":"38542543","nearestSourceSegment":0}],"groundCorridorPass":false},"geometry":{"type":"LineString","coordinates":[[77.58844967361536,12.981027233910323],[77.58838059361535,12.981063273911987],[77.58837634373484,12.981065474609967],[77.58837208171755,12.981067648591994],[77.5883678075635,12.981069795858076],[77.58836352127268,12.981071916408206],[77.58835922284511,12.981074010242391],[77.58835491228076,12.981076077360628],[77.58835058957965,12.981078117762921],[77.58834625474177,12.981080131449268],[77.58834190776712,12.98108211841967],[77.58833754865569,12.981084078674126],[77.5883331774075,12.981086012212643],[77.58832879402256,12.981087919035216],[77.58832439850084,12.981089799141843],[77.58831999084236,12.981091652532534],[77.5883155710471,12.981093479207281],[77.58831113911509,12.981095279166087],[77.58830669504631,12.981097052408956],[77.58830223884075,12.981098798935882],[77.58829777049844,12.981100518746873],[77.58829329001935,12.981102211841927],[77.58828879740351,12.98110387822104],[77.58828429265088,12.981105517884217],[77.5882797757615,12.981107130831456],[77.58827524673535,12.981108717062762],[77.58805787582378,12.981184106198878],[77.5880527989818,12.981185828779447],[77.58804772213982,12.981187551360001],[77.58804264529785,12.981189273940549],[77.58803756845587,12.98119099652108],[77.5880324916139,12.981192719101603],[77.58802741477191,12.98119444168211],[77.58802233792994,12.98119616426261],[77.58801726108797,12.981197886843093],[77.58801218424598,12.981199609423568],[77.58800710740401,12.981201332004026],[77.58800203056204,12.981203054584478],[77.58799695372007,12.981204777164914],[77.58799187687808,12.981206499745339],[77.5879868000361,12.981208222325753],[77.58798172319413,12.981209944906155],[77.58797664635215,12.981211667486543],[77.58797156951017,12.981213390066923],[77.5879664926682,12.981215112647286],[77.58796141582623,12.981216835227642],[77.58795633898424,12.981218557807983],[77.58795126214227,12.981220280388312],[77.5879461853003,12.98122200296863],[77.58794110845831,12.981223725548938],[77.58793603161634,12.98122544812923],[77.5877946411512,12.98127236381491],[77.58778956959215,12.98127421038548],[77.58778449803307,12.981276056956034],[77.58777942647401,12.98127790352658],[77.58777435491494,12.981279750097107],[77.58776928335587,12.981281596667621],[77.58776421179681,12.981283443238121],[77.58775914023774,12.981285289808607],[77.58775406867866,12.981287136379084],[77.5877489971196,12.981288982949543],[77.58774392556053,12.98129082951999],[77.58773885400147,12.981292676090419],[77.5877337824424,12.98129452266084],[77.58772871088333,12.981296369231247],[77.58772363932427,12.981298215801639],[77.5877185677652,12.981300062372013],[77.58771349620612,12.981301908942376],[77.58770842464706,12.981303755512728],[77.58770335308799,12.981305602083065],[77.58769828152893,12.981307448653384],[77.58769320996986,12.981309295223694],[77.58768813841078,12.981311141793991],[77.58768306685172,12.981312988364273],[77.58767799529265,12.981314834934539],[77.58767292373358,12.981316681504794],[77.58723870362095,12.981489113225043],[77.58723384360319,12.98149103058294],[77.58722897577336,12.981492925868864],[77.58722410013145,12.981494799082816],[77.58721921667747,12.981496650224797],[77.58721432541141,12.981498479294808],[77.58720942633327,12.981500286292853],[77.58720451944308,12.981502071218928],[77.58719960474079,12.981503834073036],[77.58719468222644,12.981505574855174],[77.58718975190001,12.981507293565345],[77.58718481376151,12.981508990203551],[77.58717986781093,12.98151066476979],[77.58717491404828,12.98151231726406],[77.58716995247356,12.98151394768637],[77.58716498308677,12.981515556036713],[77.58716000588788,12.981517142315091],[77.58715502087693,12.981518706521506],[77.58715002805393,12.981520248655952],[77.58714502741883,12.981521768718443],[77.58714001897165,12.981523266708962],[77.58713500271242,12.981524742627522],[77.5871299786411,12.981526196474121],[77.58712494675771,12.981527628248761],[77.58711990706225,12.981529037951436],[77.58699660082699,12.981563232626128],[77.58699511480178,12.981563636041802],[77.58699362632186,12.98156402277529],[77.58699213538726,12.981564392826588],[77.58699064199796,12.981564746195703],[77.58698914615397,12.981565082882629],[77.5869876478553,12.98156540288737],[77.58698614710192,12.981565706209924],[77.58698464389386,12.981565992850287],[77.58698313823109,12.98156626280847],[77.58698163011364,12.981566516084467],[77.58698011954151,12.981566752678273],[77.58697860651468,12.981566972589896],[77.58697709103315,12.98156717581933],[77.58697557309694,12.98156736236658],[77.58697405270603,12.981567532231644],[77.58697252986042,12.98156768541452],[77.58697100456013,12.981567821915212],[77.58696947680514,12.981567941733715],[77.58696794659546,12.981568044870036],[77.5869664139311,12.981568131324169],[77.58696487881203,12.981568201096117],[77.58696334123827,12.981568254185879],[77.58696180120982,12.981568290593453],[77.58696025872669,12.98156831031884],[77.58693313872669,12.98156851031885],[77.58693125574112,12.98156853689951],[77.58692937739886,12.981568588834596],[77.58692750369994,12.981568666124113],[77.58692563464433,12.981568768768051],[77.58692377023206,12.981568896766424],[77.58692191046312,12.981569050119218],[77.58692005533749,12.98156922882644],[77.5869182048552,12.981569432888094],[77.58691635901623,12.981569662304171],[77.58691451782059,12.981569917074673],[77.58691268126827,12.981570197199604],[77.58691084935928,12.981570502678963],[77.58690902209364,12.981570833512748],[77.5869071994713,12.981571189700958],[77.58690538149229,12.981571571243597],[77.58690356815661,12.981571978140659],[77.58690175946425,12.981572410392152],[77.58689995541523,12.981572867998064],[77.58689815600952,12.981573350958406],[77.58689636124716,12.981573859273178],[77.58689457112811,12.981574392942369],[77.58689278565238,12.981574951965989],[77.58689100481999,12.981575536344032],[77.58688922863092,12.9815761460765],[77.58679333526739,12.981609792872042],[77.58679289217709,12.981609949394254],[77.58679244987408,12.981610107744084],[77.58679200835837,12.981610267921525],[77.58679156762997,12.981610429926587],[77.58679112768888,12.981610593759264],[77.58679068853509,12.981610759419556],[77.5867902501686,12.981610926907466],[77.58678981258943,12.981611096222993],[77.58678937579755,12.981611267366135],[77.58678893979297,12.981611440336893],[77.58678850457571,12.981611615135266],[77.58678807014574,12.981611791761262],[77.58678763650308,12.981611970214868],[77.58678720364772,12.98161215049609],[77.58678677157967,12.981612332604929],[77.58678634029893,12.981612516541388],[77.58678590980547,12.98161270230546],[77.58678548009934,12.98161288989715],[77.5867850511805,12.981613079316455],[77.58678462304897,12.981613270563374],[77.58678419570474,12.98161346363791],[77.58678376914781,12.981613658540068],[77.5867833433782,12.981613855269835],[77.58678291839588,12.981614053827222],[77.58677695839589,12.981616853827356],[77.58677633422916,12.981617154597243],[77.5867757193166,12.981617466093894],[77.58677511365826,12.981617788317303],[77.58677451725409,12.981618121267473],[77.58677393010412,12.98161846494441],[77.58677335220833,12.9816188193481],[77.58677278356672,12.981619184478555],[77.58677222417931,12.981619560335767],[77.58677167404608,12.981619946919743],[77.58677113316705,12.98162034423048],[77.5867706015422,12.981620752267974],[77.58677007917154,12.981621171032232],[77.58676956605507,12.98162160052325],[77.58676906219279,12.98162204074103],[77.58676856758468,12.981622491685567],[77.58676808223078,12.981622953356865],[77.58676760613106,12.981623425754924],[77.58676713928554,12.981623908879746],[77.5867666816942,12.981624402731324],[77.58676623335704,12.981624907309664],[77.58676579427407,12.981625422614764],[77.5867653644453,12.98162594864662],[77.5867649438707,12.981626485405242],[77.5867645325503,12.981627032890621],[77.58674950367137,12.981647462773813],[77.58674816746941,12.981649362341694],[77.58674698085342,12.98165122490277],[77.58674594382343,12.981653050457039],[77.58674505637943,12.981654839004499],[77.58674431852141,12.981656590545155],[77.58674373024938,12.981658305079009],[77.58674329156335,12.981659982606056],[77.5867430024633,12.981661623126303],[77.58674286294924,12.981663226639748],[77.58674287302117,12.98166479314639],[77.58674303267908,12.981666322646232],[77.586743341923,12.981667815139271],[77.58674380075288,12.981669270625515],[77.58674440916877,12.98167068910496],[77.58674516717065,12.981672070577606],[77.58674607475851,12.981673415043453],[77.58674713193237,12.981674722502504],[77.5867483386922,12.98167599295476],[77.58674969503804,12.981677226400219],[77.58675120096986,12.981678422838883],[77.58675285648766,12.981679582270754],[77.58675466159146,12.98168070469583],[77.58675661628125,12.981681790114111],[77.58675872055703,12.981682838525602],[77.58677741952506,12.981691676345879],[77.5867786103111,12.98169221917957],[77.58677980443557,12.98169272363994],[77.58678100189846,12.981693189726993],[77.58678220269978,12.98169361744072],[77.58678340683954,12.981694006781131],[77.58678461431772,12.98169435774822],[77.58678582513433,12.981694670341993],[77.58678703928936,12.98169494456244],[77.58678825678282,12.981695180409572],[77.58678947761473,12.981695377883382],[77.58679070178505,12.981695536983873],[77.5867919292938,12.98169565771105],[77.58679316014099,12.9816957400649],[77.58679439432659,12.981695784045435],[77.58679563185062,12.981695789652653],[77.5867968727131,12.981695756886548],[77.58679811691398,12.981695685747125],[77.5867993644533,12.981695576234385],[77.58680061533106,12.98169542834832],[77.58680186954723,12.98169524208894],[77.58680312710185,12.981695017456243],[77.58680438799487,12.981694754450224],[77.58680565222635,12.981694453070887],[77.58680691979623,12.981694113318225],[77.58682063979623,12.981690233318421],[77.58682151973781,12.981689957782553],[77.58682239967939,12.981689682246689],[77.58682327962099,12.98168940671082],[77.58682415956257,12.981689131174955],[77.58682503950415,12.98168885563909],[77.58682591944573,12.98168858010322],[77.58682679938731,12.981688304567355],[77.58682767932889,12.981688029031485],[77.58682855927047,12.981687753495617],[77.58682943921207,12.98168747795975],[77.58683031915365,12.98168720242388],[77.58683119909523,12.981686926888012],[77.58683207903681,12.981686651352144],[77.58683295897839,12.98168637581627],[77.58683383891997,12.981686100280402],[77.58683471886155,12.981685824744531],[77.58683559880315,12.981685549208661],[77.58683647874473,12.98168527367279],[77.58683735868631,12.98168499813692],[77.58683823862789,12.981684722601045],[77.58683911856947,12.981684447065174],[77.58683999851105,12.981684171529302],[77.58684087845263,12.981683895993429],[77.58684175839423,12.981683620457558],[77.58692805463939,12.981653932756151],[77.58692996365193,12.98165325018574],[77.58693184070707,12.98165252694855],[77.58693368580482,12.981651763044576],[77.58693549894518,12.981650958473825],[77.58693728012814,12.981650113236292],[77.58693902935372,12.981649227331973],[77.58694074662189,12.981648300760876],[77.58694243193267,12.981647333522996],[77.58694408528606,12.981646325618334],[77.58694570668207,12.981645277046889],[77.58694729612067,12.981644187808655],[77.58694885360188,12.981643057903637],[77.58695037912571,12.981641887331838],[77.58695187269214,12.981640676093255],[77.58695333430117,12.98163942418788],[77.5869547639528,12.981638131615721],[77.58695616164705,12.981636798376778],[77.58695752738392,12.98163542447104],[77.58695886116337,12.981634009898517],[77.58696016298543,12.981632554659203],[77.58696143285012,12.981631058753102],[77.5869626707574,12.981629522180205],[77.58696387670729,12.98162794494052],[77.58696505069979,12.981626327034043],[77.58698029069978,12.981604767034684],[77.58698102623974,12.981603755597243],[77.58698178279212,12.981602772692792],[77.5869825603569,12.981601818321332],[77.58698335893409,12.981600892482861],[77.5869841785237,12.981599995177385],[77.58698501912572,12.981599126404896],[77.58698588074014,12.981598286165402],[77.586986763367,12.981597474458898],[77.58698766700624,12.981596691285386],[77.5869885916579,12.981595936644867],[77.58698953732197,12.981595210537341],[77.58699050399845,12.98159451296281],[77.58699149168736,12.981593843921269],[77.58699250038866,12.981593203412725],[77.58699353010238,12.981592591437174],[77.5869945808285,12.981592007994614],[77.58699565256704,12.981591453085052],[77.586996745318,12.981590926708483],[77.58699785908136,12.981590428864909],[77.58699899385714,12.981589959554329],[77.58700014964532,12.981589518776742],[77.58700132644591,12.981589106532152],[77.58700252425892,12.981588722820556],[77.58700374308434,12.981588367641956],[77.58712723293776,12.98155412205064],[77.587132390339,12.981552679423475],[77.5871375397457,12.981551214208844],[77.58714268115787,12.981549726406746],[77.5871478145755,12.981548216017181],[77.58715293999862,12.981546683040149],[77.5871580574272,12.98154512747565],[77.58716316686125,12.98154354932368],[77.58716826830076,12.981541948584244],[77.58717336174574,12.981540325257338],[77.58717844719621,12.981538679342963],[77.58718352465213,12.981537010841118],[77.58718859411353,12.981535319751805],[77.58719365558038,12.981533606075018],[77.58719870905271,12.981531869810759],[77.58720375453052,12.981530110959032],[77.58720879201378,12.981528329519833],[77.58721382150253,12.981526525493157],[77.58721884299673,12.98152469887901],[77.58722385649641,12.981522849677388],[77.58722886200157,12.981520977888295],[77.58723385951218,12.981519083511724],[77.58723884902827,12.98151716654768],[77.58724383054982,12.981515226996157],[77.58724880407684,12.981513264857163],[77.58768302418947,12.981340833153665],[77.58768803436423,12.981339008933805],[77.587693044539,12.981337184713931],[77.58769805471374,12.981335360494041],[77.5877030648885,12.98133353627414],[77.58770807506326,12.981331712054228],[77.58771308523802,12.981329887834299],[77.58771809541278,12.98132806361436],[77.58772310558754,12.981326239394408],[77.58772811576229,12.981324415174436],[77.58773312593705,12.981322590954456],[77.58773813611181,12.981320766734461],[77.58774314628657,12.981318942514456],[77.58774815646133,12.981317118294434],[77.58775316663609,12.981315294074395],[77.58775817681084,12.981313469854348],[77.5877631869856,12.981311645634289],[77.58776819716036,12.981309821414214],[77.58777320733512,12.981307997194126],[77.58777821750988,12.981306172974023],[77.58778322768464,12.981304348753905],[77.58778823785939,12.98130252453378],[77.58779324803415,12.981300700313637],[77.5877982582089,12.981298876093483],[77.58780326838367,12.981297051873314],[77.5879457648558,12.981249769200948],[77.5879505474085,12.981248226698531],[77.58795534024165,12.98124676963959],[77.58796014335526,12.981245398024122],[77.58796495674935,12.981244111852133],[77.5879697804239,12.981242911123623],[77.58797461437892,12.981241795838592],[77.5879794586144,12.981240765997043],[77.58798431313035,12.981239821598976],[77.58798917792676,12.98123896264439],[77.58799405300363,12.981238189133292],[77.58799893836097,12.981237501065676],[77.58800383399878,12.981236898441546],[77.58800873991704,12.981236381260901],[77.58801365611579,12.981235949523747],[77.58801858259498,12.981235603230077],[77.58802351935465,12.981235342379895],[77.58802846639479,12.9812351669732],[77.58803342371539,12.981235077009995],[77.58803839131645,12.981235072490277],[77.58804336919798,12.981235153414046],[77.58804835735997,12.981235319781302],[77.58805335580243,12.981235571592046],[77.58805836452535,12.981235908846278],[77.58806338352873,12.981236331543998],[77.58815755264146,12.981245055048033],[77.5881617639835,12.981245476916513],[77.58816595690398,12.981245960566842],[77.58817013140286,12.981246505999026],[77.58817428748016,12.981247113213064],[77.58817842513588,12.981247782208953],[77.58818254437003,12.981248512986694],[77.58818664518259,12.981249305546283],[77.58819072757358,12.981250159887725],[77.58819479154297,12.981251076011018],[77.58819883709079,12.981252053916158],[77.58820286421702,12.981253093603149],[77.58820687292169,12.981254195071987],[77.58821086320476,12.981255358322672],[77.58821483506627,12.981256583355202],[77.58821878850618,12.981257870169577],[77.58822272352451,12.981259218765798],[77.58822664012126,12.981260629143861],[77.58823053829644,12.981262101303766],[77.58823441805004,12.981263635245512],[77.58823827938205,12.981265230969097],[77.58824212229248,12.981266888474524],[77.58824594678134,12.981268607761784],[77.58824975284861,12.981270388830882],[77.58825354049429,12.981272231681817],[77.58832507777714,12.981307707320456],[77.58832813404192,12.981309256120136],[77.58833115079715,12.981310851697407],[77.58833412804283,12.981312494052265],[77.58833706577897,12.981314183184711],[77.58833996400557,12.981315919094742],[77.58834282272262,12.981317701782359],[77.58834564193013,12.98131953124756],[77.58834842162808,12.981321407490343],[77.5883511618165,12.98132333051071],[77.58835386249538,12.981325300308656],[77.5883565236647,12.981327316884183],[77.58835914532449,12.981329380237288],[77.58836172747473,12.98133149036797],[77.58836427011542,12.98133364727623],[77.58836677324656,12.981335850962065],[77.58836923686817,12.981338101425472],[77.58837166098023,12.981340398666454],[77.58837404558275,12.981342742685003],[77.58837639067572,12.981345133481124],[77.58837869625914,12.981347571054815],[77.58838096233302,12.981350055406072],[77.58838318889737,12.981352586534896],[77.58838537595216,12.981355164441283],[77.5883875234974,12.981357789125232],[77.58844329429269,12.9814271968528],[77.5884436915031,12.98142770579861],[77.58844406975203,12.981428220367711],[77.58844442903948,12.9814287405601],[77.58844476936545,12.981429266375779],[77.58844509072995,12.981429797814751],[77.58844539313296,12.981430334877015],[77.58844567657448,12.981430877562566],[77.58844594105453,12.981431425871408],[77.5884461865731,12.981431979803538],[77.58844641313019,12.981432539358963],[77.58844662072579,12.981433104537675],[77.58844680935991,12.981433675339678],[77.58844697903255,12.981434251764972],[77.58844712974373,12.981434833813553],[77.5884472614934,12.981435421485426],[77.5884473742816,12.98143601478059],[77.58844746810833,12.98143661369904],[77.58844754297357,12.981437218240785],[77.58844759887732,12.981437828405818],[77.5884476358196,12.98143844419414],[77.5884476538004,12.981439065605752],[77.58844765281972,12.981439692640652],[77.58844763287756,12.981440325298843],[77.58844759397391,12.981440963580326],[77.58844631397392,12.981457923580393],[77.58844623046167,12.981459104162578],[77.58844615815704,12.981460284334092],[77.58844609706003,12.981461464094938],[77.5884460471706,12.981462643445107],[77.5884460084888,12.981463822384606],[77.58844598101462,12.981465000913433],[77.58844596474802,12.981466179031587],[77.58844595968905,12.981467356739069],[77.58844596583768,12.98146853403588],[77.58844598319392,12.981469710922017],[77.58844601175777,12.981470887397482],[77.58844605152922,12.981472063462276],[77.58844610250829,12.981473239116395],[77.58844616469496,12.981474414359846],[77.58844623808923,12.981475589192623],[77.58844632269113,12.981476763614728],[77.58844641850062,12.981477937626163],[77.58844652551772,12.981479111226923],[77.58844664374244,12.981480284417012],[77.58844677317477,12.981481457196427],[77.58844691381469,12.981482629565175],[77.58844706566222,12.981483801523247],[77.58844722871737,12.981484973070648],[77.58844740298014,12.981486144207377],[77.5884524653728,12.981519100383757],[77.58845280010223,12.981521098190715],[77.58845318639291,12.981523069098147],[77.58845362424483,12.981525013106058],[77.58845411365799,12.981526930214452],[77.58845465463239,12.981528820423325],[77.58845524716803,12.981530683732677],[77.5884558912649,12.98153252014251],[77.58845658692302,12.981534329652826],[77.58845733414238,12.981536112263624],[77.58845813292297,12.981537867974904],[77.5884589832648,12.98153959678667],[77.58845988516788,12.981541298698916],[77.58846083863219,12.98154297371165],[77.58846184365774,12.981544621824867],[77.58846290024452,12.981546243038567],[77.58846400839255,12.98154783735276],[77.58846516810182,12.981549404767435],[77.58846637937232,12.981550945282601],[77.58846764220407,12.981552458898252],[77.58846895659705,12.98155394561439],[77.58847032255127,12.98155540543102],[77.58847174006674,12.981556838348135],[77.58847320914343,12.981558244365743],[77.58847472978137,12.981559623483841],[77.5885028521828,12.981584458850188],[77.58850393409497,12.981585397869527],[77.58850502878596,12.981586315303135],[77.58850613625577,12.981587211151007],[77.58850725650441,12.981588085413147],[77.58850838953188,12.981588938089551],[77.58850953533818,12.981589769180223],[77.58851069392328,12.981590578685166],[77.58851186528723,12.981591366604373],[77.58851304942999,12.981592132937845],[77.5885142463516,12.981592877685587],[77.58851545605201,12.981593600847596],[77.58851667853125,12.981594302423872],[77.58851791378932,12.981594982414418],[77.58851916182621,12.981595640819231],[77.58852042264193,12.981596277638314],[77.58852169623647,12.981596892871664],[77.58852298260985,12.981597486519284],[77.58852428176203,12.981598058581174],[77.58852559369306,12.98159860905733],[77.5885269184029,12.981599137947759],[77.58852825589157,12.981599645252455],[77.58852960615907,12.98160013097142],[77.5885309692054,12.981600595104656],[77.58853234503054,12.98160103765216],[77.58855385423865,12.98160775636324],[77.58855517439125,12.981608148321055],[77.5885564915204,12.981608498512717],[77.58855780562612,12.981608806938238],[77.58855911670841,12.981609073597609],[77.58856042476727,12.981609298490842],[77.58856172980269,12.981609481617927],[77.58856303181469,12.981609622978866],[77.58856433080325,12.981609722573662],[77.58856562676839,12.981609780402312],[77.58856691971008,12.981609796464816],[77.58856820962835,12.98160977076118],[77.58856949652318,12.981609703291396],[77.58857078039458,12.981609594055472],[77.58857206124254,12.981609443053395],[77.58857333906708,12.981609250285178],[77.58857461386819,12.981609015750818],[77.58857588564587,12.98160873945031],[77.58857715440011,12.98160842138366],[77.58857842013091,12.98160806155086],[77.5885796828383,12.981607659951921],[77.58858094252224,12.981607216586832],[77.58858219918275,12.981606731455598],[77.58858345281983,12.981606204558215],[77.58858470343348,12.98160563589469],[77.5885982634335,12.981599235894992],[77.58859928438736,12.981598745171867],[77.5886002955932,12.981598241335556],[77.58860129705101,12.981597724386056],[77.58860228876082,12.981597194323367],[77.5886032707226,12.981596651147491],[77.58860424293636,12.981596094858427],[77.58860520540209,12.981595525456175],[77.5886061581198,12.981594942940736],[77.58860710108951,12.98159434731211],[77.58860803431118,12.981593738570293],[77.58860895778483,12.98159311671529],[77.58860987151046,12.981592481747098],[77.58861077548808,12.981591833665718],[77.58861166971766,12.98159117247115],[77.58861255419923,12.98159049816339],[77.58861342893277,12.981589810742445],[77.5886142939183,12.981589110208308],[77.58861514915581,12.981588396560984],[77.5886159946453,12.981587669800472],[77.58861683038675,12.981586929926769],[77.5886176563802,12.981586176939874],[77.58861847262561,12.981585410839791],[77.58861927912302,12.981584631626523],[77.5886200758724,12.981583839300063],[77.58863595526442,12.981567819383104],[77.58863703605647,12.981566701866624],[77.58863808025588,12.981565566946786],[77.58863908786266,12.981564414623588],[77.5886400588768,12.981563244897032],[77.58864099329831,12.98156205776712],[77.58864189112718,12.981560853233846],[77.58864275236343,12.981559631297213],[77.58864357700702,12.981558391957224],[77.58864436505799,12.98155713521387],[77.58864511651632,12.98155586106716],[77.58864583138201,12.98155456951709],[77.58864650965508,12.98155326056366],[77.58864715133551,12.981551934206866],[77.5886477564233,12.981550590446714],[77.58864832491845,12.9815492292832],[77.58864885682097,12.981547850716325],[77.58864935213086,12.981546454746084],[77.58864981084811,12.981545041372486],[77.58865023297273,12.981543610595523],[77.5886506185047,12.981542162415199],[77.58865096744404,12.98154069683151],[77.58865127979075,12.98153921384446],[77.58865155554483,12.981537713454042],[77.58865179470627,12.981536195660265],[77.58872032846429,12.981062528428408],[77.58872057128693,12.9810608020465],[77.58872080027513,12.981059075030169],[77.5887210154289,12.981057347379418],[77.58872121674823,12.981055619094242],[77.58872140423313,12.98105389017464],[77.58872157788358,12.981052160620619],[77.5887217376996,12.981050430432175],[77.58872188368119,12.981048699609305],[77.58872201582834,12.981046968152013],[77.58872213414105,12.981045236060298],[77.58872223861933,12.98104350333416],[77.58872232926316,12.981041769973597],[77.58872240607258,12.981040035978612],[77.58872246904754,12.981038301349205],[77.58872251818806,12.981036566085375],[77.58872255349416,12.981034830187118],[77.58872257496581,12.981033093654439],[77.58872258260304,12.981031356487335],[77.58872257640583,12.981029618685811],[77.58872255637418,12.981027880249867],[77.58872252250809,12.981026141179491],[77.58872247480757,12.981024401474697],[77.5887224132726,12.981022661135478],[77.5887223379032,12.981020920161837],[77.5887210979032,12.980994680161775],[77.58872090358865,12.98099186456573],[77.58872059347854,12.980989191288378],[77.58872016757287,12.98098666032973],[77.58871962587166,12.980984271689788],[77.58871896837489,12.980982025368556],[77.58871819508258,12.980979921366039],[77.58871730599472,12.980977959682239],[77.5887163011113,12.980976140317159],[77.58871518043233,12.980974463270805],[77.58871394395783,12.980972928543176],[77.58871259168775,12.980971536134271],[77.58871112362215,12.980970286044105],[77.58870953976097,12.980969178272671],[77.58870784010426,12.980968212819974],[77.58870602465198,12.980967389686015],[77.58870409340417,12.980966708870792],[77.58870204636081,12.980966170374312],[77.58869988352188,12.980965774196571],[77.58869760488741,12.980965520337572],[77.5886952104574,12.980965408797317],[77.58869270023183,12.980965439575805],[77.5886900742107,12.98096561267303],[77.58868733239404,12.980965928089002],[77.58868447478181,12.980966385823715],[77.58856312654088,12.980988399249767],[77.58855815271438,12.98098933322701],[77.58855320033322,12.980990326694142],[77.58854826939739,12.980991379651158],[77.5885433599069,12.980992492098059],[77.58853847186171,12.980993664034845],[77.58853360526186,12.980994895461514],[77.58852876010734,12.980996186378063],[77.58852393639815,12.980997536784495],[77.58851913413427,12.980998946680806],[77.58851435331572,12.981000416066998],[77.5885095939425,12.981001944943065],[77.58850485601461,12.981003533309012],[77.58850013953204,12.981005181164834],[77.5884954444948,12.98100688851053],[77.5884907709029,12.981008655346104],[77.58848611875631,12.981010481671545],[77.58848148805504,12.981012367486858],[77.58847687879911,12.981014312792043],[77.58847229098849,12.981016317587093],[77.58846772462321,12.98101838187201],[77.58846317970327,12.981020505646795],[77.58845865622864,12.981022688911443],[77.58845415419933,12.981024931665951],[77.58844967361536,12.981027233910323],[77.58844967361536,12.981027233910323]]}},{"type":"Feature","properties":{"id":2,"sourceSegments":9,"sourceLengthM":198.65119975837,"smoothLengthM":203.28647467263463,"sourceWays":["338941361","358318638","763048421"],"maxSourceTurnDeg":124.98096081395833,"corridorOutsideGroundM2":5.2856591178944905,"bodySamples":407,"failedBodySamples":33,"maxBodyOutsideGroundM2":2.072014776836734,"firstFailure":{"distanceAlongLoopM":177.31375554984103,"lngLat":[77.58867965712855,12.980967259780002],"bodyOutsideGroundM2":0.00026302575675713196},"failureRuns":[{"startDistanceM":177.31375554984103,"lngLat":[77.58867965712855,12.980967259780002],"nearestSourceWay":"358318638","nearestSourceSegment":0}],"groundCorridorPass":false},"geometry":{"type":"LineString","coordinates":[[77.58848802550975,12.981069148114493],[77.58844998830739,12.981415129173246],[77.5884498885435,12.98141620560693],[77.5884497887796,12.981417282040608],[77.5884496890157,12.981418358474281],[77.58844958925181,12.981419434907945],[77.58844948948791,12.98142051134161],[77.58844938972402,12.98142158777527],[77.58844928996012,12.981422664208925],[77.58844919019623,12.981423740642573],[77.58844909043233,12.981424817076217],[77.58844899066844,12.981425893509858],[77.58844889090454,12.981426969943493],[77.58844879114065,12.981428046377124],[77.58844869137675,12.981429122810749],[77.58844859161286,12.98143019924437],[77.58844849184896,12.981431275677988],[77.58844839208507,12.981432352111598],[77.58844829232117,12.981433428545204],[77.58844819255728,12.981434504978807],[77.58844809279339,12.981435581412406],[77.58844799302949,12.981436657846],[77.5884478932656,12.981437734279586],[77.5884477935017,12.98143881071317],[77.5884476937378,12.98143988714675],[77.58844759397391,12.981440963580326],[77.58844631397392,12.981457923580393],[77.58844623046167,12.981459104162578],[77.58844615815704,12.981460284334092],[77.58844609706003,12.981461464094938],[77.5884460471706,12.981462643445107],[77.5884460084888,12.981463822384606],[77.58844598101462,12.981465000913433],[77.58844596474802,12.981466179031587],[77.58844595968905,12.981467356739069],[77.58844596583768,12.98146853403588],[77.58844598319392,12.981469710922017],[77.58844601175777,12.981470887397482],[77.58844605152922,12.981472063462276],[77.58844610250829,12.981473239116395],[77.58844616469496,12.981474414359846],[77.58844623808923,12.981475589192623],[77.58844632269113,12.981476763614728],[77.58844641850062,12.981477937626163],[77.58844652551772,12.981479111226923],[77.58844664374244,12.981480284417012],[77.58844677317477,12.981481457196427],[77.58844691381469,12.981482629565175],[77.58844706566222,12.981483801523247],[77.58844722871737,12.981484973070648],[77.58844740298014,12.981486144207377],[77.5884524653728,12.981519100383757],[77.58845271576789,12.981520728062467],[77.58845296616298,12.981522355741165],[77.58845321655807,12.981523983419853],[77.58845346695315,12.981525611098533],[77.58845371734824,12.981527238777197],[77.58845396774333,12.981528866455854],[77.58845421813842,12.9815304941345],[77.58845446853351,12.981532121813137],[77.5884547189286,12.981533749491762],[77.58845496932369,12.981535377170376],[77.58845521971878,12.981537004848978],[77.58845547011387,12.981538632527572],[77.58845572050896,12.981540260206152],[77.58845597090405,12.981541887884722],[77.58845622129915,12.981543515563285],[77.58845647169424,12.981545143241833],[77.58845672208933,12.981546770920373],[77.58845697248442,12.981548398598902],[77.58845722287951,12.981550026277418],[77.5884574732746,12.981551653955925],[77.58845772366969,12.981553281634422],[77.58845797406478,12.98155490931291],[77.58845822445987,12.981556536991384],[77.58845847485496,12.98155816466985],[77.58847265152414,12.981650184142222],[77.58847311599479,12.981653023728688],[77.58847363146637,12.981655843858132],[77.5884741979389,12.981658644530558],[77.58847481541235,12.981661425745965],[77.58847548388677,12.981664187504359],[77.58847620336212,12.981666929805732],[77.58847697383841,12.981669652650089],[77.58847779531565,12.981672356037432],[77.58847866779382,12.981675039967758],[77.58847959127294,12.981677704441072],[77.58848056575302,12.981680349457372],[77.58848159123401,12.981682975016655],[77.58848266771597,12.981685581118928],[77.58848379519885,12.98168816776419],[77.5884849736827,12.98169073495244],[77.58848620316746,12.981693282683677],[77.58848748365318,12.981695810957905],[77.58848881513985,12.981698319775127],[77.58849019762745,12.981700809135337],[77.588491631116,12.981703279038538],[77.58849311560549,12.981705729484732],[77.58849465109591,12.981708160473916],[77.5884962375873,12.981710572006099],[77.58849787507961,12.981712964081272],[77.5885221950796,12.981747804080245],[77.58852489850777,12.981751533662944],[77.58852756007664,12.981754916768226],[77.58853017978622,12.981757953396105],[77.5885327576365,12.981760643546595],[77.5885352936275,12.981762987219707],[77.5885377877592,12.981764984415452],[77.5885402400316,12.981766635133834],[77.58854265044471,12.981767939374862],[77.58854501899853,12.981768897138547],[77.58854734569304,12.981769508424886],[77.58854963052828,12.98176977323388],[77.58855187350422,12.98176969156554],[77.58855407462086,12.981769263419856],[77.58855623387821,12.981768488796831],[77.58855835127626,12.981767367696458],[77.58856042681502,12.981765900118736],[77.58856246049449,12.981764086063658],[77.58856445231466,12.981761925531217],[77.58856640227555,12.981759418521403],[77.58856831037713,12.981756565034205],[77.58857017661943,12.981753365069611],[77.58857200100242,12.981749818627605],[77.58857378352613,12.981745925708182],[77.58857552419055,12.981741686311315],[77.58862607433569,12.981611980596014],[77.58862800524915,12.981606956477089],[77.58862988672034,12.981601919978733],[77.58863171874927,12.98159687110094],[77.58863350133592,12.981591809843716],[77.58863523448031,12.981586736207054],[77.58863691818243,12.981581650190954],[77.58863855244228,12.981576551795419],[77.58864013725986,12.981571441020444],[77.58864167263518,12.981566317866031],[77.58864315856823,12.981561182332179],[77.58864459505901,12.981556034418889],[77.58864598210752,12.981550874126153],[77.58864731971377,12.981545701453978],[77.58864860787776,12.981540516402363],[77.58864984659947,12.981535318971298],[77.58865103587891,12.981530109160794],[77.58865217571608,12.981524886970842],[77.588653266111,12.981519652401447],[77.58865430706363,12.981514405452605],[77.58865529857401,12.981509146124315],[77.58865624064211,12.981503874416576],[77.58865713326794,12.981498590329391],[77.58865797645151,12.981493293862753],[77.58865877019282,12.981487985016667],[77.58872032846429,12.981062528428408],[77.58872057128693,12.9810608020465],[77.58872080027513,12.981059075030169],[77.5887210154289,12.981057347379418],[77.58872121674823,12.981055619094242],[77.58872140423313,12.98105389017464],[77.58872157788358,12.981052160620619],[77.5887217376996,12.981050430432175],[77.58872188368119,12.981048699609305],[77.58872201582834,12.981046968152013],[77.58872213414105,12.981045236060298],[77.58872223861933,12.98104350333416],[77.58872232926316,12.981041769973597],[77.58872240607258,12.981040035978612],[77.58872246904754,12.981038301349205],[77.58872251818806,12.981036566085375],[77.58872255349416,12.981034830187118],[77.58872257496581,12.981033093654439],[77.58872258260304,12.981031356487335],[77.58872257640583,12.981029618685811],[77.58872255637418,12.981027880249867],[77.58872252250809,12.981026141179491],[77.58872247480757,12.981024401474697],[77.5887224132726,12.981022661135478],[77.5887223379032,12.981020920161837],[77.5887210979032,12.980994680161775],[77.58872090358865,12.98099186456573],[77.58872059347854,12.980989191288378],[77.58872016757287,12.98098666032973],[77.58871962587166,12.980984271689788],[77.58871896837489,12.980982025368556],[77.58871819508258,12.980979921366039],[77.58871730599472,12.980977959682239],[77.5887163011113,12.980976140317159],[77.58871518043233,12.980974463270805],[77.58871394395783,12.980972928543176],[77.58871259168775,12.980971536134271],[77.58871112362215,12.980970286044105],[77.58870953976097,12.980969178272671],[77.58870784010426,12.980968212819974],[77.58870602465198,12.980967389686015],[77.58870409340417,12.980966708870792],[77.58870204636081,12.980966170374312],[77.58869988352188,12.980965774196571],[77.58869760488741,12.980965520337572],[77.5886952104574,12.980965408797317],[77.58869270023183,12.980965439575805],[77.5886900742107,12.98096561267303],[77.58868733239404,12.980965928089002],[77.58868447478181,12.980966385823715],[77.58856505081289,12.980988050173277],[77.58855936710843,12.98098919777377],[77.58855389856194,12.980990539416075],[77.58854864517345,12.980992075100195],[77.58854360694293,12.980993804826118],[77.58853878387042,12.980995728593847],[77.58853417595587,12.980997846403373],[77.58852978319932,12.981000158254691],[77.58852560560076,12.981002664147798],[77.58852164316018,12.981005364082689],[77.58851789587759,12.981008258059354],[77.58851436375298,12.981011346077787],[77.58851104678635,12.981014628137983],[77.5885079449777,12.981018104239935],[77.58850505832706,12.981021774383628],[77.58850238683439,12.981025638569061],[77.58849993049971,12.981029696796222],[77.588497689323,12.981033949065102],[77.5884956633043,12.981038395375691],[77.58849385244358,12.981043035727978],[77.58849225674084,12.981047870121953],[77.58849087619609,12.981052898557603],[77.58848971080931,12.981058121034918],[77.58848876058053,12.981063537553887],[77.58848802550975,12.981069148114493],[77.58848802550975,12.981069148114493]]}},{"type":"Feature","properties":{"id":3,"sourceSegments":10,"sourceLengthM":167.4352620785021,"smoothLengthM":173.5506881394198,"sourceWays":["1092049622","338941361","358318638","763048421"],"maxSourceTurnDeg":97.90920055549334,"corridorOutsideGroundM2":5.877999566998934,"bodySamples":348,"failedBodySamples":45,"maxBodyOutsideGroundM2":2.0720159872873203,"firstFailure":{"distanceAlongLoopM":61.83990037151741,"lngLat":[77.58851936094284,12.98159574139005],"bodyOutsideGroundM2":0.0008651319923430765},"failureRuns":[{"startDistanceM":61.83990037151741,"lngLat":[77.58851936094284,12.98159574139005],"nearestSourceWay":"1092049622","nearestSourceSegment":2},{"startDistanceM":147.6178266932996,"lngLat":[77.58867929549479,12.980967325382922],"nearestSourceWay":"358318638","nearestSourceSegment":0}],"groundCorridorPass":false},"geometry":{"type":"LineString","coordinates":[[77.58848802550975,12.981069148114493],[77.58844998830739,12.981415129173246],[77.5884498885435,12.98141620560693],[77.5884497887796,12.981417282040608],[77.5884496890157,12.981418358474281],[77.58844958925181,12.981419434907945],[77.58844948948791,12.98142051134161],[77.58844938972402,12.98142158777527],[77.58844928996012,12.981422664208925],[77.58844919019623,12.981423740642573],[77.58844909043233,12.981424817076217],[77.58844899066844,12.981425893509858],[77.58844889090454,12.981426969943493],[77.58844879114065,12.981428046377124],[77.58844869137675,12.981429122810749],[77.58844859161286,12.98143019924437],[77.58844849184896,12.981431275677988],[77.58844839208507,12.981432352111598],[77.58844829232117,12.981433428545204],[77.58844819255728,12.981434504978807],[77.58844809279339,12.981435581412406],[77.58844799302949,12.981436657846],[77.5884478932656,12.981437734279586],[77.5884477935017,12.98143881071317],[77.5884476937378,12.98143988714675],[77.58844759397391,12.981440963580326],[77.58844631397392,12.981457923580393],[77.58844623046167,12.981459104162578],[77.58844615815704,12.981460284334092],[77.58844609706003,12.981461464094938],[77.5884460471706,12.981462643445107],[77.5884460084888,12.981463822384606],[77.58844598101462,12.981465000913433],[77.58844596474802,12.981466179031587],[77.58844595968905,12.981467356739069],[77.58844596583768,12.98146853403588],[77.58844598319392,12.981469710922017],[77.58844601175777,12.981470887397482],[77.58844605152922,12.981472063462276],[77.58844610250829,12.981473239116395],[77.58844616469496,12.981474414359846],[77.58844623808923,12.981475589192623],[77.58844632269113,12.981476763614728],[77.58844641850062,12.981477937626163],[77.58844652551772,12.981479111226923],[77.58844664374244,12.981480284417012],[77.58844677317477,12.981481457196427],[77.58844691381469,12.981482629565175],[77.58844706566222,12.981483801523247],[77.58844722871737,12.981484973070648],[77.58844740298014,12.981486144207377],[77.5884524653728,12.981519100383757],[77.58845280010223,12.981521098190715],[77.58845318639291,12.981523069098147],[77.58845362424483,12.981525013106058],[77.58845411365799,12.981526930214452],[77.58845465463239,12.981528820423325],[77.58845524716803,12.981530683732677],[77.5884558912649,12.98153252014251],[77.58845658692302,12.981534329652826],[77.58845733414238,12.981536112263624],[77.58845813292297,12.981537867974904],[77.5884589832648,12.98153959678667],[77.58845988516788,12.981541298698916],[77.58846083863219,12.98154297371165],[77.58846184365774,12.981544621824867],[77.58846290024452,12.981546243038567],[77.58846400839255,12.98154783735276],[77.58846516810182,12.981549404767435],[77.58846637937232,12.981550945282601],[77.58846764220407,12.981552458898252],[77.58846895659705,12.98155394561439],[77.58847032255127,12.98155540543102],[77.58847174006674,12.981556838348135],[77.58847320914343,12.981558244365743],[77.58847472978137,12.981559623483841],[77.5885028521828,12.981584458850188],[77.58850393409497,12.981585397869527],[77.58850502878596,12.981586315303135],[77.58850613625577,12.981587211151007],[77.58850725650441,12.981588085413147],[77.58850838953188,12.981588938089551],[77.58850953533818,12.981589769180223],[77.58851069392328,12.981590578685166],[77.58851186528723,12.981591366604373],[77.58851304942999,12.981592132937845],[77.5885142463516,12.981592877685587],[77.58851545605201,12.981593600847596],[77.58851667853125,12.981594302423872],[77.58851791378932,12.981594982414418],[77.58851916182621,12.981595640819231],[77.58852042264193,12.981596277638314],[77.58852169623647,12.981596892871664],[77.58852298260985,12.981597486519284],[77.58852428176203,12.981598058581174],[77.58852559369306,12.98159860905733],[77.5885269184029,12.981599137947759],[77.58852825589157,12.981599645252455],[77.58852960615907,12.98160013097142],[77.5885309692054,12.981600595104656],[77.58853234503054,12.98160103765216],[77.58855385423865,12.98160775636324],[77.58855517439125,12.981608148321055],[77.5885564915204,12.981608498512717],[77.58855780562612,12.981608806938238],[77.58855911670841,12.981609073597609],[77.58856042476727,12.981609298490842],[77.58856172980269,12.981609481617927],[77.58856303181469,12.981609622978866],[77.58856433080325,12.981609722573662],[77.58856562676839,12.981609780402312],[77.58856691971008,12.981609796464816],[77.58856820962835,12.98160977076118],[77.58856949652318,12.981609703291396],[77.58857078039458,12.981609594055472],[77.58857206124254,12.981609443053395],[77.58857333906708,12.981609250285178],[77.58857461386819,12.981609015750818],[77.58857588564587,12.98160873945031],[77.58857715440011,12.98160842138366],[77.58857842013091,12.98160806155086],[77.5885796828383,12.981607659951921],[77.58858094252224,12.981607216586832],[77.58858219918275,12.981606731455598],[77.58858345281983,12.981606204558215],[77.58858470343348,12.98160563589469],[77.5885982634335,12.981599235894992],[77.58859928438736,12.981598745171867],[77.5886002955932,12.981598241335556],[77.58860129705101,12.981597724386056],[77.58860228876082,12.981597194323367],[77.5886032707226,12.981596651147491],[77.58860424293636,12.981596094858427],[77.58860520540209,12.981595525456175],[77.5886061581198,12.981594942940736],[77.58860710108951,12.98159434731211],[77.58860803431118,12.981593738570293],[77.58860895778483,12.98159311671529],[77.58860987151046,12.981592481747098],[77.58861077548808,12.981591833665718],[77.58861166971766,12.98159117247115],[77.58861255419923,12.98159049816339],[77.58861342893277,12.981589810742445],[77.5886142939183,12.981589110208308],[77.58861514915581,12.981588396560984],[77.5886159946453,12.981587669800472],[77.58861683038675,12.981586929926769],[77.5886176563802,12.981586176939874],[77.58861847262561,12.981585410839791],[77.58861927912302,12.981584631626523],[77.5886200758724,12.981583839300063],[77.58863595526442,12.981567819383104],[77.58863703605647,12.981566701866624],[77.58863808025588,12.981565566946786],[77.58863908786266,12.981564414623588],[77.5886400588768,12.981563244897032],[77.58864099329831,12.98156205776712],[77.58864189112718,12.981560853233846],[77.58864275236343,12.981559631297213],[77.58864357700702,12.981558391957224],[77.58864436505799,12.98155713521387],[77.58864511651632,12.98155586106716],[77.58864583138201,12.98155456951709],[77.58864650965508,12.98155326056366],[77.58864715133551,12.981551934206866],[77.5886477564233,12.981550590446714],[77.58864832491845,12.9815492292832],[77.58864885682097,12.981547850716325],[77.58864935213086,12.981546454746084],[77.58864981084811,12.981545041372486],[77.58865023297273,12.981543610595523],[77.5886506185047,12.981542162415199],[77.58865096744404,12.98154069683151],[77.58865127979075,12.98153921384446],[77.58865155554483,12.981537713454042],[77.58865179470627,12.981536195660265],[77.58872032846429,12.981062528428408],[77.58872057128693,12.9810608020465],[77.58872080027513,12.981059075030169],[77.5887210154289,12.981057347379418],[77.58872121674823,12.981055619094242],[77.58872140423313,12.98105389017464],[77.58872157788358,12.981052160620619],[77.5887217376996,12.981050430432175],[77.58872188368119,12.981048699609305],[77.58872201582834,12.981046968152013],[77.58872213414105,12.981045236060298],[77.58872223861933,12.98104350333416],[77.58872232926316,12.981041769973597],[77.58872240607258,12.981040035978612],[77.58872246904754,12.981038301349205],[77.58872251818806,12.981036566085375],[77.58872255349416,12.981034830187118],[77.58872257496581,12.981033093654439],[77.58872258260304,12.981031356487335],[77.58872257640583,12.981029618685811],[77.58872255637418,12.981027880249867],[77.58872252250809,12.981026141179491],[77.58872247480757,12.981024401474697],[77.5887224132726,12.981022661135478],[77.5887223379032,12.981020920161837],[77.5887210979032,12.980994680161775],[77.58872090358865,12.98099186456573],[77.58872059347854,12.980989191288378],[77.58872016757287,12.98098666032973],[77.58871962587166,12.980984271689788],[77.58871896837489,12.980982025368556],[77.58871819508258,12.980979921366039],[77.58871730599472,12.980977959682239],[77.5887163011113,12.980976140317159],[77.58871518043233,12.980974463270805],[77.58871394395783,12.980972928543176],[77.58871259168775,12.980971536134271],[77.58871112362215,12.980970286044105],[77.58870953976097,12.980969178272671],[77.58870784010426,12.980968212819974],[77.58870602465198,12.980967389686015],[77.58870409340417,12.980966708870792],[77.58870204636081,12.980966170374312],[77.58869988352188,12.980965774196571],[77.58869760488741,12.980965520337572],[77.5886952104574,12.980965408797317],[77.58869270023183,12.980965439575805],[77.5886900742107,12.98096561267303],[77.58868733239404,12.980965928089002],[77.58868447478181,12.980966385823715],[77.58856505081289,12.980988050173277],[77.58855936710843,12.98098919777377],[77.58855389856194,12.980990539416075],[77.58854864517345,12.980992075100195],[77.58854360694293,12.980993804826118],[77.58853878387042,12.980995728593847],[77.58853417595587,12.980997846403373],[77.58852978319932,12.981000158254691],[77.58852560560076,12.981002664147798],[77.58852164316018,12.981005364082689],[77.58851789587759,12.981008258059354],[77.58851436375298,12.981011346077787],[77.58851104678635,12.981014628137983],[77.5885079449777,12.981018104239935],[77.58850505832706,12.981021774383628],[77.58850238683439,12.981025638569061],[77.58849993049971,12.981029696796222],[77.588497689323,12.981033949065102],[77.5884956633043,12.981038395375691],[77.58849385244358,12.981043035727978],[77.58849225674084,12.981047870121953],[77.58849087619609,12.981052898557603],[77.58848971080931,12.981058121034918],[77.58848876058053,12.981063537553887],[77.58848802550975,12.981069148114493],[77.58848802550975,12.981069148114493]]}},{"type":"Feature","properties":{"id":4,"sourceSegments":28,"sourceLengthM":1002.3853208684623,"smoothLengthM":1007.3252893110188,"sourceWays":["1249434050","1276833545","362206700","362206701","991536562"],"maxSourceTurnDeg":94.38174857062197,"corridorOutsideGroundM2":3.7367609039684844,"bodySamples":2015,"failedBodySamples":33,"maxBodyOutsideGroundM2":2.381604848765259,"firstFailure":{"distanceAlongLoopM":490.41494233950834,"lngLat":[77.59075845347611,12.977720137647903],"bodyOutsideGroundM2":0.0333809788333517},"failureRuns":[{"startDistanceM":490.41494233950834,"lngLat":[77.59075845347611,12.977720137647903],"nearestSourceWay":"991536562","nearestSourceSegment":5},{"startDistanceM":991.8279771677724,"lngLat":[77.5937890958909,12.980986323657401],"nearestSourceWay":"1276833545","nearestSourceSegment":0}],"groundCorridorPass":false},"geometry":{"type":"LineString","coordinates":[[77.59385594364973,12.980882831993982],[77.59383159096954,12.980855381445302],[77.59383029972172,12.980853951090198],[77.59382900847389,12.98085252073509],[77.59382771722605,12.98085109037997],[77.59382642597822,12.980849660024843],[77.5938251347304,12.980848229669709],[77.59382384348257,12.98084679931457],[77.59382255223473,12.980845368959416],[77.5938212609869,12.980843938604256],[77.59381996973907,12.980842508249088],[77.59381867849123,12.980841077893912],[77.5938173872434,12.980839647538726],[77.59381609599558,12.980838217183537],[77.59381480474775,12.980836786828336],[77.59381351349991,12.980835356473126],[77.59381222225208,12.98083392611791],[77.59381093100426,12.980832495762684],[77.59380963975642,12.980831065407449],[77.59380834850859,12.980829635052206],[77.59380705726076,12.980828204696957],[77.59380576601293,12.980826774341699],[77.5938044747651,12.980825343986432],[77.59380318351727,12.980823913631157],[77.59380189226944,12.980822483275874],[77.59380060102161,12.980821052920584],[77.5937798410216,12.980798452919792],[77.59377849819334,12.980797050778989],[77.59377715536509,12.980795648638175],[77.59377581253682,12.980794246497352],[77.59377446970856,12.980792844356525],[77.5937731268803,12.980791442215688],[77.59377178405204,12.980790040074842],[77.59377044122378,12.98078863793399],[77.59376909839551,12.98078723579313],[77.59376775556726,12.980785833652261],[77.593766412739,12.980784431511385],[77.59376506991073,12.980783029370501],[77.59376372708248,12.980781627229609],[77.5937623842542,12.98078022508871],[77.59376104142595,12.980778822947801],[77.5937596985977,12.980777420806888],[77.59375835576942,12.980776018665964],[77.59375701294117,12.980774616525032],[77.5937556701129,12.980773214384094],[77.59375432728464,12.980771812243145],[77.59375298445639,12.980770410102188],[77.59375164162812,12.980769007961227],[77.59375029879986,12.980767605820255],[77.59374895597159,12.980766203679275],[77.59374761314334,12.980764801538289],[77.59362644016079,12.98064342936987],[77.59362275355694,12.980639628626829],[77.5936190669531,12.980635827883729],[77.59361538034925,12.980632027140574],[77.5936116937454,12.98062822639736],[77.59360800714155,12.980624425654087],[77.59360432053771,12.980620624910754],[77.59360063393386,12.980616824167369],[77.59359694733003,12.98061302342392],[77.59359326072618,12.980609222680416],[77.59358957412233,12.980605421936852],[77.59358588751849,12.980601621193234],[77.59358220091464,12.980597820449553],[77.59357851431079,12.980594019705814],[77.59357482770695,12.980590218962021],[77.5935711411031,12.980586418218168],[77.59356745449925,12.980582617474255],[77.5935637678954,12.980578816730285],[77.59356008129156,12.980575015986258],[77.59355639468771,12.980571215242172],[77.59355270808388,12.980567414498028],[77.59354902148003,12.980563613753825],[77.59354533487618,12.980559813009567],[77.59354164827234,12.980556012265247],[77.59353796166849,12.98055221152087],[77.59341615195065,12.980422948813791],[77.59341249258618,12.980419095390294],[77.59340883322173,12.980415241966737],[77.59340517385728,12.980411388543118],[77.59340151449281,12.98040753511944],[77.59339785512836,12.980403681695703],[77.5933941957639,12.980399828271905],[77.59339053639944,12.980395974848049],[77.59338687703499,12.980392121424135],[77.59338321767054,12.980388268000157],[77.59337955830608,12.98038441457612],[77.59337589894162,12.980380561152023],[77.59337223957716,12.980376707727869],[77.59336858021271,12.980372854303655],[77.59336492084824,12.980369000879378],[77.59336126148379,12.980365147455046],[77.59335760211934,12.98036129403065],[77.59335394275487,12.980357440606195],[77.59335028339042,12.980353587181684],[77.59334662402597,12.980349733757109],[77.59334296466152,12.980345880332475],[77.59333930529705,12.980342026907783],[77.5933356459326,12.98033817348303],[77.59333198656815,12.980334320058217],[77.59332832720368,12.980330466633346],[77.5932473466466,12.980245846497638],[77.59324364974003,12.980242024984584],[77.59323995283346,12.980238203471469],[77.59323625592688,12.980234381958297],[77.59323255902032,12.980230560445063],[77.59322886211375,12.980226738931774],[77.59322516520717,12.980222917418427],[77.5932214683006,12.980219095905017],[77.59321777139402,12.980215274391552],[77.59321407448746,12.980211452878027],[77.59321037758089,12.980207631364443],[77.59320668067431,12.9802038098508],[77.59320298376774,12.980199988337098],[77.59319928686118,12.980196166823339],[77.5931955899546,12.980192345309522],[77.59319189304803,12.980188523795642],[77.59318819614145,12.980184702281704],[77.5931844992349,12.98018088076771],[77.59318080232832,12.980177059253656],[77.59317710542174,12.980173237739542],[77.59317340851517,12.98016941622537],[77.5931697116086,12.980165594711142],[77.59316601470204,12.980161773196851],[77.59316231779546,12.980157951682504],[77.59315862088889,12.9801541301681],[77.59307515485689,12.980068778168205],[77.5930714713693,12.980064962132937],[77.59306778788172,12.98006114609761],[77.59306410439413,12.980057330062223],[77.59306042090655,12.98005351402678],[77.59305673741896,12.980049697991277],[77.59305305393138,12.980045881955716],[77.5930493704438,12.980042065920097],[77.59304568695622,12.980038249884418],[77.59304200346864,12.980034433848678],[77.59303831998105,12.980030617812885],[77.59303463649347,12.980026801777031],[77.59303095300588,12.980022985741119],[77.5930272695183,12.980019169705146],[77.59302358603071,12.980015353669117],[77.59301990254313,12.980011537633029],[77.59301621905554,12.980007721596882],[77.59301253556796,12.980003905560675],[77.59300885208039,12.980000089524411],[77.5930051685928,12.979996273488089],[77.59300148510522,12.979992457451708],[77.59299780161763,12.979988641415268],[77.59299411813005,12.979984825378768],[77.59299043464246,12.979981009342213],[77.59298675115488,12.979977193305597],[77.59287791787776,12.979862966301061],[77.59287550460117,12.979860452162603],[77.59287309132458,12.97985793802412],[77.59287067804799,12.97985542388561],[77.59286826477141,12.979852909747073],[77.59286585149482,12.979850395608514],[77.59286343821823,12.979847881469931],[77.59286102494164,12.97984536733132],[77.59285861166505,12.97984285319268],[77.59285619838847,12.979840339054022],[77.59285378511188,12.979837824915336],[77.5928513718353,12.979835310776622],[77.5928489585587,12.979832796637883],[77.59284654528213,12.97983028249912],[77.59284413200554,12.979827768360332],[77.59284171872895,12.979825254221517],[77.59283930545236,12.97982274008268],[77.59283689217577,12.979820225943815],[77.59283447889919,12.979817711804925],[77.5928320656226,12.979815197666005],[77.59282965234601,12.979812683527067],[77.59282723906942,12.9798101693881],[77.59282482579285,12.979807655249108],[77.59282241251626,12.97980514111009],[77.59281999923967,12.979802626971047],[77.59278127923967,12.979762586969604],[77.59277885989601,12.97976008416081],[77.59277644055236,12.97975758135199],[77.59277402120871,12.979755078543144],[77.59277160186505,12.979752575734272],[77.5927691825214,12.979750072925377],[77.59276676317775,12.979747570116457],[77.59276434383409,12.97974506730751],[77.59276192449043,12.979742564498535],[77.59275950514679,12.97974006168954],[77.59275708580313,12.979737558880517],[77.59275466645947,12.979735056071469],[77.59275224711583,12.979732553262396],[77.59274982777217,12.979730050453302],[77.59274740842851,12.979727547644176],[77.59274498908486,12.979725044835027],[77.5927425697412,12.979722542025854],[77.59274015039755,12.979720039216655],[77.5927377310539,12.979717536407433],[77.59273531171024,12.97971503359818],[77.59273289236658,12.979712530788909],[77.59273047302294,12.979710027979607],[77.59272805367928,12.979707525170284],[77.59272563433562,12.979705022360934],[77.59272321499198,12.979702519551559],[77.59268406285321,12.97966200070425],[77.59268162488729,12.979659482107166],[77.59267918692137,12.97965696351005],[77.59267674895545,12.979654444912914],[77.59267431098955,12.97965192631575],[77.59267187302363,12.97964940771856],[77.59266943505772,12.979646889121344],[77.5926669970918,12.979644370524104],[77.59266455912588,12.97964185192684],[77.59266212115996,12.979639333329546],[77.59265968319406,12.97963681473223],[77.59265724522814,12.979634296134888],[77.59265480726222,12.979631777537518],[77.5926523692963,12.979629258940127],[77.59264993133039,12.979626740342706],[77.59264749336448,12.979624221745265],[77.59264505539856,12.97962170314779],[77.59264261743265,12.979619184550298],[77.59264017946673,12.979616665952776],[77.59263774150081,12.979614147355228],[77.5926353035349,12.979611628757658],[77.59263286556899,12.979609110160059],[77.59263042760307,12.979606591562439],[77.59262798963715,12.979604072964788],[77.59262555167123,12.979601554367116],[77.59225109660214,12.97921540018669],[77.59224740684279,12.979211582524046],[77.59224371708343,12.979207764861341],[77.5922400273241,12.979203947198574],[77.59223633756474,12.979200129535752],[77.59223264780539,12.97919631187287],[77.59222895804604,12.979192494209931],[77.59222526828668,12.979188676546935],[77.59222157852734,12.97918485888388],[77.59221788876799,12.979181041220762],[77.59221419900864,12.979177223557588],[77.59221050924928,12.979173405894354],[77.59220681948993,12.979169588231063],[77.59220312973059,12.979165770567713],[77.59219943997124,12.979161952904304],[77.59219575021189,12.979158135240837],[77.59219206045253,12.979154317577313],[77.59218837069318,12.979150499913727],[77.59218468093384,12.97914668225008],[77.59218099117449,12.97914286458638],[77.59217730141513,12.979139046922622],[77.59217361165578,12.979135229258802],[77.59216992189643,12.979131411594926],[77.59216623213709,12.979127593930988],[77.59216254237774,12.979123776266995],[77.59097058150797,12.977886401751114],[77.59096996448193,12.977885721876195],[77.5909693474559,12.977885042001274],[77.59096873042985,12.977884362126348],[77.5909681134038,12.977883682251422],[77.59096749637776,12.977883002376494],[77.59096687935171,12.977882322501564],[77.59096626232567,12.977881642626633],[77.59096564529962,12.9778809627517],[77.59096502827357,12.977880282876765],[77.59096441124753,12.977879603001828],[77.59096379422148,12.977878923126887],[77.59096317719545,12.977878243251947],[77.5909625601694,12.977877563377005],[77.59096194314336,12.977876883502063],[77.59096132611731,12.977876203627114],[77.59096070909126,12.977875523752164],[77.59096009206522,12.977874843877213],[77.59095947503917,12.977874164002262],[77.59095885801312,12.97787348412731],[77.59095824098708,12.977872804252351],[77.59095762396103,12.977872124377395],[77.590957006935,12.977871444502437],[77.59095638990895,12.977870764627474],[77.59095577288291,12.977870084752512],[77.5909458928829,12.97785852475212],[77.59094528255756,12.977857803437832],[77.59094467223223,12.977857082123538],[77.59094406190688,12.977856360809243],[77.59094345158154,12.977855639494944],[77.59094284125621,12.977854918180647],[77.59094223093086,12.977854196866348],[77.59094162060552,12.977853475552042],[77.59094101028019,12.977852754237738],[77.59094039995485,12.977852032923428],[77.5909397896295,12.977851311609118],[77.59093917930417,12.977850590294807],[77.59093856897883,12.977849868980494],[77.59093795865348,12.977849147666175],[77.59093734832815,12.977848426351859],[77.59093673800281,12.977847705037536],[77.59093612767747,12.977846983723218],[77.59093551735212,12.977846262408892],[77.59093490702679,12.977845541094567],[77.59093429670145,12.977844819780238],[77.5909336863761,12.977844098465907],[77.59093307605077,12.977843377151572],[77.59093246572543,12.977842655837238],[77.59093185540009,12.977841934522901],[77.59093124507476,12.97784121320856],[77.59084928427045,12.977743367890307],[77.59084830135903,12.9777422051435],[77.59084730868067,12.977741052055197],[77.59084630623533,12.977739908625399],[77.59084529402305,12.977738774854098],[77.5908442720438,12.977737650741297],[77.59084324029757,12.977736536287],[77.5908421987844,12.977735431491205],[77.59084114750426,12.977734336353908],[77.59084008645716,12.977733250875117],[77.5908390156431,12.977732175054825],[77.59083793506207,12.977731108893039],[77.59083684471409,12.977730052389752],[77.59083574459915,12.977729005544965],[77.59083463471724,12.977727968358685],[77.59083351506837,12.977726940830905],[77.59083238565253,12.977725922961628],[77.59083124646973,12.977724914750858],[77.59083009751998,12.977723916198585],[77.59082893880326,12.977722927304818],[77.59082777031958,12.977721948069552],[77.59082659206894,12.977720978492794],[77.59082540405133,12.977720018574534],[77.59082420626677,12.97771906831478],[77.59082299871524,12.977718127713528],[77.59080511871524,12.97770432771296],[77.59080318834081,12.97770290541971],[77.59080127782309,12.97770163363841],[77.59079938716208,12.977700512369077],[77.59079751635777,12.977699541611702],[77.59079566541017,12.977698721366295],[77.59079383431929,12.97769805163285],[77.5907920230851,12.977697532411373],[77.59079023170763,12.977697163701864],[77.59078846018686,12.977696945504324],[77.5907867085228,12.977696877818753],[77.59078497671544,12.977696960645149],[77.5907832647648,12.977697193983518],[77.59078157267086,12.977697577833853],[77.59077990043363,12.977698112196155],[77.59077824805311,12.977698797070424],[77.59077661552931,12.97769963245666],[77.5907750028622,12.977700618354858],[77.5907734100518,12.97770175476502],[77.5907718370981,12.977703041687139],[77.59077028400112,12.97770447912122],[77.59076875076086,12.97770606706725],[77.59076723737728,12.97770780552524],[77.59076574385043,12.977709694495173],[77.59076427018027,12.977711733977056],[77.59070800012908,12.977793030000726],[77.59070696062108,12.977794589748529],[77.59070600691244,12.977796141380525],[77.59070513900318,12.977797684896716],[77.59070435689328,12.977799220297099],[77.59070366058276,12.977800747581677],[77.59070305007161,12.977802266750448],[77.59070252535984,12.977803777803413],[77.59070208644744,12.97780528074057],[77.59070173333441,12.977806775561923],[77.59070146602076,12.977808262267471],[77.59070128450647,12.977809740857209],[77.59070118879156,12.977811211331145],[77.59070117887602,12.977812673689273],[77.59070125475986,12.977814127931596],[77.59070141644307,12.977815574058116],[77.59070166392564,12.97781701206883],[77.5907019972076,12.97781844196374],[77.59070241628892,12.977819863742841],[77.59070292116962,12.977821277406143],[77.5907035118497,12.977822682953638],[77.59070418832914,12.977824080385329],[77.59070495060796,12.977825469701216],[77.59070579868614,12.977826850901298],[77.5907067325637,12.977828223985576],[77.5907168925637,12.97784246398515],[77.59071756918947,12.977843360214042],[77.59071824581524,12.977844256442934],[77.59071892244101,12.97784515267182],[77.59071959906677,12.977846048900702],[77.59072027569255,12.977846945129583],[77.5907209523183,12.977847841358459],[77.59072162894408,12.977848737587333],[77.59072230556984,12.977849633816202],[77.59072298219562,12.97785053004507],[77.59072365882139,12.977851426273933],[77.59072433544715,12.977852322502795],[77.59072501207292,12.97785321873165],[77.59072568869868,12.977854114960506],[77.59072636532446,12.977855011189355],[77.59072704195023,12.977855907418204],[77.59072771857599,12.977856803647047],[77.59072839520177,12.977857699875889],[77.59072907182752,12.977858596104726],[77.5907297484533,12.977859492333563],[77.59073042507907,12.97786038856239],[77.59073110170483,12.977861284791222],[77.5907317783306,12.977862181020045],[77.59073245495637,12.977863077248866],[77.59073313158214,12.977863973477685],[77.59078443661765,12.977928255669967],[77.59078672887645,12.977930849398135],[77.59078902113524,12.977933443126279],[77.59079131339402,12.977936036854393],[77.59079360565282,12.97793863058248],[77.5907958979116,12.97794122431054],[77.5907981901704,12.977943818038575],[77.59080048242919,12.977946411766581],[77.59080277468797,12.97794900549456],[77.59080506694677,12.977951599222513],[77.59080735920556,12.97795419295044],[77.59080965146435,12.977956786678336],[77.59081194372314,12.97795938040621],[77.59081423598194,12.977961974134054],[77.59081652824072,12.97796456786187],[77.5908188204995,12.97796716158966],[77.5908211127583,12.977969755317423],[77.59082340501709,12.977972349045158],[77.59082569727589,12.977974942772867],[77.59082798953467,12.97797753650055],[77.59083028179346,12.977980130228204],[77.59083257405226,12.977982723955833],[77.59083486631104,12.977985317683432],[77.59083715856984,12.977987911411006],[77.59083945082862,12.977990505138552],[77.5915137599617,12.978680600770707],[77.59151742201539,12.978684429845725],[77.59152108406909,12.978688258920682],[77.59152474612279,12.978692087995583],[77.59152840817649,12.978695917070423],[77.59153207023017,12.97869974614521],[77.59153573228387,12.978703575219933],[77.59153939433757,12.978707404294596],[77.59154305639126,12.978711233369202],[77.59154671844496,12.978715062443749],[77.59155038049866,12.978718891518234],[77.59155404255235,12.978722720592668],[77.59155770460605,12.978726549667034],[77.59156136665975,12.978730378741346],[77.59156502871345,12.978734207815597],[77.59156869076713,12.978738036889789],[77.59157235282083,12.978741865963922],[77.59157601487453,12.978745695037999],[77.59157967692822,12.978749524112017],[77.59158333898192,12.978753353185972],[77.59158700103562,12.97875718225987],[77.5915906630893,12.978761011333708],[77.591594325143,12.978764840407486],[77.5915979871967,12.978768669481209],[77.5916016492504,12.978772498554871],[77.59169167686497,12.978868677121072],[77.59169532963885,12.978872538536038],[77.59169898241272,12.978876399950941],[77.5917026351866,12.97888026136579],[77.59170628796048,12.978884122780576],[77.59170994073436,12.9788879841953],[77.59171359350825,12.978891845609965],[77.59171724628212,12.978895707024572],[77.591720899056,12.978899568439116],[77.59172455182987,12.978903429853602],[77.59172820460375,12.978907291268026],[77.59173185737764,12.978911152682395],[77.59173551015151,12.978915014096701],[77.59173916292539,12.978918875510946],[77.59174281569926,12.978922736925131],[77.59174646847315,12.978926598339259],[77.59175012124703,12.978930459753325],[77.5917537740209,12.97893432116733],[77.59175742679479,12.978938182581274],[77.59176107956866,12.978942043995161],[77.59176473234254,12.978945905408988],[77.59176838511642,12.978949766822753],[77.5917720378903,12.978953628236459],[77.59177569066418,12.978957489650107],[77.59177934343805,12.978961351063692],[77.59235597550035,12.979564531053837],[77.59235927809277,12.979567985922047],[77.5923625806852,12.979571440790211],[77.59236588327764,12.979574895658326],[77.59236918587007,12.979578350526392],[77.59237248846249,12.97958180539441],[77.59237579105492,12.979585260262382],[77.59237909364735,12.979588715130307],[77.59238239623978,12.97959216999818],[77.5923856988322,12.97959562486601],[77.59238900142464,12.979599079733786],[77.59239230401707,12.979602534601518],[77.59239560660949,12.979605989469203],[77.59239890920192,12.979609444336834],[77.59240221179435,12.979612899204424],[77.59240551438678,12.979616354071961],[77.5924088169792,12.979619808939454],[77.59241211957163,12.979623263806895],[77.59241542216407,12.979626718674291],[77.5924187247565,12.979630173541636],[77.59242202734892,12.979633628408934],[77.59242532994135,12.979637083276186],[77.59242863253378,12.979640538143387],[77.5924319351262,12.979643993010544],[77.59243523771863,12.979647447877648],[77.59248807771864,12.979702727875674],[77.59249147791887,12.97970612493547],[77.5924948781191,12.97970952199522],[77.59249827831933,12.979712919054922],[77.59250167851957,12.979716316114581],[77.5925050787198,12.979719713174191],[77.59250847892002,12.979723110233753],[77.59251187912027,12.97972650729327],[77.5925152793205,12.979729904352741],[77.59251867952072,12.979733301412166],[77.59252207972095,12.979736698471545],[77.59252547992119,12.979740095530877],[77.59252888012142,12.979743492590162],[77.59253228032165,12.979746889649398],[77.59253568052189,12.97975028670859],[77.59253908072212,12.979753683767735],[77.59254248092235,12.979757080826834],[77.59254588112258,12.979760477885888],[77.59254928132282,12.979763874944895],[77.59255268152305,12.979767272003857],[77.59255608172327,12.97977066906277],[77.59255948192352,12.979774066121639],[77.59256288212374,12.97977746318046],[77.59256628232397,12.979780860239234],[77.5925696825242,12.979784257297963],[77.59268697795723,12.979896174303054],[77.5926906661818,12.97989994084048],[77.59269435440636,12.979903707377845],[77.59269804263093,12.979907473915155],[77.5927017308555,12.979911240452406],[77.59270541908006,12.979915006989602],[77.59270910730463,12.979918773526741],[77.5927127955292,12.97992254006382],[77.59271648375375,12.979926306600845],[77.59272017197831,12.979930073137812],[77.59272386020288,12.979933839674722],[77.59272754842745,12.979937606211577],[77.59273123665201,12.979941372748375],[77.59273492487658,12.979945139285112],[77.59273861310115,12.979948905821793],[77.59274230132571,12.979952672358419],[77.59274598955028,12.979956438894986],[77.59274967777485,12.979960205431498],[77.5927533659994,12.979963971967951],[77.59275705422397,12.979967738504346],[77.59276074244853,12.979971505040686],[77.5927644306731,12.979975271576969],[77.59276811889767,12.979979038113193],[77.59277180712223,12.979982804649364],[77.5927754953468,12.979986571185472],[77.59295862494616,12.980186781985376],[77.59296227434051,12.980190659071113],[77.59296592373485,12.980194536156786],[77.59296957312918,12.980198413242402],[77.59297322252353,12.980202290327954],[77.59297687191787,12.98020616741345],[77.5929805213122,12.98021004449888],[77.59298417070654,12.980213921584255],[77.59298782010089,12.980217798669567],[77.59299146949522,12.980221675754816],[77.59299511888956,12.980225552840011],[77.5929987682839,12.98022942992514],[77.59300241767824,12.980233307010213],[77.59300606707258,12.98023718409522],[77.59300971646692,12.98024106118017],[77.59301336586125,12.980244938265058],[77.5930170152556,12.980248815349887],[77.59302066464994,12.980252692434654],[77.59302431404429,12.980256569519362],[77.59302796343862,12.980260446604008],[77.59303161283296,12.980264323688594],[77.5930352622273,12.980268200773121],[77.59303891162163,12.980272077857586],[77.59304256101598,12.980275954941993],[77.59304621041032,12.980279832026335],[77.59315472560756,12.98039186901094],[77.59315841780739,12.98039568593435],[77.59316211000721,12.980399502857699],[77.59316580220703,12.98040331978099],[77.59316949440685,12.980407136704226],[77.59317318660668,12.9804109536274],[77.5931768788065,12.980414770550519],[77.59318057100633,12.980418587473574],[77.59318426320614,12.980422404396574],[77.59318795540597,12.980426221319513],[77.59319164760579,12.980430038242398],[77.59319533980562,12.98043385516522],[77.59319903200544,12.980437672087985],[77.59320272420526,12.98044148901069],[77.59320641640508,12.98044530593334],[77.59321010860491,12.980449122855928],[77.59321380080473,12.98045293977846],[77.59321749300456,12.98045675670093],[77.59322118520437,12.980460573623343],[77.5932248774042,12.980464390545697],[77.59322856960402,12.980468207467991],[77.59323226180385,12.980472024390231],[77.59323595400367,12.980475841312408],[77.59323964620349,12.980479658234529],[77.59324333840331,12.98048347515659],[77.59341967408876,12.980666001556031],[77.59342334347532,12.980669833613938],[77.59342701286188,12.980673665671786],[77.59343068224844,12.980677497729573],[77.593434351635,12.980681329787306],[77.59343802102156,12.980685161844976],[77.59344169040811,12.98068899390259],[77.59344535979467,12.98069282596014],[77.59344902918123,12.980696658017635],[77.59345269856779,12.980700490075069],[77.59345636795435,12.980704322132446],[77.5934600373409,12.98070815418976],[77.59346370672746,12.98071198624702],[77.59346737611402,12.980715818304219],[77.59347104550056,12.980719650361358],[77.59347471488712,12.980723482418439],[77.59347838427368,12.980727314475457],[77.59348205366024,12.980731146532419],[77.5934857230468,12.980734978589325],[77.59348939243336,12.980738810646168],[77.59349306181991,12.980742642702955],[77.59349673120647,12.980746474759679],[77.59350040059303,12.980750306816345],[77.59350406997959,12.980754138872953],[77.59350773936615,12.980757970929503],[77.59360223076438,12.980857531248242],[77.59360501194077,12.980860431676172],[77.59360779311716,12.980863332104068],[77.59361057429354,12.98086623253193],[77.59361335546993,12.980869132959759],[77.59361613664632,12.980872033387552],[77.59361891782271,12.980874933815311],[77.5936216989991,12.980877834243039],[77.59362448017549,12.980880734670732],[77.59362726135188,12.980883635098388],[77.59363004252828,12.980886535526011],[77.59363282370467,12.980889435953605],[77.59363560488106,12.980892336381162],[77.59363838605745,12.980895236808687],[77.59364116723384,12.980898137236174],[77.59364394841023,12.98090103766363],[77.59364672958662,12.980903938091053],[77.59364951076302,12.980906838518441],[77.5936522919394,12.980909738945796],[77.5936550731158,12.980912639373114],[77.59365785429218,12.9809155398004],[77.59366063546857,12.980918440227653],[77.59366341664496,12.980921340654872],[77.59366619782135,12.980924241082056],[77.59366897899774,12.98092714150921],[77.59371845216894,12.98097820915806],[77.59372147819366,12.980981198125559],[77.59372452269085,12.980983936994795],[77.59372758566055,12.980986425765774],[77.59373066710273,12.98098866443851],[77.59373376701741,12.980990653013],[77.59373688540457,12.980992391489258],[77.59374002226423,12.980993879867281],[77.59374317759638,12.980995118147082],[77.59374635140102,12.980996106328659],[77.59374954367816,12.98099684441202],[77.59375275442778,12.980997332397164],[77.5937559836499,12.98099757028409],[77.5937592313445,12.980997558072804],[77.59376249751162,12.980997295763302],[77.59376578215121,12.980996783355586],[77.59376908526329,12.980996020849654],[77.59377240684786,12.9809950082455],[77.59377574690492,12.980993745543124],[77.59377910543449,12.980992232742524],[77.59378248243654,12.980990469843693],[77.59378587791107,12.980988456846626],[77.59378929185812,12.980986193751315],[77.59379272427763,12.980983680557758],[77.59379617516966,12.980980917265944],[77.59385058698686,12.980935497015015],[77.5938529857842,12.980933410950005],[77.59385519539865,12.980931315466663],[77.59385721583023,12.98092921056498],[77.59385904707892,12.980927096244972],[77.59386068914476,12.980924972506623],[77.59386214202772,12.980922839349939],[77.59386340572782,12.980920696774918],[77.59386448024503,12.980918544781563],[77.59386536557936,12.980916383369873],[77.59386606173084,12.980914212539844],[77.59386656869943,12.98091203229148],[77.59386688648516,12.980909842624776],[77.59386701508801,12.980907643539737],[77.59386695450797,12.98090543503636],[77.59386670474508,12.980903217114648],[77.5938662657993,12.980900989774595],[77.59386563767067,12.980898753016204],[77.59386482035916,12.980896506839477],[77.59386381386477,12.980894251244408],[77.5938626181875,12.980891986231002],[77.59386123332737,12.980889711799255],[77.59385965928436,12.98088742794917],[77.59385789605848,12.980885134680747],[77.59385594364973,12.980882831993982],[77.59385594364973,12.980882831993982]]}}]}